timestamp,agent,inicioNegociacion,finNegociacion,conversationId,content, duracion, ganador, refusesRecibidas, proposesRecibidas, informRecibidos, cancelRecibidos
2025-03-06 11:18:48.941,PA04,1741270728878,1741270728940,CNP-1741270728850,recibi inform. ganador acepto,62,Truck5,12,3,1,0
2025-03-06 11:18:48.941,PA03,1741270728878,1741270728940,CNP-1741270728850,recibi cancel,62,Truck5,13,2,0,1
2025-03-06 11:18:48.942,PA05,1741270728878,1741270728942,CNP-1741270728850,recibi inform. ganador acepto,64,Truck1,11,4,1,0
2025-03-06 11:18:48.943,PA01,1741270728878,1741270728943,CNP-1741270728850,recibi cancel,65,Truck1,13,2,0,1
2025-03-06 11:18:48.945,PA02,1741270728878,1741270728945,CNP-1741270728854,recibi inform. ganador acepto,67,Truck8,12,3,1,0
2025-03-06 11:18:50.929,PA01,1741270730891,1741270730929,CNP-1741270730889,recibi inform. ganador acepto,38,Truck13,1,14,1,0
2025-03-06 11:18:50.930,PA02,1741270730891,1741270730930,CNP-1741270730889,recibi inform. ganador acepto,39,Truck12,1,14,1,0
2025-03-06 11:18:50.931,PA03,1741270730891,1741270730931,CNP-1741270730889,recibi cancel,40,Truck13,1,14,0,1
2025-03-06 11:18:50.931,PA04,1741270730897,1741270730931,CNP-1741270730889,recibi cancel,34,Truck13,2,13,0,1
2025-03-06 11:18:50.931,PA05,1741270730894,1741270730931,CNP-1741270730889,recibi inform. ganador acepto,37,Truck4,4,11,1,0
2025-03-06 11:18:52.928,PA01,1741270732896,1741270732928,CNP-1741270732895,No hubieron propuestas,32,null,0,15,0,0
2025-03-06 11:18:52.930,PA03,1741270732907,1741270732929,CNP-1741270732904,No hubieron propuestas,22,null,0,15,0,0
2025-03-06 11:18:52.930,PA04,1741270732906,1741270732930,CNP-1741270732905,No hubieron propuestas,24,null,0,15,0,0
2025-03-06 11:18:52.931,PA05,1741270732896,1741270732931,CNP-1741270732895,recibi inform. ganador acepto,35,Truck0,4,11,1,0
2025-03-06 11:18:52.931,PA02,1741270732897,1741270732931,CNP-1741270732896,recibi cancel,34,Truck0,1,14,0,1
2025-03-06 11:18:54.938,PA02,1741270734903,1741270734938,CNP-1741270734902,No hubieron propuestas,35,null,0,15,0,0
2025-03-06 11:18:54.940,PA04,1741270734924,1741270734940,CNP-1741270734920,No hubieron propuestas,16,null,0,15,0,0
2025-03-06 11:18:54.940,PA03,1741270734913,1741270734940,CNP-1741270734912,No hubieron propuestas,27,null,0,15,0,0
2025-03-06 11:18:54.940,PA05,1741270734903,1741270734940,CNP-1741270734902,recibi inform. ganador acepto,37,Truck3,1,14,1,0
2025-03-06 11:18:54.941,PA01,1741270734923,1741270734940,CNP-1741270734911,No hubieron propuestas,17,null,0,15,0,0
2025-03-06 11:18:56.927,PA05,1741270736911,1741270736927,CNP-1741270736910,No hubieron propuestas,16,null,0,15,0,0
2025-03-06 11:18:56.929,PA02,1741270736911,1741270736929,CNP-1741270736910,recibi inform. ganador acepto,18,Truck6,1,14,1,0
2025-03-06 11:18:56.941,PA03,1741270736927,1741270736941,CNP-1741270736927,No hubieron propuestas,14,null,0,15,0,0
2025-03-06 11:18:56.942,PA04,1741270736930,1741270736941,CNP-1741270736929,No hubieron propuestas,11,null,0,15,0,0
2025-03-06 11:18:56.942,PA01,1741270736931,1741270736942,CNP-1741270736931,No hubieron propuestas,11,null,0,15,0,0
2025-03-06 11:18:58.936,PA05,1741270738918,1741270738935,CNP-1741270738916,No hubieron propuestas,17,null,0,15,0,0
2025-03-06 11:18:58.937,PA03,1741270738929,1741270738937,CNP-1741270738928,No hubieron propuestas,8,null,0,15,0,0
2025-03-06 11:18:58.937,PA04,1741270738932,1741270738937,CNP-1741270738931,No hubieron propuestas,5,null,0,15,0,0
2025-03-06 11:18:58.937,PA02,1741270738918,1741270738937,CNP-1741270738916,recibi inform. ganador acepto,19,Truck10,1,14,1,0
2025-03-06 11:18:58.942,PA01,1741270738939,1741270738942,CNP-1741270738939,No hubieron propuestas,3,null,0,15,0,0
2025-03-06 11:19:00.938,PA05,1741270740922,1741270740937,CNP-1741270740921,No hubieron propuestas,15,null,0,15,0,0
2025-03-06 11:19:00.938,PA02,1741270740922,1741270740938,CNP-1741270740921,recibi inform. ganador acepto,16,Truck8,1,14,1,0
2025-03-06 11:19:00.939,PA03,1741270740933,1741270740939,CNP-1741270740932,No hubieron propuestas,6,null,0,15,0,0
2025-03-06 11:19:00.939,PA04,1741270740936,1741270740939,CNP-1741270740935,No hubieron propuestas,3,null,0,15,0,0
2025-03-06 11:19:00.944,PA01,1741270740941,1741270740944,CNP-1741270740941,No hubieron propuestas,3,null,0,15,0,0
2025-03-06 11:19:02.959,PA05,1741270742930,1741270742959,CNP-1741270742929,No hubieron propuestas,29,null,0,15,0,0
2025-03-06 11:19:02.959,PA03,1741270742937,1741270742959,CNP-1741270742937,No hubieron propuestas,22,null,0,15,0,0
2025-03-06 11:19:02.959,PA02,1741270742930,1741270742959,CNP-1741270742929,No hubieron propuestas,29,null,0,15,0,0
2025-03-06 11:19:02.960,PA04,1741270742938,1741270742959,CNP-1741270742938,No hubieron propuestas,21,null,0,15,0,0
2025-03-06 11:19:02.960,PA01,1741270742945,1741270742960,CNP-1741270742944,No hubieron propuestas,15,null,1,14,0,0
2025-03-06 11:19:04.959,PA05,1741270744933,1741270744959,CNP-1741270744932,No hubieron propuestas,26,null,0,15,0,0
2025-03-06 11:19:04.959,PA02,1741270744934,1741270744959,CNP-1741270744934,No hubieron propuestas,25,null,1,14,0,0
2025-03-06 11:19:04.960,PA04,1741270744947,1741270744960,CNP-1741270744947,No hubieron propuestas,13,null,0,15,0,0
2025-03-06 11:19:04.960,PA03,1741270744947,1741270744960,CNP-1741270744947,No hubieron propuestas,13,null,0,15,0,0
2025-03-06 11:19:04.960,PA01,1741270744949,1741270744960,CNP-1741270744948,No hubieron propuestas,11,null,0,15,0,0
2025-03-06 11:19:06.959,PA02,1741270746942,1741270746959,CNP-1741270746941,No hubieron propuestas,17,null,2,13,0,0
2025-03-06 11:19:06.961,PA05,1741270746942,1741270746961,CNP-1741270746941,No hubieron propuestas,19,null,0,15,0,0
2025-03-06 11:19:06.962,PA03,1741270746953,1741270746962,CNP-1741270746953,No hubieron propuestas,9,null,0,15,0,0
2025-03-06 11:19:06.962,PA01,1741270746957,1741270746962,CNP-1741270746957,No hubieron propuestas,5,null,0,15,0,0
2025-03-06 11:19:06.962,PA04,1741270746953,1741270746962,CNP-1741270746953,recibi inform. ganador acepto,9,Truck9,1,14,1,0
2025-03-06 11:19:08.966,PA02,1741270748947,1741270748965,CNP-1741270748946,No hubieron propuestas,18,null,1,14,0,0
2025-03-06 11:19:08.967,PA04,1741270748955,1741270748966,CNP-1741270748955,No hubieron propuestas,11,null,0,15,0,0
2025-03-06 11:19:08.967,PA03,1741270748960,1741270748967,CNP-1741270748959,No hubieron propuestas,7,null,0,15,0,0
2025-03-06 11:19:08.967,PA05,1741270748947,1741270748967,CNP-1741270748946,No hubieron propuestas,20,null,1,14,0,0
2025-03-06 11:19:08.967,PA01,1741270748961,1741270748967,CNP-1741270748960,No hubieron propuestas,6,null,0,15,0,0
2025-03-06 11:19:10.970,PA02,1741270750951,1741270750969,CNP-1741270750950,No hubieron propuestas,18,null,0,15,0,0
2025-03-06 11:19:10.970,PA05,1741270750951,1741270750970,CNP-1741270750950,No hubieron propuestas,19,null,0,15,0,0
2025-03-06 11:19:10.970,PA01,1741270750964,1741270750970,CNP-1741270750963,No hubieron propuestas,6,null,0,15,0,0
2025-03-06 11:19:10.970,PA04,1741270750962,1741270750970,CNP-1741270750961,No hubieron propuestas,8,null,1,14,0,0
2025-03-06 11:19:10.970,PA03,1741270750964,1741270750970,CNP-1741270750963,No hubieron propuestas,6,null,0,15,0,0
2025-03-06 11:19:12.976,PA05,1741270752953,1741270752976,CNP-1741270752952,No hubieron propuestas,23,null,1,14,0,0
2025-03-06 11:19:12.976,PA01,1741270752970,1741270752976,CNP-1741270752969,No hubieron propuestas,6,null,1,14,0,0
2025-03-06 11:19:12.976,PA02,1741270752954,1741270752976,CNP-1741270752953,No hubieron propuestas,22,null,0,15,0,0
2025-03-06 11:19:12.976,PA04,1741270752970,1741270752976,CNP-1741270752969,No hubieron propuestas,6,null,0,15,0,0
2025-03-06 11:19:12.977,PA03,1741270752970,1741270752977,CNP-1741270752969,recibi inform. ganador acepto,7,Truck11,2,13,1,0
2025-03-06 11:19:14.974,PA02,1741270754957,1741270754974,CNP-1741270754956,No hubieron propuestas,17,null,0,15,0,0
2025-03-06 11:19:14.977,PA04,1741270754972,1741270754977,CNP-1741270754972,No hubieron propuestas,5,null,0,15,0,0
2025-03-06 11:19:14.977,PA05,1741270754957,1741270754977,CNP-1741270754956,No hubieron propuestas,20,null,0,15,0,0
2025-03-06 11:19:14.978,PA01,1741270754974,1741270754978,CNP-1741270754974,No hubieron propuestas,4,null,0,15,0,0
2025-03-06 11:19:14.978,PA03,1741270754972,1741270754978,CNP-1741270754972,recibi inform. ganador acepto,6,Truck14,1,14,1,0
2025-03-06 11:19:16.971,PA02,1741270756959,1741270756971,CNP-1741270756959,No hubieron propuestas,12,null,0,15,0,0
2025-03-06 11:19:17.002,PA03,1741270756976,1741270757002,CNP-1741270756975,No hubieron propuestas,26,null,0,15,0,0
2025-03-06 11:19:17.002,PA04,1741270756976,1741270757002,CNP-1741270756973,No hubieron propuestas,26,null,0,15,0,0
2025-03-06 11:19:17.002,PA01,1741270756990,1741270757002,CNP-1741270756978,No hubieron propuestas,12,null,0,15,0,0
2025-03-06 11:19:17.003,PA05,1741270756969,1741270757003,CNP-1741270756966,recibi inform. ganador acepto,34,Truck6,1,14,1,0
2025-03-06 11:19:18.967,PA02,1741270758961,1741270758967,CNP-1741270758961,No hubieron propuestas,6,null,0,15,0,0
2025-03-06 11:19:18.988,PA03,1741270758978,1741270758988,CNP-1741270758978,No hubieron propuestas,10,null,0,15,0,0
2025-03-06 11:19:18.988,PA05,1741270758973,1741270758988,CNP-1741270758973,No hubieron propuestas,15,null,0,15,0,0
2025-03-06 11:19:18.988,PA04,1741270758985,1741270758988,CNP-1741270758984,No hubieron propuestas,3,null,0,15,0,0
2025-03-06 11:19:18.995,PA01,1741270758993,1741270758995,CNP-1741270758993,No hubieron propuestas,2,null,0,15,0,0
2025-03-06 11:19:20.968,PA02,1741270760965,1741270760968,CNP-1741270760964,No hubieron propuestas,3,null,0,15,0,0
2025-03-06 11:19:20.992,PA05,1741270760976,1741270760991,CNP-1741270760976,No hubieron propuestas,15,null,0,15,0,0
2025-03-06 11:19:20.992,PA04,1741270760988,1741270760992,CNP-1741270760986,No hubieron propuestas,4,null,0,15,0,0
2025-03-06 11:19:20.992,PA03,1741270760985,1741270760992,CNP-1741270760985,No hubieron propuestas,7,null,0,15,0,0
2025-03-06 11:19:20.997,PA01,1741270760995,1741270760997,CNP-1741270760995,No hubieron propuestas,2,null,0,15,0,0
2025-03-06 11:19:22.996,PA02,1741270762967,1741270762995,CNP-1741270762967,No hubieron propuestas,28,null,0,15,0,0
2025-03-06 11:19:22.998,PA03,1741270762990,1741270762997,CNP-1741270762990,No hubieron propuestas,7,null,0,15,0,0
2025-03-06 11:19:22.999,PA04,1741270762991,1741270762999,CNP-1741270762990,No hubieron propuestas,8,null,0,15,0,0
2025-03-06 11:19:22.999,PA05,1741270762978,1741270762999,CNP-1741270762978,recibi inform. ganador acepto,21,Truck1,1,14,1,0
2025-03-06 11:19:22.999,PA01,1741270762996,1741270762999,CNP-1741270762996,No hubieron propuestas,3,null,0,15,0,0
2025-03-06 11:19:24.978,PA02,1741270764972,1741270764978,CNP-1741270764971,No hubieron propuestas,6,null,0,15,0,0
2025-03-06 11:19:24.997,PA05,1741270764982,1741270764997,CNP-1741270764981,No hubieron propuestas,15,null,0,15,0,0
2025-03-06 11:19:24.997,PA04,1741270764992,1741270764997,CNP-1741270764992,No hubieron propuestas,5,null,0,15,0,0
2025-03-06 11:19:24.998,PA03,1741270764992,1741270764998,CNP-1741270764992,recibi inform. ganador acepto,6,Truck12,1,14,1,0
2025-03-06 11:19:25.000,PA01,1741270764999,1741270765000,CNP-1741270764998,No hubieron propuestas,1,null,0,15,0,0
2025-03-06 11:19:26.982,PA02,1741270766978,1741270766982,CNP-1741270766978,No hubieron propuestas,4,null,0,15,0,0
2025-03-06 11:19:26.990,PA05,1741270766983,1741270766990,CNP-1741270766983,No hubieron propuestas,7,null,0,15,0,0
2025-03-06 11:19:27.007,PA03,1741270766995,1741270767007,CNP-1741270766995,No hubieron propuestas,12,null,0,15,0,0
2025-03-06 11:19:27.007,PA04,1741270766996,1741270767007,CNP-1741270766996,No hubieron propuestas,11,null,0,15,0,0
2025-03-06 11:19:27.007,PA01,1741270767002,1741270767007,CNP-1741270767002,No hubieron propuestas,5,null,0,15,0,0
2025-03-06 11:19:29.003,PA02,1741270768980,1741270769003,CNP-1741270768980,No hubieron propuestas,23,null,0,15,0,0
2025-03-06 11:19:29.013,PA05,1741270768984,1741270769013,CNP-1741270768984,No hubieron propuestas,29,null,0,15,0,0
2025-03-06 11:19:29.013,PA03,1741270769003,1741270769013,CNP-1741270769001,No hubieron propuestas,10,null,0,15,0,0
2025-03-06 11:19:29.013,PA04,1741270769003,1741270769013,CNP-1741270769001,No hubieron propuestas,10,null,0,15,0,0
2025-03-06 11:19:29.013,PA01,1741270769003,1741270769013,CNP-1741270769003,No hubieron propuestas,10,null,0,15,0,0
2025-03-06 11:19:31.001,PA05,1741270770987,1741270771001,CNP-1741270770986,No hubieron propuestas,14,null,0,15,0,0
2025-03-06 11:19:31.002,PA02,1741270770987,1741270771002,CNP-1741270770986,No hubieron propuestas,15,null,0,15,0,0
2025-03-06 11:19:31.010,PA04,1741270771004,1741270771010,CNP-1741270771004,No hubieron propuestas,6,null,0,15,0,0
2025-03-06 11:19:31.010,PA03,1741270771006,1741270771010,CNP-1741270771006,No hubieron propuestas,4,null,0,15,0,0
2025-03-06 11:19:31.010,PA01,1741270771006,1741270771010,CNP-1741270771006,No hubieron propuestas,4,null,0,15,0,0
2025-03-06 11:19:32.994,PA02,1741270772991,1741270772994,CNP-1741270772991,No hubieron propuestas,3,null,0,15,0,0
2025-03-06 11:19:32.994,PA05,1741270772988,1741270772994,CNP-1741270772988,No hubieron propuestas,6,null,0,15,0,0
2025-03-06 11:19:33.018,PA04,1741270773005,1741270773018,CNP-1741270773005,No hubieron propuestas,13,null,0,15,0,0
2025-03-06 11:19:33.018,PA01,1741270773012,1741270773018,CNP-1741270773012,No hubieron propuestas,6,null,0,15,0,0
2025-03-06 11:19:33.020,PA03,1741270773008,1741270773020,CNP-1741270773007,recibi inform. ganador acepto,12,Truck4,1,14,1,0
2025-03-06 11:19:34.999,PA05,1741270774994,1741270774999,CNP-1741270774994,No hubieron propuestas,5,null,0,15,0,0
2025-03-06 11:19:34.999,PA02,1741270774994,1741270774999,CNP-1741270774994,No hubieron propuestas,5,null,0,15,0,0
2025-03-06 11:19:35.019,PA03,1741270775011,1741270775019,CNP-1741270775011,No hubieron propuestas,8,null,0,15,0,0
2025-03-06 11:19:35.019,PA04,1741270775007,1741270775019,CNP-1741270775007,No hubieron propuestas,12,null,0,15,0,0
2025-03-06 11:19:35.019,PA01,1741270775014,1741270775019,CNP-1741270775013,No hubieron propuestas,5,null,0,15,0,0
2025-03-06 11:19:37.022,PA05,1741270776997,1741270777022,CNP-1741270776996,No hubieron propuestas,25,null,0,15,0,0
2025-03-06 11:19:37.022,PA04,1741270777010,1741270777022,CNP-1741270777008,No hubieron propuestas,12,null,0,15,0,0
2025-03-06 11:19:37.022,PA02,1741270777002,1741270777022,CNP-1741270777001,No hubieron propuestas,20,null,0,15,0,0
2025-03-06 11:19:37.023,PA01,1741270777015,1741270777023,CNP-1741270777015,No hubieron propuestas,8,null,0,15,0,0
2025-03-06 11:19:37.023,PA03,1741270777018,1741270777023,CNP-1741270777018,recibi inform. ganador acepto,5,Truck5,1,14,1,0
2025-03-06 11:19:39.013,PA02,1741270779007,1741270779013,CNP-1741270779007,No hubieron propuestas,6,null,0,15,0,0
2025-03-06 11:19:39.013,PA05,1741270779001,1741270779013,CNP-1741270779000,No hubieron propuestas,12,null,0,15,0,0
2025-03-06 11:19:39.013,PA04,1741270779011,1741270779013,CNP-1741270779011,No hubieron propuestas,2,null,0,15,0,0
2025-03-06 11:19:39.031,PA01,1741270779019,1741270779031,CNP-1741270779019,No hubieron propuestas,12,null,0,15,0,0
2025-03-06 11:19:39.031,PA03,1741270779019,1741270779031,CNP-1741270779019,No hubieron propuestas,12,null,0,15,0,0
2025-03-06 11:19:41.030,PA04,1741270781015,1741270781030,CNP-1741270781015,No hubieron propuestas,15,null,0,15,0,0
2025-03-06 11:19:41.030,PA02,1741270781010,1741270781030,CNP-1741270781009,No hubieron propuestas,20,null,0,15,0,0
2025-03-06 11:19:41.030,PA03,1741270781027,1741270781030,CNP-1741270781026,No hubieron propuestas,3,null,0,15,0,0
2025-03-06 11:19:41.030,PA01,1741270781025,1741270781030,CNP-1741270781025,No hubieron propuestas,5,null,0,15,0,0
2025-03-06 11:19:41.030,PA05,1741270781004,1741270781030,CNP-1741270781003,No hubieron propuestas,26,null,0,15,0,0
2025-03-06 11:19:43.024,PA05,1741270783008,1741270783024,CNP-1741270783008,No hubieron propuestas,16,null,0,15,0,0
2025-03-06 11:19:43.024,PA02,1741270783013,1741270783024,CNP-1741270783013,No hubieron propuestas,11,null,0,15,0,0
2025-03-06 11:19:43.024,PA04,1741270783016,1741270783024,CNP-1741270783016,No hubieron propuestas,8,null,0,15,0,0
2025-03-06 11:19:43.035,PA01,1741270783027,1741270783035,CNP-1741270783027,No hubieron propuestas,8,null,0,15,0,0
2025-03-06 11:19:43.036,PA03,1741270783031,1741270783036,CNP-1741270783030,recibi inform. ganador acepto,5,Truck13,1,14,1,0
2025-03-06 11:19:45.028,PA05,1741270785012,1741270785028,CNP-1741270785012,No hubieron propuestas,16,null,0,15,0,0
2025-03-06 11:19:45.030,PA04,1741270785017,1741270785029,CNP-1741270785017,No hubieron propuestas,12,null,0,15,0,0
2025-03-06 11:19:45.030,PA02,1741270785015,1741270785029,CNP-1741270785015,No hubieron propuestas,14,null,0,15,0,0
2025-03-06 11:19:45.031,PA01,1741270785029,1741270785031,CNP-1741270785029,No hubieron propuestas,2,null,0,15,0,0
2025-03-06 11:19:45.036,PA03,1741270785033,1741270785036,CNP-1741270785033,recibi inform. ganador acepto,3,Truck0,2,13,1,0
2025-03-06 11:19:47.085,PA02,1741270787017,1741270787085,CNP-1741270787017,No hubieron propuestas,68,null,0,15,0,0
2025-03-06 11:19:47.085,PA05,1741270787017,1741270787085,CNP-1741270787017,No hubieron propuestas,68,null,0,15,0,0
2025-03-06 11:19:47.085,PA03,1741270787075,1741270787085,CNP-1741270787034,No hubieron propuestas,10,null,0,15,0,0
2025-03-06 11:19:47.085,PA04,1741270787063,1741270787085,CNP-1741270787019,No hubieron propuestas,22,null,0,15,0,0
2025-03-06 11:19:47.085,PA01,1741270787075,1741270787085,CNP-1741270787030,No hubieron propuestas,10,null,0,15,0,0
2025-03-06 11:19:49.040,PA02,1741270789019,1741270789040,CNP-1741270789019,No hubieron propuestas,21,null,0,15,0,0
2025-03-06 11:19:49.040,PA05,1741270789026,1741270789040,CNP-1741270789025,No hubieron propuestas,14,null,0,15,0,0
2025-03-06 11:19:49.069,PA04,1741270789068,1741270789069,CNP-1741270789067,No hubieron propuestas,1,null,0,15,0,0
2025-03-06 11:19:49.079,PA01,1741270789077,1741270789079,CNP-1741270789077,No hubieron propuestas,2,null,0,15,0,0
2025-03-06 11:19:49.079,PA03,1741270789077,1741270789079,CNP-1741270789077,No hubieron propuestas,2,null,0,15,0,0
2025-03-06 11:19:51.032,PA05,1741270791029,1741270791032,CNP-1741270791029,No hubieron propuestas,3,null,0,15,0,0
2025-03-06 11:19:51.034,PA02,1741270791025,1741270791034,CNP-1741270791025,recibi inform. ganador acepto,9,Truck8,1,14,1,0
2025-03-06 11:19:51.074,PA04,1741270791071,1741270791074,CNP-1741270791071,No hubieron propuestas,3,null,0,15,0,0
2025-03-06 11:19:51.087,PA01,1741270791080,1741270791087,CNP-1741270791080,No hubieron propuestas,7,null,0,15,0,0
2025-03-06 11:19:51.087,PA03,1741270791080,1741270791087,CNP-1741270791080,No hubieron propuestas,7,null,0,15,0,0
2025-03-06 11:19:53.033,PA05,1741270793031,1741270793033,CNP-1741270793031,No hubieron propuestas,2,null,0,15,0,0
2025-03-06 11:19:53.034,PA02,1741270793027,1741270793034,CNP-1741270793027,recibi inform. ganador acepto,7,Truck10,1,14,1,0
2025-03-06 11:19:53.080,PA04,1741270793073,1741270793080,CNP-1741270793073,No hubieron propuestas,7,null,0,15,0,0
2025-03-06 11:19:53.096,PA03,1741270793082,1741270793095,CNP-1741270793082,No hubieron propuestas,13,null,0,15,0,0
2025-03-06 11:19:53.096,PA01,1741270793082,1741270793096,CNP-1741270793082,No hubieron propuestas,14,null,0,15,0,0
2025-03-06 11:19:55.050,PA05,1741270795039,1741270795050,CNP-1741270795039,No hubieron propuestas,11,null,0,15,0,0
2025-03-06 11:19:55.050,PA02,1741270795030,1741270795050,CNP-1741270795029,No hubieron propuestas,20,null,0,15,0,0
2025-03-06 11:19:55.083,PA04,1741270795078,1741270795083,CNP-1741270795077,No hubieron propuestas,5,null,0,15,0,0
2025-03-06 11:19:55.087,PA03,1741270795084,1741270795087,CNP-1741270795084,No hubieron propuestas,3,null,0,15,0,0
2025-03-06 11:19:55.088,PA01,1741270795086,1741270795088,CNP-1741270795085,No hubieron propuestas,2,null,0,15,0,0
2025-03-06 11:19:57.037,PA02,1741270797034,1741270797037,CNP-1741270797034,No hubieron propuestas,3,null,0,15,0,0
2025-03-06 11:19:57.043,PA05,1741270797041,1741270797043,CNP-1741270797041,No hubieron propuestas,2,null,0,15,0,0
2025-03-06 11:19:57.083,PA04,1741270797079,1741270797083,CNP-1741270797079,No hubieron propuestas,4,null,0,15,0,0
2025-03-06 11:19:57.098,PA01,1741270797090,1741270797098,CNP-1741270797090,No hubieron propuestas,8,null,0,15,0,0
2025-03-06 11:19:57.098,PA03,1741270797085,1741270797098,CNP-1741270797085,No hubieron propuestas,13,null,0,15,0,0
2025-03-06 11:19:59.041,PA02,1741270799036,1741270799041,CNP-1741270799036,No hubieron propuestas,5,null,0,15,0,0
2025-03-06 11:19:59.049,PA05,1741270799042,1741270799049,CNP-1741270799042,No hubieron propuestas,7,null,0,15,0,0
2025-03-06 11:19:59.098,PA04,1741270799085,1741270799098,CNP-1741270799085,No hubieron propuestas,13,null,0,15,0,0
2025-03-06 11:19:59.098,PA03,1741270799095,1741270799098,CNP-1741270799095,No hubieron propuestas,3,null,0,15,0,0
2025-03-06 11:19:59.098,PA01,1741270799095,1741270799098,CNP-1741270799095,No hubieron propuestas,3,null,0,15,0,0
2025-03-06 11:20:01.052,PA02,1741270801043,1741270801052,CNP-1741270801042,No hubieron propuestas,9,null,0,15,0,0
2025-03-06 11:20:01.053,PA05,1741270801046,1741270801053,CNP-1741270801045,No hubieron propuestas,7,null,0,15,0,0
2025-03-06 11:20:01.092,PA04,1741270801088,1741270801092,CNP-1741270801087,No hubieron propuestas,4,null,0,15,0,0
2025-03-06 11:20:01.098,PA01,1741270801096,1741270801098,CNP-1741270801096,No hubieron propuestas,2,null,0,15,0,0
2025-03-06 11:20:01.101,PA03,1741270801099,1741270801101,CNP-1741270801098,No hubieron propuestas,2,null,0,15,0,0
2025-03-06 11:20:03.052,PA02,1741270803045,1741270803052,CNP-1741270803045,No hubieron propuestas,7,null,0,15,0,0
2025-03-06 11:20:03.053,PA05,1741270803049,1741270803053,CNP-1741270803049,No hubieron propuestas,4,null,0,15,0,0
2025-03-06 11:20:03.104,PA04,1741270803092,1741270803104,CNP-1741270803092,No hubieron propuestas,12,null,0,15,0,0
2025-03-06 11:20:03.104,PA03,1741270803100,1741270803104,CNP-1741270803100,No hubieron propuestas,4,null,0,15,0,0
2025-03-06 11:20:03.104,PA01,1741270803098,1741270803104,CNP-1741270803098,No hubieron propuestas,6,null,0,15,0,0
2025-03-06 11:20:05.056,PA05,1741270805051,1741270805056,CNP-1741270805051,No hubieron propuestas,5,null,0,15,0,0
2025-03-06 11:20:05.056,PA02,1741270805050,1741270805056,CNP-1741270805049,No hubieron propuestas,6,null,0,15,0,0
2025-03-06 11:20:05.110,PA04,1741270805096,1741270805110,CNP-1741270805096,No hubieron propuestas,14,null,0,15,0,0
2025-03-06 11:20:05.111,PA01,1741270805100,1741270805111,CNP-1741270805100,No hubieron propuestas,11,null,0,15,0,0
2025-03-06 11:20:05.111,PA03,1741270805103,1741270805111,CNP-1741270805103,No hubieron propuestas,8,null,0,15,0,0
2025-03-06 11:20:07.067,PA02,1741270807053,1741270807066,CNP-1741270807053,No hubieron propuestas,13,null,0,15,0,0
2025-03-06 11:20:07.067,PA05,1741270807056,1741270807067,CNP-1741270807056,No hubieron propuestas,11,null,0,15,0,0
2025-03-06 11:20:07.102,PA04,1741270807100,1741270807102,CNP-1741270807100,No hubieron propuestas,2,null,0,15,0,0
2025-03-06 11:20:07.104,PA01,1741270807103,1741270807104,CNP-1741270807103,No hubieron propuestas,1,null,0,15,0,0
2025-03-06 11:20:07.106,PA03,1741270807105,1741270807106,CNP-1741270807105,No hubieron propuestas,1,null,0,15,0,0
2025-03-06 11:20:09.071,PA02,1741270809057,1741270809071,CNP-1741270809057,No hubieron propuestas,14,null,0,15,0,0
2025-03-06 11:20:09.071,PA05,1741270809057,1741270809071,CNP-1741270809057,No hubieron propuestas,14,null,0,15,0,0
2025-03-06 11:20:09.103,PA04,1741270809102,1741270809103,CNP-1741270809102,No hubieron propuestas,1,null,0,15,0,0
2025-03-06 11:20:09.107,PA01,1741270809105,1741270809107,CNP-1741270809105,No hubieron propuestas,2,null,0,15,0,0
2025-03-06 11:20:09.108,PA03,1741270809107,1741270809108,CNP-1741270809107,No hubieron propuestas,1,null,0,15,0,0
2025-03-06 11:20:11.069,PA02,1741270811058,1741270811069,CNP-1741270811058,No hubieron propuestas,11,null,0,15,0,0
2025-03-06 11:20:11.069,PA05,1741270811060,1741270811069,CNP-1741270811060,No hubieron propuestas,9,null,0,15,0,0
2025-03-06 11:20:11.119,PA04,1741270811104,1741270811119,CNP-1741270811103,No hubieron propuestas,15,null,0,15,0,0
2025-03-06 11:20:11.119,PA03,1741270811109,1741270811119,CNP-1741270811108,No hubieron propuestas,10,null,0,15,0,0
2025-03-06 11:20:11.119,PA01,1741270811109,1741270811119,CNP-1741270811108,No hubieron propuestas,10,null,0,15,0,0
2025-03-06 11:20:13.071,PA05,1741270813064,1741270813071,CNP-1741270813063,No hubieron propuestas,7,null,0,15,0,0
2025-03-06 11:20:13.071,PA02,1741270813064,1741270813071,CNP-1741270813063,No hubieron propuestas,7,null,0,15,0,0
2025-03-06 11:20:13.108,PA04,1741270813105,1741270813108,CNP-1741270813105,No hubieron propuestas,3,null,0,15,0,0
2025-03-06 11:20:13.112,PA03,1741270813110,1741270813112,CNP-1741270813110,No hubieron propuestas,2,null,0,15,0,0
2025-03-06 11:20:13.113,PA01,1741270813112,1741270813113,CNP-1741270813112,No hubieron propuestas,1,null,0,15,0,0
2025-03-06 11:20:15.074,PA02,1741270815069,1741270815074,CNP-1741270815069,No hubieron propuestas,5,null,0,15,0,0
2025-03-06 11:20:15.074,PA05,1741270815065,1741270815074,CNP-1741270815065,No hubieron propuestas,9,null,0,15,0,0
2025-03-06 11:20:15.123,PA04,1741270815110,1741270815123,CNP-1741270815110,No hubieron propuestas,13,null,0,15,0,0
2025-03-06 11:20:15.123,PA01,1741270815113,1741270815123,CNP-1741270815113,No hubieron propuestas,10,null,0,15,0,0
2025-03-06 11:20:15.123,PA03,1741270815113,1741270815123,CNP-1741270815113,No hubieron propuestas,10,null,0,15,0,0
2025-03-06 11:20:17.079,PA02,1741270817072,1741270817079,CNP-1741270817071,No hubieron propuestas,7,null,0,15,0,0
2025-03-06 11:20:17.079,PA05,1741270817072,1741270817079,CNP-1741270817071,No hubieron propuestas,7,null,0,15,0,0
2025-03-06 11:20:17.126,PA01,1741270817114,1741270817126,CNP-1741270817114,No hubieron propuestas,12,null,0,15,0,0
2025-03-06 11:20:17.126,PA03,1741270817115,1741270817126,CNP-1741270817115,No hubieron propuestas,11,null,0,15,0,0
2025-03-06 11:20:17.126,PA04,1741270817111,1741270817126,CNP-1741270817111,No hubieron propuestas,15,null,0,15,0,0
2025-03-06 11:20:19.080,PA05,1741270819075,1741270819080,CNP-1741270819075,No hubieron propuestas,5,null,0,15,0,0
2025-03-06 11:20:19.080,PA02,1741270819074,1741270819080,CNP-1741270819073,No hubieron propuestas,6,null,0,15,0,0
2025-03-06 11:20:19.127,PA04,1741270819113,1741270819127,CNP-1741270819113,No hubieron propuestas,14,null,0,15,0,0
2025-03-06 11:20:19.127,PA01,1741270819116,1741270819127,CNP-1741270819116,No hubieron propuestas,11,null,0,15,0,0
2025-03-06 11:20:19.127,PA03,1741270819117,1741270819127,CNP-1741270819117,No hubieron propuestas,10,null,0,15,0,0
2025-03-06 11:20:21.090,PA05,1741270821080,1741270821090,CNP-1741270821079,No hubieron propuestas,10,null,0,15,0,0
2025-03-06 11:20:21.090,PA02,1741270821080,1741270821090,CNP-1741270821079,No hubieron propuestas,10,null,0,15,0,0
2025-03-06 11:20:21.119,PA04,1741270821116,1741270821119,CNP-1741270821116,No hubieron propuestas,3,null,0,15,0,0
2025-03-06 11:20:21.119,PA01,1741270821117,1741270821119,CNP-1741270821117,No hubieron propuestas,2,null,0,15,0,0
2025-03-06 11:20:21.122,PA03,1741270821119,1741270821122,CNP-1741270821119,recibi inform. ganador acepto,3,Truck11,1,14,1,0
2025-03-06 11:20:23.097,PA05,1741270823082,1741270823097,CNP-1741270823082,No hubieron propuestas,15,null,0,15,0,0
2025-03-06 11:20:23.097,PA02,1741270823082,1741270823097,CNP-1741270823082,No hubieron propuestas,15,null,0,15,0,0
2025-03-06 11:20:23.125,PA03,1741270823121,1741270823125,CNP-1741270823121,No hubieron propuestas,4,null,0,15,0,0
2025-03-06 11:20:23.125,PA01,1741270823121,1741270823125,CNP-1741270823121,No hubieron propuestas,4,null,0,15,0,0
2025-03-06 11:20:23.126,PA04,1741270823121,1741270823126,CNP-1741270823121,No hubieron propuestas,5,null,0,15,0,0
2025-03-06 11:20:25.090,PA05,1741270825084,1741270825090,CNP-1741270825084,No hubieron propuestas,6,null,0,15,0,0
2025-03-06 11:20:25.091,PA02,1741270825087,1741270825090,CNP-1741270825087,No hubieron propuestas,3,null,0,15,0,0
2025-03-06 11:20:25.135,PA01,1741270825123,1741270825135,CNP-1741270825123,No hubieron propuestas,12,null,0,15,0,0
2025-03-06 11:20:25.135,PA03,1741270825123,1741270825135,CNP-1741270825123,No hubieron propuestas,12,null,0,15,0,0
2025-03-06 11:20:25.135,PA04,1741270825125,1741270825135,CNP-1741270825125,No hubieron propuestas,10,null,0,15,0,0
2025-03-06 11:20:27.101,PA02,1741270827089,1741270827101,CNP-1741270827089,No hubieron propuestas,12,null,0,15,0,0
2025-03-06 11:20:27.104,PA05,1741270827089,1741270827104,CNP-1741270827089,recibi inform. ganador acepto,15,Truck3,1,14,1,0
2025-03-06 11:20:27.135,PA01,1741270827126,1741270827135,CNP-1741270827126,No hubieron propuestas,9,null,0,15,0,0
2025-03-06 11:20:27.135,PA03,1741270827127,1741270827135,CNP-1741270827127,No hubieron propuestas,8,null,0,15,0,0
2025-03-06 11:20:27.135,PA04,1741270827127,1741270827135,CNP-1741270827127,No hubieron propuestas,8,null,0,15,0,0
2025-03-06 11:20:29.101,PA02,1741270829091,1741270829101,CNP-1741270829091,No hubieron propuestas,10,null,0,15,0,0
2025-03-06 11:20:29.102,PA05,1741270829094,1741270829102,CNP-1741270829094,No hubieron propuestas,8,null,0,15,0,0
2025-03-06 11:20:29.135,PA03,1741270829131,1741270829135,CNP-1741270829131,No hubieron propuestas,4,null,0,15,0,0
2025-03-06 11:20:29.136,PA04,1741270829128,1741270829135,CNP-1741270829128,No hubieron propuestas,7,null,0,15,0,0
2025-03-06 11:20:29.136,PA01,1741270829127,1741270829135,CNP-1741270829127,No hubieron propuestas,8,null,0,15,0,0
2025-03-06 11:20:31.107,PA02,1741270831097,1741270831107,CNP-1741270831097,No hubieron propuestas,10,null,0,15,0,0
2025-03-06 11:20:31.108,PA05,1741270831097,1741270831108,CNP-1741270831097,recibi inform. ganador acepto,11,Truck6,1,14,1,0
2025-03-06 11:20:31.141,PA04,1741270831132,1741270831141,CNP-1741270831131,No hubieron propuestas,9,null,0,15,0,0
2025-03-06 11:20:31.142,PA01,1741270831131,1741270831141,CNP-1741270831131,No hubieron propuestas,10,null,0,15,0,0
2025-03-06 11:20:31.142,PA03,1741270831137,1741270831141,CNP-1741270831137,No hubieron propuestas,4,null,0,15,0,0
2025-03-06 11:20:33.107,PA05,1741270833099,1741270833107,CNP-1741270833099,No hubieron propuestas,8,null,0,15,0,0
2025-03-06 11:20:33.107,PA02,1741270833104,1741270833107,CNP-1741270833104,No hubieron propuestas,3,null,0,15,0,0
2025-03-06 11:20:33.149,PA04,1741270833136,1741270833149,CNP-1741270833136,No hubieron propuestas,13,null,0,15,0,0
2025-03-06 11:20:33.149,PA01,1741270833136,1741270833149,CNP-1741270833136,No hubieron propuestas,13,null,0,15,0,0
2025-03-06 11:20:33.150,PA03,1741270833143,1741270833150,CNP-1741270833143,recibi inform. ganador acepto,7,Truck4,1,14,1,0
2025-03-06 11:20:35.118,PA05,1741270835104,1741270835118,CNP-1741270835104,No hubieron propuestas,14,null,0,15,0,0
2025-03-06 11:20:35.118,PA02,1741270835108,1741270835118,CNP-1741270835108,No hubieron propuestas,10,null,0,15,0,0
2025-03-06 11:20:35.144,PA01,1741270835141,1741270835144,CNP-1741270835141,No hubieron propuestas,3,null,0,15,0,0
2025-03-06 11:20:35.144,PA04,1741270835141,1741270835144,CNP-1741270835141,No hubieron propuestas,3,null,0,15,0,0
2025-03-06 11:20:35.150,PA03,1741270835145,1741270835150,CNP-1741270835145,recibi inform. ganador acepto,5,Truck12,1,14,1,0
2025-03-06 11:20:37.114,PA05,1741270837109,1741270837114,CNP-1741270837108,No hubieron propuestas,5,null,0,15,0,0
2025-03-06 11:20:37.114,PA02,1741270837111,1741270837114,CNP-1741270837111,No hubieron propuestas,3,null,0,15,0,0
2025-03-06 11:20:37.146,PA01,1741270837144,1741270837146,CNP-1741270837144,No hubieron propuestas,2,null,0,15,0,0
2025-03-06 11:20:37.146,PA04,1741270837144,1741270837146,CNP-1741270837144,No hubieron propuestas,2,null,0,15,0,0
2025-03-06 11:20:37.150,PA03,1741270837149,1741270837150,CNP-1741270837149,recibi inform. ganador acepto,1,Truck5,1,14,1,0
2025-03-06 11:20:39.120,PA05,1741270839114,1741270839120,CNP-1741270839114,No hubieron propuestas,6,null,0,15,0,0
2025-03-06 11:20:39.120,PA02,1741270839114,1741270839120,CNP-1741270839114,No hubieron propuestas,6,null,0,15,0,0
2025-03-06 11:20:39.154,PA01,1741270839146,1741270839154,CNP-1741270839146,No hubieron propuestas,8,null,0,15,0,0
2025-03-06 11:20:39.154,PA04,1741270839148,1741270839154,CNP-1741270839148,No hubieron propuestas,6,null,0,15,0,0
2025-03-06 11:20:39.156,PA03,1741270839150,1741270839155,CNP-1741270839150,recibi inform. ganador acepto,5,Truck9,2,13,1,0
2025-03-06 11:20:41.129,PA05,1741270841115,1741270841129,CNP-1741270841115,No hubieron propuestas,14,null,0,15,0,0
2025-03-06 11:20:41.131,PA02,1741270841118,1741270841131,CNP-1741270841118,recibi inform. ganador acepto,13,Truck8,1,14,1,0
2025-03-06 11:20:41.150,PA01,1741270841148,1741270841150,CNP-1741270841148,No hubieron propuestas,2,null,0,15,0,0
2025-03-06 11:20:41.152,PA04,1741270841150,1741270841152,CNP-1741270841150,No hubieron propuestas,2,null,0,15,0,0
2025-03-06 11:20:41.153,PA03,1741270841151,1741270841153,CNP-1741270841151,No hubieron propuestas,2,null,0,15,0,0
2025-03-06 11:20:43.125,PA05,1741270843118,1741270843125,CNP-1741270843118,No hubieron propuestas,7,null,0,15,0,0
2025-03-06 11:20:43.125,PA02,1741270843121,1741270843125,CNP-1741270843121,No hubieron propuestas,4,null,0,15,0,0
2025-03-06 11:20:43.154,PA01,1741270843151,1741270843154,CNP-1741270843151,No hubieron propuestas,3,null,0,15,0,0
2025-03-06 11:20:43.155,PA04,1741270843152,1741270843155,CNP-1741270843152,No hubieron propuestas,3,null,0,15,0,0
2025-03-06 11:20:43.155,PA03,1741270843153,1741270843155,CNP-1741270843153,No hubieron propuestas,2,null,0,15,0,0
2025-03-06 11:20:45.129,PA02,1741270845123,1741270845129,CNP-1741270845123,No hubieron propuestas,6,null,0,15,0,0
2025-03-06 11:20:45.129,PA05,1741270845124,1741270845129,CNP-1741270845123,No hubieron propuestas,5,null,0,15,0,0
2025-03-06 11:20:45.165,PA01,1741270845153,1741270845165,CNP-1741270845153,No hubieron propuestas,12,null,0,15,0,0
2025-03-06 11:20:45.165,PA04,1741270845156,1741270845165,CNP-1741270845156,No hubieron propuestas,9,null,0,15,0,0
2025-03-06 11:20:45.165,PA03,1741270845156,1741270845165,CNP-1741270845156,No hubieron propuestas,9,null,0,15,0,0
2025-03-06 11:20:47.134,PA02,1741270847126,1741270847134,CNP-1741270847126,No hubieron propuestas,8,null,0,15,0,0
2025-03-06 11:20:47.136,PA05,1741270847126,1741270847136,CNP-1741270847126,recibi inform. ganador acepto,10,Truck10,1,14,1,0
2025-03-06 11:20:47.166,PA01,1741270847156,1741270847166,CNP-1741270847156,No hubieron propuestas,10,null,0,15,0,0
2025-03-06 11:20:47.167,PA04,1741270847161,1741270847167,CNP-1741270847160,No hubieron propuestas,6,null,0,15,0,0
2025-03-06 11:20:47.167,PA03,1741270847161,1741270847167,CNP-1741270847160,No hubieron propuestas,6,null,0,15,0,0
2025-03-06 11:20:49.135,PA02,1741270849130,1741270849135,CNP-1741270849130,No hubieron propuestas,5,null,0,15,0,0
2025-03-06 11:20:49.138,PA05,1741270849130,1741270849138,CNP-1741270849130,recibi inform. ganador acepto,8,Truck1,1,14,1,0
2025-03-06 11:20:49.174,PA01,1741270849162,1741270849174,CNP-1741270849162,No hubieron propuestas,12,null,0,15,0,0
2025-03-06 11:20:49.174,PA04,1741270849165,1741270849174,CNP-1741270849165,No hubieron propuestas,9,null,0,15,0,0
2025-03-06 11:20:49.175,PA03,1741270849162,1741270849175,CNP-1741270849162,recibi inform. ganador acepto,13,Truck13,1,14,1,0
2025-03-06 11:20:51.140,PA05,1741270851134,1741270851140,CNP-1741270851134,No hubieron propuestas,6,null,0,15,0,0
2025-03-06 11:20:51.140,PA02,1741270851134,1741270851140,CNP-1741270851134,No hubieron propuestas,6,null,0,15,0,0
2025-03-06 11:20:51.175,PA03,1741270851164,1741270851175,CNP-1741270851164,No hubieron propuestas,11,null,0,15,0,0
2025-03-06 11:20:51.175,PA01,1741270851166,1741270851175,CNP-1741270851165,No hubieron propuestas,9,null,0,15,0,0
2025-03-06 11:20:51.175,PA04,1741270851167,1741270851175,CNP-1741270851167,No hubieron propuestas,8,null,0,15,0,0
2025-03-06 11:20:53.149,PA05,1741270853138,1741270853149,CNP-1741270853138,No hubieron propuestas,11,null,0,15,0,0
2025-03-06 11:20:53.149,PA02,1741270853139,1741270853149,CNP-1741270853138,No hubieron propuestas,10,null,0,15,0,0
2025-03-06 11:20:53.178,PA03,1741270853166,1741270853178,CNP-1741270853166,No hubieron propuestas,12,null,0,15,0,0
2025-03-06 11:20:53.178,PA01,1741270853174,1741270853178,CNP-1741270853173,No hubieron propuestas,4,null,0,15,0,0
2025-03-06 11:20:53.178,PA04,1741270853174,1741270853178,CNP-1741270853173,No hubieron propuestas,4,null,0,15,0,0
2025-03-06 11:20:55.146,PA02,1741270855143,1741270855146,CNP-1741270855143,No hubieron propuestas,3,null,0,15,0,0
2025-03-06 11:20:55.146,PA05,1741270855140,1741270855146,CNP-1741270855140,No hubieron propuestas,6,null,0,15,0,0
2025-03-06 11:20:55.182,PA04,1741270855175,1741270855182,CNP-1741270855175,No hubieron propuestas,7,null,0,15,0,0
2025-03-06 11:20:55.182,PA01,1741270855176,1741270855182,CNP-1741270855176,No hubieron propuestas,6,null,0,15,0,0
2025-03-06 11:20:55.184,PA03,1741270855171,1741270855184,CNP-1741270855171,recibi inform. ganador acepto,13,Truck0,1,14,1,0
2025-03-06 11:20:57.152,PA02,1741270857147,1741270857152,CNP-1741270857146,No hubieron propuestas,5,null,0,15,0,0
2025-03-06 11:20:57.152,PA05,1741270857147,1741270857152,CNP-1741270857146,No hubieron propuestas,5,null,0,15,0,0
2025-03-06 11:20:57.188,PA01,1741270857178,1741270857188,CNP-1741270857178,No hubieron propuestas,10,null,0,15,0,0
2025-03-06 11:20:57.188,PA04,1741270857178,1741270857188,CNP-1741270857177,No hubieron propuestas,10,null,0,15,0,0
2025-03-06 11:20:57.189,PA03,1741270857175,1741270857189,CNP-1741270857174,recibi inform. ganador acepto,14,Truck8,1,14,1,0
2025-03-06 11:20:59.152,PA02,1741270859149,1741270859152,CNP-1741270859149,No hubieron propuestas,3,null,0,15,0,0
2025-03-06 11:20:59.152,PA05,1741270859149,1741270859152,CNP-1741270859149,No hubieron propuestas,3,null,0,15,0,0
2025-03-06 11:20:59.188,PA01,1741270859184,1741270859188,CNP-1741270859184,No hubieron propuestas,4,null,0,15,0,0
2025-03-06 11:20:59.188,PA04,1741270859180,1741270859188,CNP-1741270859180,No hubieron propuestas,8,null,0,15,0,0
2025-03-06 11:20:59.189,PA03,1741270859180,1741270859189,CNP-1741270859180,No hubieron propuestas,9,null,0,15,0,0
2025-03-06 11:21:01.158,PA05,1741270861153,1741270861158,CNP-1741270861153,No hubieron propuestas,5,null,0,15,0,0
2025-03-06 11:21:01.158,PA02,1741270861153,1741270861158,CNP-1741270861153,No hubieron propuestas,5,null,0,15,0,0
2025-03-06 11:21:01.194,PA04,1741270861188,1741270861194,CNP-1741270861187,No hubieron propuestas,6,null,0,15,0,0
2025-03-06 11:21:01.194,PA01,1741270861187,1741270861194,CNP-1741270861187,No hubieron propuestas,7,null,0,15,0,0
2025-03-06 11:21:01.195,PA03,1741270861183,1741270861195,CNP-1741270861183,recibi inform. ganador acepto,12,Truck6,1,14,1,0
2025-03-06 11:21:03.160,PA02,1741270863156,1741270863160,CNP-1741270863155,No hubieron propuestas,4,null,0,15,0,0
2025-03-06 11:21:03.160,PA05,1741270863156,1741270863160,CNP-1741270863155,No hubieron propuestas,4,null,0,15,0,0
2025-03-06 11:21:03.189,PA03,1741270863185,1741270863189,CNP-1741270863184,No hubieron propuestas,4,null,0,15,0,0
2025-03-06 11:21:03.196,PA01,1741270863189,1741270863196,CNP-1741270863189,No hubieron propuestas,7,null,0,15,0,0
2025-03-06 11:21:03.196,PA04,1741270863189,1741270863196,CNP-1741270863189,No hubieron propuestas,7,null,0,15,0,0
2025-03-06 11:21:05.165,PA05,1741270865158,1741270865165,CNP-1741270865157,No hubieron propuestas,7,null,0,15,0,0
2025-03-06 11:21:05.165,PA02,1741270865162,1741270865165,CNP-1741270865162,No hubieron propuestas,3,null,0,15,0,0
2025-03-06 11:21:05.201,PA03,1741270865189,1741270865201,CNP-1741270865188,No hubieron propuestas,12,null,0,15,0,0
2025-03-06 11:21:05.201,PA01,1741270865195,1741270865201,CNP-1741270865194,No hubieron propuestas,6,null,0,15,0,0
2025-03-06 11:21:05.201,PA04,1741270865195,1741270865201,CNP-1741270865194,No hubieron propuestas,6,null,0,15,0,0
2025-03-06 11:21:07.169,PA02,1741270867167,1741270867169,CNP-1741270867167,No hubieron propuestas,2,null,0,15,0,0
2025-03-06 11:21:07.169,PA05,1741270867163,1741270867169,CNP-1741270867162,No hubieron propuestas,6,null,0,15,0,0
2025-03-06 11:21:07.196,PA03,1741270867192,1741270867196,CNP-1741270867192,No hubieron propuestas,4,null,0,15,0,0
2025-03-06 11:21:07.202,PA04,1741270867199,1741270867202,CNP-1741270867198,No hubieron propuestas,3,null,0,15,0,0
2025-03-06 11:21:07.202,PA01,1741270867196,1741270867202,CNP-1741270867196,No hubieron propuestas,6,null,0,15,0,0
2025-03-06 11:21:09.169,PA05,1741270869164,1741270869169,CNP-1741270869164,No hubieron propuestas,5,null,0,15,0,0
2025-03-06 11:21:09.169,PA02,1741270869168,1741270869169,CNP-1741270869168,No hubieron propuestas,1,null,0,15,0,0
2025-03-06 11:21:09.207,PA03,1741270869197,1741270869207,CNP-1741270869197,No hubieron propuestas,10,null,0,15,0,0
2025-03-06 11:21:09.207,PA01,1741270869200,1741270869207,CNP-1741270869199,No hubieron propuestas,7,null,0,15,0,0
2025-03-06 11:21:09.207,PA04,1741270869200,1741270869207,CNP-1741270869200,No hubieron propuestas,7,null,0,15,0,0
2025-03-06 11:21:11.180,PA05,1741270871169,1741270871180,CNP-1741270871169,No hubieron propuestas,11,null,0,15,0,0
2025-03-06 11:21:11.180,PA02,1741270871169,1741270871180,CNP-1741270871169,No hubieron propuestas,11,null,0,15,0,0
2025-03-06 11:21:11.203,PA03,1741270871200,1741270871203,CNP-1741270871200,recibi inform. ganador acepto,3,Truck11,1,14,1,0
2025-03-06 11:21:11.204,PA01,1741270871202,1741270871204,CNP-1741270871202,No hubieron propuestas,2,null,0,15,0,0
2025-03-06 11:21:11.205,PA04,1741270871204,1741270871205,CNP-1741270871204,No hubieron propuestas,1,null,0,15,0,0
2025-03-06 11:21:13.181,PA05,1741270873172,1741270873181,CNP-1741270873172,No hubieron propuestas,9,null,0,15,0,0
2025-03-06 11:21:13.181,PA02,1741270873172,1741270873181,CNP-1741270873172,No hubieron propuestas,9,null,0,15,0,0
2025-03-06 11:21:13.211,PA01,1741270873208,1741270873211,CNP-1741270873208,No hubieron propuestas,3,null,0,15,0,0
2025-03-06 11:21:13.211,PA04,1741270873208,1741270873211,CNP-1741270873208,No hubieron propuestas,3,null,0,15,0,0
2025-03-06 11:21:13.213,PA03,1741270873205,1741270873213,CNP-1741270873205,recibi inform. ganador acepto,8,Truck4,1,14,1,0
2025-03-06 11:21:15.187,PA02,1741270875177,1741270875187,CNP-1741270875177,No hubieron propuestas,10,null,0,15,0,0
2025-03-06 11:21:15.187,PA05,1741270875177,1741270875187,CNP-1741270875177,No hubieron propuestas,10,null,0,15,0,0
2025-03-06 11:21:15.217,PA03,1741270875207,1741270875217,CNP-1741270875206,No hubieron propuestas,10,null,0,15,0,0
2025-03-06 11:21:15.217,PA04,1741270875211,1741270875217,CNP-1741270875211,No hubieron propuestas,6,null,0,15,0,0
2025-03-06 11:21:15.217,PA01,1741270875211,1741270875217,CNP-1741270875211,No hubieron propuestas,6,null,0,15,0,0
2025-03-06 11:21:17.186,PA05,1741270877181,1741270877186,CNP-1741270877181,No hubieron propuestas,5,null,0,15,0,0
2025-03-06 11:21:17.186,PA02,1741270877181,1741270877186,CNP-1741270877181,No hubieron propuestas,5,null,0,15,0,0
2025-03-06 11:21:17.224,PA04,1741270877212,1741270877224,CNP-1741270877212,No hubieron propuestas,12,null,0,15,0,0
2025-03-06 11:21:17.224,PA01,1741270877214,1741270877224,CNP-1741270877213,No hubieron propuestas,10,null,0,15,0,0
2025-03-06 11:21:17.224,PA03,1741270877212,1741270877224,CNP-1741270877212,No hubieron propuestas,12,null,0,15,0,0
2025-03-06 11:21:19.193,PA05,1741270879186,1741270879193,CNP-1741270879186,No hubieron propuestas,7,null,0,15,0,0
2025-03-06 11:21:19.193,PA02,1741270879186,1741270879193,CNP-1741270879186,No hubieron propuestas,7,null,0,15,0,0
2025-03-06 11:21:19.228,PA01,1741270879216,1741270879228,CNP-1741270879216,No hubieron propuestas,12,null,0,15,0,0
2025-03-06 11:21:19.228,PA04,1741270879216,1741270879228,CNP-1741270879216,No hubieron propuestas,12,null,0,15,0,0
2025-03-06 11:21:19.228,PA03,1741270879216,1741270879228,CNP-1741270879216,No hubieron propuestas,12,null,0,15,0,0
2025-03-06 11:21:21.197,PA02,1741270881188,1741270881197,CNP-1741270881188,No hubieron propuestas,9,null,0,15,0,0
2025-03-06 11:21:21.197,PA05,1741270881188,1741270881197,CNP-1741270881188,No hubieron propuestas,9,null,0,15,0,0
2025-03-06 11:21:21.234,PA04,1741270881218,1741270881234,CNP-1741270881218,No hubieron propuestas,16,null,0,15,0,0
2025-03-06 11:21:21.234,PA03,1741270881226,1741270881234,CNP-1741270881226,No hubieron propuestas,8,null,0,15,0,0
2025-03-06 11:21:21.234,PA01,1741270881221,1741270881234,CNP-1741270881220,No hubieron propuestas,13,null,0,15,0,0
2025-03-06 11:21:23.205,PA05,1741270883193,1741270883205,CNP-1741270883193,No hubieron propuestas,12,null,0,15,0,0
2025-03-06 11:21:23.205,PA02,1741270883193,1741270883205,CNP-1741270883193,No hubieron propuestas,12,null,0,15,0,0
2025-03-06 11:21:23.222,PA04,1741270883220,1741270883222,CNP-1741270883220,No hubieron propuestas,2,null,0,15,0,0
2025-03-06 11:21:23.226,PA01,1741270883223,1741270883226,CNP-1741270883223,No hubieron propuestas,3,null,0,15,0,0
2025-03-06 11:21:23.232,PA03,1741270883228,1741270883232,CNP-1741270883228,recibi inform. ganador acepto,4,Truck5,1,14,1,0
2025-03-06 11:21:25.202,PA05,1741270885197,1741270885202,CNP-1741270885197,No hubieron propuestas,5,null,0,15,0,0
2025-03-06 11:21:25.202,PA02,1741270885197,1741270885202,CNP-1741270885197,No hubieron propuestas,5,null,0,15,0,0
2025-03-06 11:21:25.229,PA04,1741270885224,1741270885229,CNP-1741270885224,No hubieron propuestas,5,null,0,15,0,0
2025-03-06 11:21:25.229,PA01,1741270885226,1741270885229,CNP-1741270885226,No hubieron propuestas,3,null,0,15,0,0
2025-03-06 11:21:25.234,PA03,1741270885230,1741270885234,CNP-1741270885230,recibi inform. ganador acepto,4,Truck1,2,13,1,0
2025-03-06 11:21:27.206,PA05,1741270887200,1741270887205,CNP-1741270887200,No hubieron propuestas,5,null,0,15,0,0
2025-03-06 11:21:27.206,PA02,1741270887198,1741270887206,CNP-1741270887198,No hubieron propuestas,8,null,0,15,0,0
2025-03-06 11:21:27.234,PA04,1741270887225,1741270887234,CNP-1741270887225,No hubieron propuestas,9,null,0,15,0,0
2025-03-06 11:21:27.235,PA01,1741270887227,1741270887235,CNP-1741270887227,No hubieron propuestas,8,null,0,15,0,0
2025-03-06 11:21:27.236,PA03,1741270887231,1741270887236,CNP-1741270887231,recibi inform. ganador acepto,5,Truck12,2,13,1,0
2025-03-06 11:21:29.208,PA02,1741270889202,1741270889208,CNP-1741270889202,No hubieron propuestas,6,null,0,15,0,0
2025-03-06 11:21:29.208,PA05,1741270889202,1741270889208,CNP-1741270889202,No hubieron propuestas,6,null,0,15,0,0
2025-03-06 11:21:29.237,PA04,1741270889229,1741270889237,CNP-1741270889229,No hubieron propuestas,8,null,0,15,0,0
2025-03-06 11:21:29.237,PA01,1741270889229,1741270889236,CNP-1741270889229,No hubieron propuestas,7,null,0,15,0,0
2025-03-06 11:21:29.237,PA03,1741270889232,1741270889237,CNP-1741270889232,No hubieron propuestas,5,null,0,15,0,0
2025-03-06 11:21:31.217,PA05,1741270891204,1741270891217,CNP-1741270891204,No hubieron propuestas,13,null,0,15,0,0
2025-03-06 11:21:31.219,PA02,1741270891206,1741270891219,CNP-1741270891206,recibi cancel,13,Truck8,1,14,0,1
2025-03-06 11:21:31.241,PA01,1741270891233,1741270891241,CNP-1741270891233,No hubieron propuestas,8,null,0,15,0,0
2025-03-06 11:21:31.241,PA04,1741270891233,1741270891241,CNP-1741270891233,No hubieron propuestas,8,null,0,15,0,0
2025-03-06 11:21:31.241,PA03,1741270891234,1741270891241,CNP-1741270891233,No hubieron propuestas,7,null,0,15,0,0
2025-03-06 11:21:33.212,PA05,1741270893206,1741270893212,CNP-1741270893206,No hubieron propuestas,6,null,0,15,0,0
2025-03-06 11:21:33.213,PA02,1741270893208,1741270893213,CNP-1741270893208,recibi cancel,5,Truck8,1,14,0,1
2025-03-06 11:21:33.243,PA01,1741270893235,1741270893243,CNP-1741270893235,No hubieron propuestas,8,null,0,15,0,0
2025-03-06 11:21:33.243,PA03,1741270893239,1741270893243,CNP-1741270893238,No hubieron propuestas,4,null,0,15,0,0
2025-03-06 11:21:33.243,PA04,1741270893238,1741270893243,CNP-1741270893238,No hubieron propuestas,5,null,0,15,0,0
2025-03-06 11:21:35.213,PA05,1741270895207,1741270895213,CNP-1741270895207,No hubieron propuestas,6,null,0,15,0,0
2025-03-06 11:21:35.214,PA02,1741270895210,1741270895214,CNP-1741270895210,recibi cancel,4,Truck8,1,14,0,1
2025-03-06 11:21:35.248,PA01,1741270895240,1741270895248,CNP-1741270895240,No hubieron propuestas,8,null,0,15,0,0
2025-03-06 11:21:35.248,PA04,1741270895240,1741270895248,CNP-1741270895240,No hubieron propuestas,8,null,0,15,0,0
2025-03-06 11:21:35.248,PA03,1741270895244,1741270895248,CNP-1741270895244,No hubieron propuestas,4,null,0,15,0,0
2025-03-06 11:21:37.211,PA05,1741270897209,1741270897211,CNP-1741270897209,No hubieron propuestas,2,null,0,15,0,0
2025-03-06 11:21:37.215,PA02,1741270897211,1741270897215,CNP-1741270897211,recibi cancel,4,Truck8,1,14,0,1
2025-03-06 11:21:37.252,PA03,1741270897247,1741270897252,CNP-1741270897247,No hubieron propuestas,5,null,0,15,0,0
2025-03-06 11:21:37.252,PA01,1741270897247,1741270897252,CNP-1741270897247,No hubieron propuestas,5,null,0,15,0,0
2025-03-06 11:21:37.253,PA04,1741270897244,1741270897253,CNP-1741270897244,recibi inform. ganador acepto,9,Truck14,1,14,1,0
2025-03-06 11:21:39.221,PA05,1741270899212,1741270899221,CNP-1741270899212,No hubieron propuestas,9,null,0,15,0,0
2025-03-06 11:21:39.222,PA02,1741270899213,1741270899222,CNP-1741270899213,recibi cancel,9,Truck8,1,14,0,1
2025-03-06 11:21:39.251,PA04,1741270899248,1741270899251,CNP-1741270899247,No hubieron propuestas,3,null,0,15,0,0
2025-03-06 11:21:39.251,PA03,1741270899249,1741270899251,CNP-1741270899249,No hubieron propuestas,2,null,0,15,0,0
2025-03-06 11:21:39.251,PA01,1741270899249,1741270899251,CNP-1741270899249,No hubieron propuestas,2,null,0,15,0,0
2025-03-06 11:21:41.223,PA05,1741270901215,1741270901223,CNP-1741270901215,No hubieron propuestas,8,null,0,15,0,0
2025-03-06 11:21:41.226,PA02,1741270901215,1741270901226,CNP-1741270901215,recibi cancel,11,Truck8,1,14,0,1
2025-03-06 11:21:41.257,PA01,1741270901252,1741270901257,CNP-1741270901252,No hubieron propuestas,5,null,0,15,0,0
2025-03-06 11:21:41.257,PA04,1741270901251,1741270901257,CNP-1741270901251,No hubieron propuestas,6,null,0,15,0,0
2025-03-06 11:21:41.257,PA03,1741270901254,1741270901257,CNP-1741270901254,No hubieron propuestas,3,null,0,15,0,0
2025-03-06 11:21:43.221,PA05,1741270903217,1741270903221,CNP-1741270903217,No hubieron propuestas,4,null,0,15,0,0
2025-03-06 11:21:43.227,PA02,1741270903220,1741270903227,CNP-1741270903220,recibi cancel,7,Truck8,1,14,0,1
2025-03-06 11:21:43.262,PA04,1741270903252,1741270903262,CNP-1741270903252,No hubieron propuestas,10,null,0,15,0,0
2025-03-06 11:21:43.262,PA01,1741270903254,1741270903262,CNP-1741270903254,No hubieron propuestas,8,null,0,15,0,0
2025-03-06 11:21:43.264,PA03,1741270903255,1741270903264,CNP-1741270903255,recibi inform. ganador acepto,9,Truck9,2,13,1,0
2025-03-06 11:21:45.221,PA05,1741270905218,1741270905221,CNP-1741270905218,No hubieron propuestas,3,null,0,15,0,0
2025-03-06 11:21:45.228,PA02,1741270905222,1741270905228,CNP-1741270905222,No hubieron propuestas,6,null,0,15,0,0
2025-03-06 11:21:45.264,PA04,1741270905254,1741270905264,CNP-1741270905254,No hubieron propuestas,10,null,0,15,0,0
2025-03-06 11:21:45.265,PA01,1741270905257,1741270905265,CNP-1741270905257,No hubieron propuestas,8,null,0,15,0,0
2025-03-06 11:21:45.266,PA03,1741270905261,1741270905266,CNP-1741270905261,recibi inform. ganador acepto,5,Truck13,1,14,1,0
2025-03-06 11:21:47.228,PA05,1741270907222,1741270907228,CNP-1741270907221,No hubieron propuestas,6,null,0,15,0,0
2025-03-06 11:21:47.229,PA02,1741270907225,1741270907229,CNP-1741270907225,No hubieron propuestas,4,null,0,15,0,0
2025-03-06 11:21:47.268,PA04,1741270907258,1741270907268,CNP-1741270907257,No hubieron propuestas,10,null,0,15,0,0
2025-03-06 11:21:47.268,PA01,1741270907259,1741270907268,CNP-1741270907259,No hubieron propuestas,9,null,0,15,0,0
2025-03-06 11:21:47.270,PA03,1741270907264,1741270907270,CNP-1741270907264,recibi inform. ganador acepto,6,Truck14,1,14,1,0
2025-03-06 11:21:49.230,PA05,1741270909224,1741270909230,CNP-1741270909224,No hubieron propuestas,6,null,0,15,0,0
2025-03-06 11:21:49.230,PA02,1741270909227,1741270909230,CNP-1741270909226,No hubieron propuestas,3,null,0,15,0,0
2025-03-06 11:21:49.263,PA04,1741270909259,1741270909263,CNP-1741270909259,No hubieron propuestas,4,null,0,15,0,0
2025-03-06 11:21:49.263,PA01,1741270909260,1741270909263,CNP-1741270909260,No hubieron propuestas,3,null,0,15,0,0
2025-03-06 11:21:49.271,PA03,1741270909267,1741270909271,CNP-1741270909267,recibi inform. ganador acepto,4,Truck0,3,12,1,0
2025-03-06 11:21:51.234,PA05,1741270911229,1741270911234,CNP-1741270911229,No hubieron propuestas,5,null,0,15,0,0
2025-03-06 11:21:51.234,PA02,1741270911229,1741270911234,CNP-1741270911229,No hubieron propuestas,5,null,0,15,0,0
2025-03-06 11:21:51.267,PA01,1741270911264,1741270911267,CNP-1741270911264,No hubieron propuestas,3,null,0,15,0,0
2025-03-06 11:21:51.267,PA04,1741270911264,1741270911267,CNP-1741270911264,No hubieron propuestas,3,null,0,15,0,0
2025-03-06 11:21:51.270,PA03,1741270911269,1741270911270,CNP-1741270911269,No hubieron propuestas,1,null,0,15,0,0
2025-03-06 11:21:53.236,PA05,1741270913231,1741270913236,CNP-1741270913231,No hubieron propuestas,5,null,0,15,0,0
2025-03-06 11:21:53.236,PA02,1741270913232,1741270913236,CNP-1741270913232,No hubieron propuestas,4,null,0,15,0,0
2025-03-06 11:21:53.272,PA04,1741270913267,1741270913272,CNP-1741270913266,No hubieron propuestas,5,null,0,15,0,0
2025-03-06 11:21:53.272,PA01,1741270913267,1741270913272,CNP-1741270913266,No hubieron propuestas,5,null,0,15,0,0
2025-03-06 11:21:53.272,PA03,1741270913270,1741270913272,CNP-1741270913270,No hubieron propuestas,2,null,0,15,0,0
2025-03-06 11:21:55.246,PA02,1741270915237,1741270915246,CNP-1741270915236,No hubieron propuestas,9,null,0,15,0,0
2025-03-06 11:21:55.246,PA05,1741270915237,1741270915246,CNP-1741270915236,No hubieron propuestas,9,null,0,15,0,0
2025-03-06 11:21:55.280,PA01,1741270915270,1741270915280,CNP-1741270915270,No hubieron propuestas,10,null,0,15,0,0
2025-03-06 11:21:55.280,PA04,1741270915270,1741270915280,CNP-1741270915270,No hubieron propuestas,10,null,0,15,0,0
2025-03-06 11:21:55.282,PA03,1741270915271,1741270915282,CNP-1741270915271,recibi inform. ganador acepto,11,Truck10,1,14,1,0
2025-03-06 11:21:57.252,PA02,1741270917239,1741270917252,CNP-1741270917238,No hubieron propuestas,13,null,0,15,0,0
2025-03-06 11:21:57.253,PA05,1741270917241,1741270917253,CNP-1741270917241,No hubieron propuestas,12,null,0,15,0,0
2025-03-06 11:21:57.280,PA01,1741270917273,1741270917280,CNP-1741270917273,No hubieron propuestas,7,null,0,15,0,0
2025-03-06 11:21:57.280,PA04,1741270917273,1741270917280,CNP-1741270917273,No hubieron propuestas,7,null,0,15,0,0
2025-03-06 11:21:57.281,PA03,1741270917273,1741270917281,CNP-1741270917273,recibi inform. ganador acepto,8,Truck4,1,14,1,0
2025-03-06 11:21:59.253,PA02,1741270919245,1741270919253,CNP-1741270919245,No hubieron propuestas,8,null,0,15,0,0
2025-03-06 11:21:59.255,PA05,1741270919245,1741270919255,CNP-1741270919245,recibi inform. ganador acepto,10,Truck3,1,14,1,0
2025-03-06 11:21:59.276,PA04,1741270919274,1741270919276,CNP-1741270919274,No hubieron propuestas,2,null,0,15,0,0
2025-03-06 11:21:59.279,PA01,1741270919276,1741270919279,CNP-1741270919276,No hubieron propuestas,3,null,0,15,0,0
2025-03-06 11:21:59.280,PA03,1741270919278,1741270919280,CNP-1741270919278,recibi inform. ganador acepto,2,Truck11,1,14,1,0
2025-03-06 11:22:01.253,PA05,1741270921247,1741270921253,CNP-1741270921246,No hubieron propuestas,6,null,0,15,0,0
2025-03-06 11:22:01.253,PA02,1741270921249,1741270921253,CNP-1741270921248,No hubieron propuestas,4,null,0,15,0,0
2025-03-06 11:22:01.286,PA01,1741270921280,1741270921286,CNP-1741270921280,No hubieron propuestas,6,null,0,15,0,0
2025-03-06 11:22:01.286,PA04,1741270921280,1741270921286,CNP-1741270921280,No hubieron propuestas,6,null,0,15,0,0
2025-03-06 11:22:01.288,PA03,1741270921282,1741270921288,CNP-1741270921281,recibi inform. ganador acepto,6,Truck5,1,14,1,0
2025-03-06 11:22:03.255,PA05,1741270923250,1741270923255,CNP-1741270923250,No hubieron propuestas,5,null,0,15,0,0
2025-03-06 11:22:03.255,PA02,1741270923250,1741270923255,CNP-1741270923250,No hubieron propuestas,5,null,0,15,0,0
2025-03-06 11:22:03.286,PA01,1741270923281,1741270923286,CNP-1741270923281,No hubieron propuestas,5,null,0,15,0,0
2025-03-06 11:22:03.286,PA04,1741270923283,1741270923286,CNP-1741270923283,No hubieron propuestas,3,null,0,15,0,0
2025-03-06 11:22:03.286,PA03,1741270923283,1741270923286,CNP-1741270923283,No hubieron propuestas,3,null,0,15,0,0
2025-03-06 11:22:05.258,PA05,1741270925254,1741270925258,CNP-1741270925253,No hubieron propuestas,4,null,0,15,0,0
2025-03-06 11:22:05.258,PA02,1741270925256,1741270925258,CNP-1741270925255,No hubieron propuestas,2,null,0,15,0,0
2025-03-06 11:22:05.287,PA01,1741270925283,1741270925287,CNP-1741270925282,No hubieron propuestas,4,null,0,15,0,0
2025-03-06 11:22:05.287,PA04,1741270925284,1741270925287,CNP-1741270925284,No hubieron propuestas,3,null,0,15,0,0
2025-03-06 11:22:05.290,PA03,1741270925288,1741270925290,CNP-1741270925288,recibi inform. ganador acepto,2,Truck8,1,14,1,0
2025-03-06 11:22:07.261,PA02,1741270927258,1741270927261,CNP-1741270927258,No hubieron propuestas,3,null,0,15,0,0
2025-03-06 11:22:07.261,PA05,1741270927256,1741270927261,CNP-1741270927255,No hubieron propuestas,5,null,0,15,0,0
2025-03-06 11:22:07.292,PA04,1741270927287,1741270927292,CNP-1741270927287,No hubieron propuestas,5,null,0,15,0,0
2025-03-06 11:22:07.292,PA03,1741270927290,1741270927292,CNP-1741270927289,No hubieron propuestas,2,null,0,15,0,0
2025-03-06 11:22:07.292,PA01,1741270927285,1741270927292,CNP-1741270927284,No hubieron propuestas,7,null,0,15,0,0
2025-03-06 11:22:09.265,PA02,1741270929261,1741270929265,CNP-1741270929261,No hubieron propuestas,4,null,0,15,0,0
2025-03-06 11:22:09.265,PA05,1741270929259,1741270929265,CNP-1741270929258,No hubieron propuestas,6,null,0,15,0,0
2025-03-06 11:22:09.290,PA04,1741270929288,1741270929290,CNP-1741270929288,No hubieron propuestas,2,null,0,15,0,0
2025-03-06 11:22:09.290,PA01,1741270929288,1741270929290,CNP-1741270929288,No hubieron propuestas,2,null,0,15,0,0
2025-03-06 11:22:09.292,PA03,1741270929291,1741270929292,CNP-1741270929291,No hubieron propuestas,1,null,0,15,0,0
2025-03-06 11:22:11.270,PA02,1741270931264,1741270931270,CNP-1741270931264,No hubieron propuestas,6,null,0,15,0,0
2025-03-06 11:22:11.270,PA05,1741270931264,1741270931270,CNP-1741270931264,No hubieron propuestas,6,null,0,15,0,0
2025-03-06 11:22:11.301,PA01,1741270931292,1741270931301,CNP-1741270931291,No hubieron propuestas,9,null,0,15,0,0
2025-03-06 11:22:11.301,PA03,1741270931294,1741270931301,CNP-1741270931294,No hubieron propuestas,7,null,0,15,0,0
2025-03-06 11:22:11.301,PA04,1741270931292,1741270931301,CNP-1741270931291,No hubieron propuestas,9,null,0,15,0,0
2025-03-06 11:22:13.272,PA02,1741270933269,1741270933272,CNP-1741270933269,No hubieron propuestas,3,null,0,15,0,0
2025-03-06 11:22:13.272,PA05,1741270933266,1741270933272,CNP-1741270933265,No hubieron propuestas,6,null,0,15,0,0
2025-03-06 11:22:13.302,PA04,1741270933294,1741270933302,CNP-1741270933294,No hubieron propuestas,8,null,0,15,0,0
2025-03-06 11:22:13.302,PA03,1741270933295,1741270933302,CNP-1741270933295,No hubieron propuestas,7,null,0,15,0,0
2025-03-06 11:22:13.302,PA01,1741270933294,1741270933302,CNP-1741270933294,No hubieron propuestas,8,null,0,15,0,0
2025-03-06 11:22:15.277,PA02,1741270935270,1741270935277,CNP-1741270935270,No hubieron propuestas,7,null,0,15,0,0
2025-03-06 11:22:15.277,PA05,1741270935267,1741270935277,CNP-1741270935267,No hubieron propuestas,10,null,0,15,0,0
2025-03-06 11:22:15.302,PA04,1741270935296,1741270935302,CNP-1741270935296,No hubieron propuestas,6,null,0,15,0,0
2025-03-06 11:22:15.302,PA01,1741270935296,1741270935302,CNP-1741270935296,No hubieron propuestas,6,null,0,15,0,0
2025-03-06 11:22:15.303,PA03,1741270935298,1741270935303,CNP-1741270935298,recibi inform. ganador acepto,5,Truck6,2,13,1,0
2025-03-06 11:22:17.276,PA05,1741270937270,1741270937276,CNP-1741270937270,No hubieron propuestas,6,null,0,15,0,0
2025-03-06 11:22:17.276,PA02,1741270937272,1741270937276,CNP-1741270937272,No hubieron propuestas,4,null,0,15,0,0
2025-03-06 11:22:17.303,PA01,1741270937298,1741270937303,CNP-1741270937298,No hubieron propuestas,5,null,0,15,0,0
2025-03-06 11:22:17.303,PA04,1741270937298,1741270937303,CNP-1741270937298,No hubieron propuestas,5,null,0,15,0,0
2025-03-06 11:22:17.304,PA03,1741270937301,1741270937304,CNP-1741270937300,recibi inform. ganador acepto,3,Truck1,2,13,1,0
2025-03-06 11:22:19.278,PA05,1741270939275,1741270939278,CNP-1741270939275,No hubieron propuestas,3,null,0,15,0,0
2025-03-06 11:22:19.278,PA02,1741270939275,1741270939278,CNP-1741270939275,No hubieron propuestas,3,null,0,15,0,0
2025-03-06 11:22:19.309,PA01,1741270939302,1741270939309,CNP-1741270939302,No hubieron propuestas,7,null,0,15,0,0
2025-03-06 11:22:19.309,PA03,1741270939302,1741270939309,CNP-1741270939302,No hubieron propuestas,7,null,0,15,0,0
2025-03-06 11:22:19.309,PA04,1741270939302,1741270939309,CNP-1741270939302,No hubieron propuestas,7,null,0,15,0,0
2025-03-06 11:22:21.285,PA02,1741270941278,1741270941285,CNP-1741270941278,No hubieron propuestas,7,null,0,15,0,0
2025-03-06 11:22:21.285,PA05,1741270941276,1741270941285,CNP-1741270941276,No hubieron propuestas,9,null,0,15,0,0
2025-03-06 11:22:21.312,PA01,1741270941305,1741270941312,CNP-1741270941304,No hubieron propuestas,7,null,0,15,0,0
2025-03-06 11:22:21.312,PA04,1741270941307,1741270941312,CNP-1741270941307,No hubieron propuestas,5,null,0,15,0,0
2025-03-06 11:22:21.312,PA03,1741270941307,1741270941312,CNP-1741270941307,No hubieron propuestas,5,null,0,15,0,0
2025-03-06 11:22:23.285,PA05,1741270943279,1741270943285,CNP-1741270943278,No hubieron propuestas,6,null,0,15,0,0
2025-03-06 11:22:23.285,PA02,1741270943283,1741270943285,CNP-1741270943283,No hubieron propuestas,2,null,0,15,0,0
2025-03-06 11:22:23.319,PA01,1741270943309,1741270943319,CNP-1741270943309,No hubieron propuestas,10,null,0,15,0,0
2025-03-06 11:22:23.319,PA03,1741270943311,1741270943319,CNP-1741270943311,No hubieron propuestas,8,null,0,15,0,0
2025-03-06 11:22:23.319,PA04,1741270943309,1741270943319,CNP-1741270943309,No hubieron propuestas,10,null,0,15,0,0
2025-03-06 11:22:25.285,PA05,1741270945282,1741270945285,CNP-1741270945281,No hubieron propuestas,3,null,0,15,0,0
2025-03-06 11:22:25.286,PA02,1741270945284,1741270945286,CNP-1741270945284,No hubieron propuestas,2,null,0,15,0,0
2025-03-06 11:22:25.317,PA01,1741270945311,1741270945317,CNP-1741270945311,No hubieron propuestas,6,null,0,15,0,0
2025-03-06 11:22:25.317,PA03,1741270945313,1741270945317,CNP-1741270945313,No hubieron propuestas,4,null,0,15,0,0
2025-03-06 11:22:25.317,PA04,1741270945311,1741270945317,CNP-1741270945311,No hubieron propuestas,6,null,0,15,0,0
2025-03-06 11:22:27.298,PA05,1741270947288,1741270947298,CNP-1741270947287,No hubieron propuestas,10,null,0,15,0,0
2025-03-06 11:22:27.298,PA02,1741270947288,1741270947298,CNP-1741270947287,No hubieron propuestas,10,null,0,15,0,0
2025-03-06 11:22:27.318,PA01,1741270947312,1741270947318,CNP-1741270947312,No hubieron propuestas,6,null,0,15,0,0
2025-03-06 11:22:27.319,PA04,1741270947316,1741270947319,CNP-1741270947316,No hubieron propuestas,3,null,0,15,0,0
2025-03-06 11:22:27.319,PA03,1741270947317,1741270947319,CNP-1741270947317,No hubieron propuestas,2,null,0,15,0,0
2025-03-06 11:22:29.304,PA02,1741270949289,1741270949304,CNP-1741270949289,No hubieron propuestas,15,null,0,15,0,0
2025-03-06 11:22:29.304,PA05,1741270949291,1741270949304,CNP-1741270949291,No hubieron propuestas,13,null,0,15,0,0
2025-03-06 11:22:29.320,PA01,1741270949316,1741270949320,CNP-1741270949316,No hubieron propuestas,4,null,0,15,0,0
2025-03-06 11:22:29.320,PA04,1741270949317,1741270949320,CNP-1741270949317,No hubieron propuestas,3,null,0,15,0,0
2025-03-06 11:22:29.320,PA03,1741270949319,1741270949320,CNP-1741270949319,No hubieron propuestas,1,null,0,15,0,0
2025-03-06 11:22:31.299,PA05,1741270951294,1741270951299,CNP-1741270951294,No hubieron propuestas,5,null,0,15,0,0
2025-03-06 11:22:31.299,PA02,1741270951294,1741270951299,CNP-1741270951294,No hubieron propuestas,5,null,0,15,0,0
2025-03-06 11:22:31.326,PA01,1741270951318,1741270951326,CNP-1741270951318,No hubieron propuestas,8,null,0,15,0,0
2025-03-06 11:22:31.326,PA04,1741270951320,1741270951326,CNP-1741270951320,No hubieron propuestas,6,null,0,15,0,0
2025-03-06 11:22:31.326,PA03,1741270951322,1741270951326,CNP-1741270951322,No hubieron propuestas,4,null,0,15,0,0
2025-03-06 11:22:33.304,PA02,1741270953299,1741270953304,CNP-1741270953298,No hubieron propuestas,5,null,0,15,0,0
2025-03-06 11:22:33.304,PA05,1741270953299,1741270953304,CNP-1741270953298,No hubieron propuestas,5,null,0,15,0,0
2025-03-06 11:22:33.329,PA04,1741270953322,1741270953329,CNP-1741270953322,No hubieron propuestas,7,null,0,15,0,0
2025-03-06 11:22:33.329,PA01,1741270953322,1741270953329,CNP-1741270953322,No hubieron propuestas,7,null,0,15,0,0
2025-03-06 11:22:33.331,PA03,1741270953324,1741270953331,CNP-1741270953324,recibi inform. ganador acepto,7,Truck13,1,14,1,0
2025-03-06 11:22:35.305,PA05,1741270955302,1741270955305,CNP-1741270955301,No hubieron propuestas,3,null,0,15,0,0
2025-03-06 11:22:35.306,PA02,1741270955302,1741270955306,CNP-1741270955301,recibi cancel,4,Truck10,1,14,0,1
2025-03-06 11:22:35.330,PA03,1741270955325,1741270955330,CNP-1741270955325,No hubieron propuestas,5,null,0,15,0,0
2025-03-06 11:22:35.330,PA04,1741270955325,1741270955330,CNP-1741270955325,No hubieron propuestas,5,null,0,15,0,0
2025-03-06 11:22:35.330,PA01,1741270955326,1741270955330,CNP-1741270955325,No hubieron propuestas,4,null,0,15,0,0
2025-03-06 11:22:37.310,PA05,1741270957306,1741270957310,CNP-1741270957306,No hubieron propuestas,4,null,0,15,0,0
2025-03-06 11:22:37.311,PA02,1741270957306,1741270957311,CNP-1741270957306,recibi cancel,5,Truck10,1,14,0,1
2025-03-06 11:22:37.336,PA04,1741270957327,1741270957336,CNP-1741270957327,No hubieron propuestas,9,null,0,15,0,0
2025-03-06 11:22:37.336,PA01,1741270957328,1741270957336,CNP-1741270957328,No hubieron propuestas,8,null,0,15,0,0
2025-03-06 11:22:37.337,PA03,1741270957330,1741270957337,CNP-1741270957330,recibi inform. ganador acepto,7,Truck9,1,14,1,0
2025-03-06 11:22:39.315,PA02,1741270959307,1741270959315,CNP-1741270959307,No hubieron propuestas,8,null,0,15,0,0
2025-03-06 11:22:39.315,PA05,1741270959309,1741270959315,CNP-1741270959309,No hubieron propuestas,6,null,0,15,0,0
2025-03-06 11:22:39.337,PA04,1741270959332,1741270959337,CNP-1741270959331,No hubieron propuestas,5,null,0,15,0,0
2025-03-06 11:22:39.337,PA01,1741270959332,1741270959337,CNP-1741270959331,No hubieron propuestas,5,null,0,15,0,0
2025-03-06 11:22:39.337,PA03,1741270959333,1741270959337,CNP-1741270959333,No hubieron propuestas,4,null,0,15,0,0
2025-03-06 11:22:41.315,PA02,1741270961308,1741270961315,CNP-1741270961308,No hubieron propuestas,7,null,0,15,0,0
2025-03-06 11:22:41.315,PA05,1741270961311,1741270961315,CNP-1741270961311,No hubieron propuestas,4,null,0,15,0,0
2025-03-06 11:22:41.341,PA04,1741270961333,1741270961341,CNP-1741270961333,No hubieron propuestas,8,null,0,15,0,0
2025-03-06 11:22:41.343,PA01,1741270961335,1741270961343,CNP-1741270961335,recibi cancel,8,Truck10,1,14,0,1
2025-03-06 11:22:41.343,PA03,1741270961338,1741270961343,CNP-1741270961337,recibi inform. ganador acepto,5,Truck4,1,14,1,0
2025-03-06 11:22:43.318,PA05,1741270963312,1741270963318,CNP-1741270963312,No hubieron propuestas,6,null,0,15,0,0
2025-03-06 11:22:43.318,PA02,1741270963312,1741270963318,CNP-1741270963312,No hubieron propuestas,6,null,0,15,0,0
2025-03-06 11:22:43.345,PA04,1741270963336,1741270963345,CNP-1741270963336,No hubieron propuestas,9,null,0,15,0,0
2025-03-06 11:22:43.345,PA01,1741270963338,1741270963345,CNP-1741270963338,recibi cancel,7,Truck10,1,14,0,1
2025-03-06 11:22:43.346,PA03,1741270963340,1741270963346,CNP-1741270963340,recibi inform. ganador acepto,6,Truck0,1,14,1,0
2025-03-06 11:22:45.332,PA05,1741270965318,1741270965332,CNP-1741270965318,No hubieron propuestas,14,null,0,15,0,0
2025-03-06 11:22:45.332,PA02,1741270965318,1741270965332,CNP-1741270965318,No hubieron propuestas,14,null,0,15,0,0
2025-03-06 11:22:45.349,PA04,1741270965341,1741270965349,CNP-1741270965341,No hubieron propuestas,8,null,0,15,0,0
2025-03-06 11:22:45.349,PA03,1741270965342,1741270965349,CNP-1741270965342,No hubieron propuestas,7,null,0,15,0,0
2025-03-06 11:22:45.350,PA01,1741270965341,1741270965350,CNP-1741270965341,recibi cancel,9,Truck10,1,14,0,1
2025-03-06 11:22:47.326,PA05,1741270967320,1741270967326,CNP-1741270967319,No hubieron propuestas,6,null,0,15,0,0
2025-03-06 11:22:47.326,PA02,1741270967321,1741270967326,CNP-1741270967321,No hubieron propuestas,5,null,0,15,0,0
2025-03-06 11:22:47.350,PA04,1741270967342,1741270967350,CNP-1741270967342,No hubieron propuestas,8,null,0,15,0,0
2025-03-06 11:22:47.351,PA01,1741270967345,1741270967351,CNP-1741270967345,recibi cancel,6,Truck10,1,14,0,1
2025-03-06 11:22:47.351,PA03,1741270967343,1741270967351,CNP-1741270967343,recibi inform. ganador acepto,8,Truck5,1,14,1,0
2025-03-06 11:22:49.328,PA05,1741270969322,1741270969328,CNP-1741270969322,No hubieron propuestas,6,null,0,15,0,0
2025-03-06 11:22:49.328,PA02,1741270969322,1741270969328,CNP-1741270969322,No hubieron propuestas,6,null,0,15,0,0
2025-03-06 11:22:49.355,PA04,1741270969347,1741270969355,CNP-1741270969347,No hubieron propuestas,8,null,0,15,0,0
2025-03-06 11:22:49.356,PA01,1741270969347,1741270969356,CNP-1741270969347,recibi cancel,9,Truck10,1,14,0,1
2025-03-06 11:22:49.357,PA03,1741270969347,1741270969357,CNP-1741270969347,recibi inform. ganador acepto,10,Truck11,1,14,1,0
2025-03-06 11:22:51.334,PA02,1741270971327,1741270971334,CNP-1741270971327,No hubieron propuestas,7,null,0,15,0,0
2025-03-06 11:22:51.334,PA05,1741270971327,1741270971334,CNP-1741270971327,No hubieron propuestas,7,null,0,15,0,0
2025-03-06 11:22:51.353,PA04,1741270971349,1741270971353,CNP-1741270971348,No hubieron propuestas,4,null,0,15,0,0
2025-03-06 11:22:51.355,PA03,1741270971350,1741270971355,CNP-1741270971350,recibi inform. ganador acepto,5,Truck10,1,14,1,0
2025-03-06 11:22:51.356,PA01,1741270971350,1741270971356,CNP-1741270971350,recibi cancel,6,Truck10,1,14,0,1
2025-03-06 11:22:53.336,PA05,1741270973332,1741270973336,CNP-1741270973331,No hubieron propuestas,4,null,0,15,0,0
2025-03-06 11:22:53.336,PA02,1741270973329,1741270973336,CNP-1741270973329,No hubieron propuestas,7,null,0,15,0,0
2025-03-06 11:22:53.358,PA04,1741270973352,1741270973358,CNP-1741270973352,No hubieron propuestas,6,null,0,15,0,0
2025-03-06 11:22:53.360,PA03,1741270973354,1741270973360,CNP-1741270973354,recibi inform. ganador acepto,6,Truck14,1,14,1,0
2025-03-06 11:22:53.360,PA01,1741270973352,1741270973360,CNP-1741270973352,recibi cancel,8,Truck10,1,14,0,1
2025-03-06 11:22:55.338,PA02,1741270975332,1741270975338,CNP-1741270975332,No hubieron propuestas,6,null,0,15,0,0
2025-03-06 11:22:55.339,PA05,1741270975333,1741270975339,CNP-1741270975333,No hubieron propuestas,6,null,0,15,0,0
2025-03-06 11:22:55.364,PA04,1741270975356,1741270975364,CNP-1741270975356,No hubieron propuestas,8,null,0,15,0,0
2025-03-06 11:22:55.364,PA01,1741270975354,1741270975364,CNP-1741270975354,recibi cancel,10,Truck10,1,14,0,1
2025-03-06 11:22:55.364,PA03,1741270975356,1741270975364,CNP-1741270975356,recibi inform. ganador acepto,8,Truck8,1,14,1,0
2025-03-06 11:22:57.341,PA02,1741270977335,1741270977341,CNP-1741270977334,No hubieron propuestas,6,null,0,15,0,0
2025-03-06 11:22:57.341,PA05,1741270977337,1741270977341,CNP-1741270977337,No hubieron propuestas,4,null,0,15,0,0
2025-03-06 11:22:57.364,PA04,1741270977360,1741270977364,CNP-1741270977360,No hubieron propuestas,4,null,0,15,0,0
2025-03-06 11:22:57.365,PA01,1741270977358,1741270977365,CNP-1741270977358,recibi cancel,7,Truck10,1,14,0,1
2025-03-06 11:22:57.365,PA03,1741270977358,1741270977365,CNP-1741270977358,recibi inform. ganador acepto,7,Truck6,1,14,1,0
2025-03-06 11:22:59.344,PA02,1741270979338,1741270979344,CNP-1741270979338,No hubieron propuestas,6,null,0,15,0,0
2025-03-06 11:22:59.344,PA05,1741270979339,1741270979344,CNP-1741270979339,No hubieron propuestas,5,null,0,15,0,0
2025-03-06 11:22:59.366,PA03,1741270979359,1741270979366,CNP-1741270979359,No hubieron propuestas,7,null,0,15,0,0
2025-03-06 11:22:59.367,PA04,1741270979361,1741270979367,CNP-1741270979361,No hubieron propuestas,6,null,0,15,0,0
2025-03-06 11:22:59.368,PA01,1741270979362,1741270979368,CNP-1741270979361,recibi cancel,6,Truck10,1,14,0,1
2025-03-06 11:23:01.350,PA02,1741270981342,1741270981350,CNP-1741270981341,No hubieron propuestas,8,null,0,15,0,0
2025-03-06 11:23:01.351,PA05,1741270981342,1741270981351,CNP-1741270981341,No hubieron propuestas,9,null,0,15,0,0
2025-03-06 11:23:01.368,PA03,1741270981361,1741270981368,CNP-1741270981361,No hubieron propuestas,7,null,0,15,0,0
2025-03-06 11:23:01.368,PA04,1741270981362,1741270981368,CNP-1741270981362,No hubieron propuestas,6,null,0,15,0,0
2025-03-06 11:23:01.369,PA01,1741270981365,1741270981369,CNP-1741270981365,recibi cancel,4,Truck10,1,14,0,1
2025-03-06 11:23:03.350,PA02,1741270983345,1741270983350,CNP-1741270983345,No hubieron propuestas,5,null,0,15,0,0
2025-03-06 11:23:03.350,PA05,1741270983348,1741270983350,CNP-1741270983348,No hubieron propuestas,2,null,0,15,0,0
2025-03-06 11:23:03.370,PA04,1741270983365,1741270983370,CNP-1741270983365,No hubieron propuestas,5,null,0,15,0,0
2025-03-06 11:23:03.370,PA03,1741270983362,1741270983370,CNP-1741270983362,No hubieron propuestas,8,null,0,15,0,0
2025-03-06 11:23:03.372,PA01,1741270983367,1741270983372,CNP-1741270983367,recibi cancel,5,Truck10,1,14,0,1
2025-03-06 11:23:05.352,PA02,1741270985346,1741270985352,CNP-1741270985346,No hubieron propuestas,6,null,0,15,0,0
2025-03-06 11:23:05.352,PA05,1741270985349,1741270985352,CNP-1741270985349,No hubieron propuestas,3,null,0,15,0,0
2025-03-06 11:23:05.370,PA03,1741270985364,1741270985370,CNP-1741270985364,No hubieron propuestas,6,null,0,15,0,0
2025-03-06 11:23:05.370,PA04,1741270985367,1741270985370,CNP-1741270985367,No hubieron propuestas,3,null,0,15,0,0
2025-03-06 11:23:05.371,PA01,1741270985368,1741270985371,CNP-1741270985368,recibi cancel,3,Truck10,1,14,0,1
2025-03-06 11:23:07.357,PA05,1741270987351,1741270987357,CNP-1741270987351,No hubieron propuestas,6,null,0,15,0,0
2025-03-06 11:23:07.357,PA02,1741270987351,1741270987357,CNP-1741270987351,No hubieron propuestas,6,null,0,15,0,0
2025-03-06 11:23:07.376,PA03,1741270987366,1741270987376,CNP-1741270987366,recibi inform. ganador acepto,10,Truck1,1,14,1,0
2025-03-06 11:23:07.376,PA04,1741270987369,1741270987376,CNP-1741270987369,No hubieron propuestas,7,null,0,15,0,0
2025-03-06 11:23:07.377,PA01,1741270987372,1741270987377,CNP-1741270987372,recibi cancel,5,Truck10,1,14,0,1
2025-03-06 11:23:09.357,PA05,1741270989354,1741270989357,CNP-1741270989354,No hubieron propuestas,3,null,0,15,0,0
2025-03-06 11:23:09.357,PA02,1741270989352,1741270989357,CNP-1741270989352,No hubieron propuestas,5,null,0,15,0,0
2025-03-06 11:23:09.368,PA03,1741270989367,1741270989368,CNP-1741270989367,No hubieron propuestas,1,null,0,15,0,0
2025-03-06 11:23:09.373,PA04,1741270989372,1741270989373,CNP-1741270989372,No hubieron propuestas,1,null,0,15,0,0
2025-03-06 11:23:09.374,PA01,1741270989373,1741270989374,CNP-1741270989373,No hubieron propuestas,1,null,0,15,0,0
2025-03-06 11:23:11.361,PA05,1741270991356,1741270991361,CNP-1741270991356,No hubieron propuestas,5,null,0,15,0,0
2025-03-06 11:23:11.361,PA02,1741270991356,1741270991361,CNP-1741270991356,No hubieron propuestas,5,null,0,15,0,0
2025-03-06 11:23:11.371,PA03,1741270991370,1741270991371,CNP-1741270991369,No hubieron propuestas,1,null,0,15,0,0
2025-03-06 11:23:11.384,PA04,1741270991375,1741270991384,CNP-1741270991375,No hubieron propuestas,9,null,0,15,0,0
2025-03-06 11:23:11.384,PA01,1741270991375,1741270991384,CNP-1741270991375,No hubieron propuestas,9,null,0,15,0,0
2025-03-06 11:23:13.367,PA02,1741270993359,1741270993367,CNP-1741270993359,No hubieron propuestas,8,null,0,15,0,0
2025-03-06 11:23:13.367,PA05,1741270993359,1741270993367,CNP-1741270993359,No hubieron propuestas,8,null,0,15,0,0
2025-03-06 11:23:13.373,PA03,1741270993371,1741270993373,CNP-1741270993371,No hubieron propuestas,2,null,0,15,0,0
2025-03-06 11:23:13.379,PA04,1741270993376,1741270993379,CNP-1741270993376,No hubieron propuestas,3,null,0,15,0,0
2025-03-06 11:23:13.379,PA01,1741270993377,1741270993379,CNP-1741270993377,No hubieron propuestas,2,null,0,15,0,0
2025-03-06 11:23:15.369,PA05,1741270995365,1741270995369,CNP-1741270995364,No hubieron propuestas,4,null,0,15,0,0
2025-03-06 11:23:15.369,PA02,1741270995365,1741270995369,CNP-1741270995364,No hubieron propuestas,4,null,0,15,0,0
2025-03-06 11:23:15.376,PA03,1741270995374,1741270995376,CNP-1741270995374,No hubieron propuestas,2,null,0,15,0,0
2025-03-06 11:23:15.382,PA04,1741270995377,1741270995382,CNP-1741270995377,No hubieron propuestas,5,null,0,15,0,0
2025-03-06 11:23:15.382,PA01,1741270995378,1741270995382,CNP-1741270995378,No hubieron propuestas,4,null,0,15,0,0
2025-03-06 11:23:17.372,PA02,1741270997367,1741270997372,CNP-1741270997366,No hubieron propuestas,5,null,0,15,0,0
2025-03-06 11:23:17.373,PA05,1741270997368,1741270997373,CNP-1741270997368,No hubieron propuestas,5,null,0,15,0,0
2025-03-06 11:23:17.379,PA03,1741270997375,1741270997379,CNP-1741270997375,recibi inform. ganador acepto,4,Truck13,1,14,1,0
2025-03-06 11:23:17.381,PA04,1741270997378,1741270997381,CNP-1741270997378,No hubieron propuestas,3,null,0,15,0,0
2025-03-06 11:23:17.381,PA01,1741270997379,1741270997381,CNP-1741270997379,No hubieron propuestas,2,null,0,15,0,0
2025-03-06 11:23:19.386,PA04,1741270999380,1741270999386,CNP-1741270999380,No hubieron propuestas,6,null,0,15,0,0
2025-03-06 11:23:19.386,PA02,1741270999373,1741270999386,CNP-1741270999372,No hubieron propuestas,13,null,0,15,0,0
2025-03-06 11:23:19.386,PA05,1741270999373,1741270999386,CNP-1741270999372,No hubieron propuestas,13,null,0,15,0,0
2025-03-06 11:23:19.386,PA01,1741270999381,1741270999386,CNP-1741270999381,No hubieron propuestas,5,null,0,15,0,0
2025-03-06 11:23:19.387,PA03,1741270999378,1741270999387,CNP-1741270999378,No hubieron propuestas,9,null,0,15,0,0
2025-03-06 11:23:21.390,PA02,1741271001375,1741271001390,CNP-1741271001374,No hubieron propuestas,15,null,0,15,0,0
2025-03-06 11:23:21.390,PA05,1741271001377,1741271001390,CNP-1741271001376,No hubieron propuestas,13,null,0,15,0,0
2025-03-06 11:23:21.390,PA01,1741271001383,1741271001390,CNP-1741271001383,No hubieron propuestas,7,null,0,15,0,0
2025-03-06 11:23:21.391,PA04,1741271001382,1741271001391,CNP-1741271001382,No hubieron propuestas,9,null,0,15,0,0
2025-03-06 11:23:21.392,PA03,1741271001380,1741271001392,CNP-1741271001380,recibi inform. ganador acepto,12,Truck4,1,14,1,0
2025-03-06 11:23:23.395,PA02,1741271003379,1741271003395,CNP-1741271003378,No hubieron propuestas,16,null,0,15,0,0
2025-03-06 11:23:23.396,PA03,1741271003381,1741271003396,CNP-1741271003381,No hubieron propuestas,15,null,0,15,0,0
2025-03-06 11:23:23.396,PA05,1741271003379,1741271003396,CNP-1741271003378,No hubieron propuestas,17,null,0,15,0,0
2025-03-06 11:23:23.396,PA04,1741271003386,1741271003396,CNP-1741271003386,No hubieron propuestas,10,null,0,15,0,0
2025-03-06 11:23:23.396,PA01,1741271003392,1741271003396,CNP-1741271003392,No hubieron propuestas,4,null,0,15,0,0
2025-03-06 11:23:25.393,PA03,1741271005383,1741271005393,CNP-1741271005383,No hubieron propuestas,10,null,0,15,0,0
2025-03-06 11:23:25.393,PA05,1741271005382,1741271005393,CNP-1741271005382,No hubieron propuestas,11,null,0,15,0,0
2025-03-06 11:23:25.393,PA02,1741271005382,1741271005393,CNP-1741271005382,No hubieron propuestas,11,null,0,15,0,0
2025-03-06 11:23:25.393,PA04,1741271005391,1741271005393,CNP-1741271005391,No hubieron propuestas,2,null,0,15,0,0
2025-03-06 11:23:25.396,PA01,1741271005393,1741271005396,CNP-1741271005393,No hubieron propuestas,3,null,0,15,0,0
2025-03-06 11:23:27.389,PA05,1741271007385,1741271007389,CNP-1741271007384,No hubieron propuestas,4,null,0,15,0,0
2025-03-06 11:23:27.390,PA02,1741271007383,1741271007390,CNP-1741271007383,No hubieron propuestas,7,null,0,15,0,0
2025-03-06 11:23:27.391,PA03,1741271007386,1741271007391,CNP-1741271007386,recibi inform. ganador acepto,5,Truck5,2,13,1,0
2025-03-06 11:23:27.395,PA04,1741271007392,1741271007395,CNP-1741271007392,No hubieron propuestas,3,null,0,15,0,0
2025-03-06 11:23:27.398,PA01,1741271007395,1741271007398,CNP-1741271007395,No hubieron propuestas,3,null,0,15,0,0
2025-03-06 11:23:29.402,PA04,1741271009396,1741271009401,CNP-1741271009396,No hubieron propuestas,5,null,0,15,0,0
2025-03-06 11:23:29.402,PA05,1741271009388,1741271009402,CNP-1741271009388,No hubieron propuestas,14,null,0,15,0,0
2025-03-06 11:23:29.402,PA02,1741271009388,1741271009402,CNP-1741271009388,No hubieron propuestas,14,null,0,15,0,0
2025-03-06 11:23:29.402,PA01,1741271009398,1741271009402,CNP-1741271009398,No hubieron propuestas,4,null,0,15,0,0
2025-03-06 11:23:29.403,PA03,1741271009388,1741271009403,CNP-1741271009388,recibi inform. ganador acepto,15,Truck0,2,13,1,0
2025-03-06 11:23:31.410,PA02,1741271011390,1741271011410,CNP-1741271011390,No hubieron propuestas,20,null,0,15,0,0
2025-03-06 11:23:31.412,PA03,1741271011392,1741271011412,CNP-1741271011392,recibi inform. ganador acepto,20,Truck9,1,14,1,0
2025-03-06 11:23:31.412,PA05,1741271011390,1741271011412,CNP-1741271011390,recibi inform. ganador acepto,22,Truck3,1,14,1,0
2025-03-06 11:23:31.413,PA04,1741271011401,1741271011412,CNP-1741271011401,No hubieron propuestas,11,null,0,15,0,0
2025-03-06 11:23:31.413,PA01,1741271011403,1741271011413,CNP-1741271011403,No hubieron propuestas,10,null,0,15,0,0
2025-03-06 11:23:33.409,PA05,1741271013395,1741271013409,CNP-1741271013395,No hubieron propuestas,14,null,0,15,0,0
2025-03-06 11:23:33.409,PA02,1741271013395,1741271013409,CNP-1741271013395,No hubieron propuestas,14,null,0,15,0,0
2025-03-06 11:23:33.409,PA01,1741271013405,1741271013409,CNP-1741271013405,No hubieron propuestas,4,null,0,15,0,0
2025-03-06 11:23:33.410,PA04,1741271013403,1741271013410,CNP-1741271013402,No hubieron propuestas,7,null,0,15,0,0
2025-03-06 11:23:33.410,PA03,1741271013396,1741271013410,CNP-1741271013395,recibi inform. ganador acepto,14,Truck11,1,14,1,0
2025-03-06 11:23:35.414,PA01,1741271015408,1741271015414,CNP-1741271015408,No hubieron propuestas,6,null,0,15,0,0
2025-03-06 11:23:35.414,PA05,1741271015402,1741271015414,CNP-1741271015401,No hubieron propuestas,12,null,0,15,0,0
2025-03-06 11:23:35.414,PA02,1741271015402,1741271015414,CNP-1741271015401,No hubieron propuestas,12,null,0,15,0,0
2025-03-06 11:23:35.414,PA04,1741271015406,1741271015414,CNP-1741271015406,No hubieron propuestas,8,null,0,15,0,0
2025-03-06 11:23:35.416,PA03,1741271015402,1741271015416,CNP-1741271015401,recibi inform. ganador acepto,14,Truck3,1,14,1,0
2025-03-06 11:23:37.420,PA02,1741271017405,1741271017420,CNP-1741271017405,No hubieron propuestas,15,null,0,15,0,0
2025-03-06 11:23:37.420,PA04,1741271017416,1741271017420,CNP-1741271017415,No hubieron propuestas,4,null,0,15,0,0
2025-03-06 11:23:37.420,PA05,1741271017405,1741271017420,CNP-1741271017405,No hubieron propuestas,15,null,0,15,0,0
2025-03-06 11:23:37.420,PA03,1741271017405,1741271017420,CNP-1741271017405,No hubieron propuestas,15,null,0,15,0,0
2025-03-06 11:23:37.420,PA01,1741271017416,1741271017420,CNP-1741271017415,No hubieron propuestas,4,null,0,15,0,0
2025-03-06 11:23:39.426,PA05,1741271019410,1741271019426,CNP-1741271019409,No hubieron propuestas,16,null,0,15,0,0
2025-03-06 11:23:39.428,PA01,1741271019418,1741271019428,CNP-1741271019418,No hubieron propuestas,10,null,0,15,0,0
2025-03-06 11:23:39.428,PA02,1741271019407,1741271019428,CNP-1741271019407,No hubieron propuestas,21,null,0,15,0,0
2025-03-06 11:23:39.428,PA04,1741271019417,1741271019428,CNP-1741271019417,No hubieron propuestas,11,null,0,15,0,0
2025-03-06 11:23:39.429,PA03,1741271019410,1741271019429,CNP-1741271019410,No hubieron propuestas,19,null,0,15,0,0
2025-03-06 11:23:41.415,PA02,1741271021410,1741271021415,CNP-1741271021410,No hubieron propuestas,5,null,0,15,0,0
2025-03-06 11:23:41.415,PA05,1741271021412,1741271021415,CNP-1741271021412,No hubieron propuestas,3,null,0,15,0,0
2025-03-06 11:23:41.422,PA03,1741271021411,1741271021422,CNP-1741271021411,recibi inform. ganador acepto,11,Truck10,1,14,1,0
2025-03-06 11:23:41.423,PA04,1741271021419,1741271021423,CNP-1741271021419,No hubieron propuestas,4,null,0,15,0,0
2025-03-06 11:23:41.423,PA01,1741271021419,1741271021423,CNP-1741271021419,No hubieron propuestas,4,null,0,15,0,0
2025-03-06 11:23:43.426,PA02,1741271023416,1741271023426,CNP-1741271023415,No hubieron propuestas,10,null,0,15,0,0
2025-03-06 11:23:43.427,PA05,1741271023416,1741271023427,CNP-1741271023415,No hubieron propuestas,11,null,0,15,0,0
2025-03-06 11:23:43.427,PA04,1741271023421,1741271023427,CNP-1741271023421,No hubieron propuestas,6,null,0,15,0,0
2025-03-06 11:23:43.428,PA01,1741271023423,1741271023428,CNP-1741271023423,No hubieron propuestas,5,null,0,15,0,0
2025-03-06 11:23:43.428,PA03,1741271023416,1741271023428,CNP-1741271023415,recibi inform. ganador acepto,12,Truck8,2,13,1,0
2025-03-06 11:23:45.423,PA05,1741271025418,1741271025423,CNP-1741271025418,No hubieron propuestas,5,null,0,15,0,0
2025-03-06 11:23:45.423,PA03,1741271025418,1741271025423,CNP-1741271025418,No hubieron propuestas,5,null,0,15,0,0
2025-03-06 11:23:45.423,PA02,1741271025419,1741271025423,CNP-1741271025419,No hubieron propuestas,4,null,0,15,0,0
2025-03-06 11:23:45.434,PA04,1741271025424,1741271025434,CNP-1741271025424,No hubieron propuestas,10,null,0,15,0,0
2025-03-06 11:23:45.434,PA01,1741271025426,1741271025434,CNP-1741271025426,No hubieron propuestas,8,null,0,15,0,0
2025-03-06 11:23:47.438,PA05,1741271027421,1741271027438,CNP-1741271027421,No hubieron propuestas,17,null,0,15,0,0
2025-03-06 11:23:47.438,PA02,1741271027421,1741271027438,CNP-1741271027421,No hubieron propuestas,17,null,0,15,0,0
2025-03-06 11:23:47.438,PA04,1741271027428,1741271027438,CNP-1741271027428,No hubieron propuestas,10,null,0,15,0,0
2025-03-06 11:23:47.438,PA01,1741271027430,1741271027438,CNP-1741271027430,No hubieron propuestas,8,null,0,15,0,0
2025-03-06 11:23:47.439,PA03,1741271027421,1741271027439,CNP-1741271027421,recibi inform. ganador acepto,18,Truck6,1,14,1,0
2025-03-06 11:23:49.443,PA01,1741271029431,1741271029443,CNP-1741271029431,No hubieron propuestas,12,null,0,15,0,0
2025-03-06 11:23:49.443,PA05,1741271029424,1741271029443,CNP-1741271029423,No hubieron propuestas,19,null,0,15,0,0
2025-03-06 11:23:49.443,PA03,1741271029427,1741271029443,CNP-1741271029427,No hubieron propuestas,16,null,0,15,0,0
2025-03-06 11:23:49.443,PA02,1741271029424,1741271029443,CNP-1741271029423,No hubieron propuestas,19,null,0,15,0,0
2025-03-06 11:23:49.443,PA04,1741271029429,1741271029443,CNP-1741271029429,No hubieron propuestas,14,null,0,15,0,0
2025-03-06 11:23:51.436,PA05,1741271031426,1741271031436,CNP-1741271031426,No hubieron propuestas,10,null,0,15,0,0
2025-03-06 11:23:51.437,PA02,1741271031426,1741271031437,CNP-1741271031426,No hubieron propuestas,11,null,0,15,0,0
2025-03-06 11:23:51.437,PA03,1741271031429,1741271031437,CNP-1741271031429,No hubieron propuestas,8,null,0,15,0,0
2025-03-06 11:23:51.437,PA04,1741271031432,1741271031437,CNP-1741271031432,No hubieron propuestas,5,null,0,15,0,0
2025-03-06 11:23:51.437,PA01,1741271031433,1741271031437,CNP-1741271031433,No hubieron propuestas,4,null,0,15,0,0
2025-03-06 11:23:53.440,PA02,1741271033430,1741271033440,CNP-1741271033429,No hubieron propuestas,10,null,0,15,0,0
2025-03-06 11:23:53.440,PA04,1741271033434,1741271033440,CNP-1741271033434,No hubieron propuestas,6,null,0,15,0,0
2025-03-06 11:23:53.440,PA05,1741271033430,1741271033440,CNP-1741271033429,No hubieron propuestas,10,null,0,15,0,0
2025-03-06 11:23:53.440,PA03,1741271033431,1741271033440,CNP-1741271033431,No hubieron propuestas,9,null,0,15,0,0
2025-03-06 11:23:53.441,PA01,1741271033434,1741271033441,CNP-1741271033434,No hubieron propuestas,7,null,0,15,0,0
2025-03-06 11:23:55.451,PA04,1741271035435,1741271035451,CNP-1741271035435,No hubieron propuestas,16,null,0,15,0,0
2025-03-06 11:23:55.451,PA01,1741271035437,1741271035451,CNP-1741271035436,No hubieron propuestas,14,null,0,15,0,0
2025-03-06 11:23:55.451,PA05,1741271035432,1741271035451,CNP-1741271035432,No hubieron propuestas,19,null,0,15,0,0
2025-03-06 11:23:55.451,PA02,1741271035432,1741271035451,CNP-1741271035432,No hubieron propuestas,19,null,0,15,0,0
2025-03-06 11:23:55.453,PA03,1741271035437,1741271035453,CNP-1741271035437,recibi inform. ganador acepto,16,Truck1,1,14,1,0
2025-03-06 11:23:57.463,PA05,1741271037433,1741271037463,CNP-1741271037433,No hubieron propuestas,30,null,0,15,0,0
2025-03-06 11:23:57.463,PA02,1741271037436,1741271037463,CNP-1741271037435,No hubieron propuestas,27,null,0,15,0,0
2025-03-06 11:23:57.463,PA01,1741271037445,1741271037463,CNP-1741271037440,No hubieron propuestas,18,null,0,15,0,0
2025-03-06 11:23:57.463,PA04,1741271037445,1741271037463,CNP-1741271037440,No hubieron propuestas,18,null,0,15,0,0
2025-03-06 11:23:57.464,PA03,1741271037445,1741271037464,CNP-1741271037440,recibi inform. ganador acepto,19,Truck4,1,14,1,0
2025-03-06 11:23:59.445,PA05,1741271039439,1741271039445,CNP-1741271039438,No hubieron propuestas,6,null,0,15,0,0
2025-03-06 11:23:59.445,PA02,1741271039439,1741271039445,CNP-1741271039438,No hubieron propuestas,6,null,0,15,0,0
2025-03-06 11:23:59.460,PA04,1741271039447,1741271039460,CNP-1741271039447,No hubieron propuestas,13,null,0,15,0,0
2025-03-06 11:23:59.461,PA01,1741271039447,1741271039461,CNP-1741271039447,No hubieron propuestas,14,null,0,15,0,0
2025-03-06 11:24:01.460,PA05,1741271041442,1741271041460,CNP-1741271041442,No hubieron propuestas,18,null,0,15,0,0
2025-03-06 11:24:01.460,PA01,1741271041450,1741271041460,CNP-1741271041450,No hubieron propuestas,10,null,0,15,0,0
2025-03-06 11:24:01.460,PA02,1741271041442,1741271041460,CNP-1741271041442,No hubieron propuestas,18,null,0,15,0,0
2025-03-06 11:24:01.460,PA04,1741271041452,1741271041460,CNP-1741271041451,No hubieron propuestas,8,null,0,15,0,0
2025-03-06 11:24:03.465,PA02,1741271043447,1741271043465,CNP-1741271043446,No hubieron propuestas,18,null,0,15,0,0
2025-03-06 11:24:03.465,PA05,1741271043447,1741271043465,CNP-1741271043446,No hubieron propuestas,18,null,0,15,0,0
2025-03-06 11:24:03.465,PA01,1741271043453,1741271043465,CNP-1741271043453,No hubieron propuestas,12,null,0,15,0,0
2025-03-06 11:24:03.465,PA04,1741271043454,1741271043465,CNP-1741271043453,No hubieron propuestas,11,null,0,15,0,0
2025-03-06 11:24:05.468,PA05,1741271045453,1741271045468,CNP-1741271045452,No hubieron propuestas,15,null,0,15,0,0
2025-03-06 11:24:05.468,PA02,1741271045453,1741271045468,CNP-1741271045452,No hubieron propuestas,15,null,0,15,0,0
2025-03-06 11:24:05.469,PA01,1741271045455,1741271045468,CNP-1741271045455,No hubieron propuestas,13,null,0,15,0,0
2025-03-06 11:24:05.469,PA04,1741271045458,1741271045468,CNP-1741271045458,No hubieron propuestas,10,null,0,15,0,0
2025-03-06 11:24:07.466,PA05,1741271047455,1741271047466,CNP-1741271047455,No hubieron propuestas,11,null,0,15,0,0
2025-03-06 11:24:07.466,PA02,1741271047456,1741271047466,CNP-1741271047456,No hubieron propuestas,10,null,0,15,0,0
2025-03-06 11:24:07.466,PA04,1741271047460,1741271047466,CNP-1741271047460,No hubieron propuestas,6,null,0,15,0,0
2025-03-06 11:24:07.466,PA01,1741271047456,1741271047466,CNP-1741271047456,No hubieron propuestas,10,null,0,15,0,0
2025-03-06 11:24:09.467,PA02,1741271049458,1741271049467,CNP-1741271049458,No hubieron propuestas,9,null,0,15,0,0
2025-03-06 11:24:09.467,PA04,1741271049461,1741271049467,CNP-1741271049461,No hubieron propuestas,6,null,0,15,0,0
2025-03-06 11:24:09.467,PA01,1741271049458,1741271049467,CNP-1741271049458,No hubieron propuestas,9,null,0,15,0,0
2025-03-06 11:24:09.467,PA05,1741271049458,1741271049467,CNP-1741271049458,No hubieron propuestas,9,null,0,15,0,0
2025-03-06 11:24:11.469,PA05,1741271051461,1741271051468,CNP-1741271051461,No hubieron propuestas,7,null,0,15,0,0
2025-03-06 11:24:11.469,PA01,1741271051460,1741271051468,CNP-1741271051460,No hubieron propuestas,8,null,0,15,0,0
2025-03-06 11:24:11.469,PA04,1741271051464,1741271051469,CNP-1741271051464,No hubieron propuestas,5,null,0,15,0,0
2025-03-06 11:24:11.469,PA02,1741271051460,1741271051469,CNP-1741271051460,No hubieron propuestas,9,null,0,15,0,0
2025-03-06 11:24:13.470,PA01,1741271053464,1741271053470,CNP-1741271053464,No hubieron propuestas,6,null,0,15,0,0
2025-03-06 11:24:13.471,PA05,1741271053464,1741271053471,CNP-1741271053464,No hubieron propuestas,7,null,0,15,0,0
2025-03-06 11:24:13.471,PA02,1741271053464,1741271053471,CNP-1741271053464,No hubieron propuestas,7,null,0,15,0,0
2025-03-06 11:24:13.471,PA04,1741271053465,1741271053471,CNP-1741271053465,No hubieron propuestas,6,null,0,15,0,0
2025-03-06 11:24:15.478,PA01,1741271055466,1741271055478,CNP-1741271055465,No hubieron propuestas,12,null,0,15,0,0
2025-03-06 11:24:15.478,PA02,1741271055467,1741271055478,CNP-1741271055467,No hubieron propuestas,11,null,0,15,0,0
2025-03-06 11:24:15.479,PA05,1741271055467,1741271055479,CNP-1741271055467,No hubieron propuestas,12,null,0,15,0,0
2025-03-06 11:24:15.479,PA04,1741271055472,1741271055479,CNP-1741271055472,No hubieron propuestas,7,null,0,15,0,0
2025-03-06 11:24:17.479,PA01,1741271057467,1741271057479,CNP-1741271057467,No hubieron propuestas,12,null,0,15,0,0
2025-03-06 11:24:17.479,PA02,1741271057470,1741271057479,CNP-1741271057470,No hubieron propuestas,9,null,0,15,0,0
2025-03-06 11:24:17.479,PA05,1741271057470,1741271057479,CNP-1741271057470,No hubieron propuestas,9,null,0,15,0,0
2025-03-06 11:24:17.480,PA04,1741271057473,1741271057480,CNP-1741271057473,recibi cancel,7,Truck6,1,14,0,1
2025-03-06 11:24:19.491,PA02,1741271059474,1741271059491,CNP-1741271059474,No hubieron propuestas,17,null,0,15,0,0
2025-03-06 11:24:19.491,PA01,1741271059474,1741271059491,CNP-1741271059474,No hubieron propuestas,17,null,0,15,0,0
2025-03-06 11:24:19.491,PA05,1741271059481,1741271059491,CNP-1741271059477,No hubieron propuestas,10,null,0,15,0,0
2025-03-06 11:24:19.492,PA04,1741271059474,1741271059492,CNP-1741271059474,recibi cancel,18,Truck6,1,14,0,1
2025-03-06 11:24:21.502,PA02,1741271061477,1741271061502,CNP-1741271061476,No hubieron propuestas,25,null,0,15,0,0
2025-03-06 11:24:21.502,PA01,1741271061479,1741271061502,CNP-1741271061479,No hubieron propuestas,23,null,0,15,0,0
2025-03-06 11:24:21.502,PA05,1741271061482,1741271061502,CNP-1741271061482,No hubieron propuestas,20,null,0,15,0,0
2025-03-06 11:24:21.502,PA04,1741271061479,1741271061502,CNP-1741271061479,recibi cancel,23,Truck6,1,14,0,1
2025-03-06 11:24:23.497,PA01,1741271063482,1741271063497,CNP-1741271063482,No hubieron propuestas,15,null,0,15,0,0
2025-03-06 11:24:23.498,PA05,1741271063484,1741271063497,CNP-1741271063484,No hubieron propuestas,13,null,0,15,0,0
2025-03-06 11:24:23.498,PA02,1741271063482,1741271063498,CNP-1741271063482,No hubieron propuestas,16,null,0,15,0,0
2025-03-06 11:24:23.499,PA04,1741271063482,1741271063499,CNP-1741271063482,recibi cancel,17,Truck6,1,14,0,1
2025-03-06 11:24:25.497,PA01,1741271065484,1741271065497,CNP-1741271065484,No hubieron propuestas,13,null,0,15,0,0
2025-03-06 11:24:25.497,PA02,1741271065487,1741271065497,CNP-1741271065487,No hubieron propuestas,10,null,0,15,0,0
2025-03-06 11:24:25.498,PA05,1741271065487,1741271065498,CNP-1741271065487,No hubieron propuestas,11,null,0,15,0,0
2025-03-06 11:24:25.499,PA04,1741271065485,1741271065499,CNP-1741271065485,recibi cancel,14,Truck6,1,14,0,1
2025-03-06 11:24:27.501,PA05,1741271067492,1741271067501,CNP-1741271067492,No hubieron propuestas,9,null,0,15,0,0
2025-03-06 11:24:27.501,PA02,1741271067488,1741271067501,CNP-1741271067488,No hubieron propuestas,13,null,0,15,0,0
2025-03-06 11:24:27.501,PA01,1741271067487,1741271067501,CNP-1741271067486,No hubieron propuestas,14,null,0,15,0,0
2025-03-06 11:24:27.502,PA04,1741271067488,1741271067502,CNP-1741271067488,recibi cancel,14,Truck6,1,14,0,1
2025-03-06 11:24:29.503,PA01,1741271069493,1741271069503,CNP-1741271069492,No hubieron propuestas,10,null,0,15,0,0
2025-03-06 11:24:29.503,PA04,1741271069493,1741271069503,CNP-1741271069492,No hubieron propuestas,10,null,0,15,0,0
2025-03-06 11:24:29.503,PA02,1741271069495,1741271069503,CNP-1741271069495,No hubieron propuestas,8,null,0,15,0,0
2025-03-06 11:24:29.503,PA05,1741271069495,1741271069503,CNP-1741271069495,No hubieron propuestas,8,null,0,15,0,0
2025-03-06 11:24:31.510,PA02,1741271071498,1741271071510,CNP-1741271071498,No hubieron propuestas,12,null,0,15,0,0
2025-03-06 11:24:31.510,PA04,1741271071496,1741271071510,CNP-1741271071495,No hubieron propuestas,14,null,0,15,0,0
2025-03-06 11:24:31.510,PA01,1741271071496,1741271071510,CNP-1741271071495,No hubieron propuestas,14,null,0,15,0,0
2025-03-06 11:24:31.510,PA05,1741271071499,1741271071510,CNP-1741271071499,No hubieron propuestas,11,null,0,15,0,0
2025-03-06 11:24:33.512,PA02,1741271073500,1741271073512,CNP-1741271073500,No hubieron propuestas,12,null,0,15,0,0
2025-03-06 11:24:33.512,PA04,1741271073498,1741271073512,CNP-1741271073498,No hubieron propuestas,14,null,0,15,0,0
2025-03-06 11:24:33.512,PA05,1741271073504,1741271073512,CNP-1741271073504,No hubieron propuestas,8,null,0,15,0,0
2025-03-06 11:24:33.512,PA01,1741271073498,1741271073512,CNP-1741271073498,No hubieron propuestas,14,null,0,15,0,0
2025-03-06 11:24:35.517,PA02,1741271075504,1741271075517,CNP-1741271075504,No hubieron propuestas,13,null,0,15,0,0
2025-03-06 11:24:35.517,PA01,1741271075502,1741271075517,CNP-1741271075502,No hubieron propuestas,15,null,0,15,0,0
2025-03-06 11:24:35.517,PA04,1741271075502,1741271075517,CNP-1741271075502,No hubieron propuestas,15,null,0,15,0,0
2025-03-06 11:24:35.517,PA05,1741271075505,1741271075517,CNP-1741271075505,No hubieron propuestas,12,null,0,15,0,0
2025-03-06 11:24:37.511,PA01,1741271077504,1741271077511,CNP-1741271077504,No hubieron propuestas,7,null,0,15,0,0
2025-03-06 11:24:37.512,PA02,1741271077505,1741271077512,CNP-1741271077505,No hubieron propuestas,7,null,0,15,0,0
2025-03-06 11:24:37.512,PA04,1741271077504,1741271077511,CNP-1741271077504,No hubieron propuestas,7,null,0,15,0,0
2025-03-06 11:24:37.512,PA05,1741271077508,1741271077512,CNP-1741271077508,No hubieron propuestas,4,null,0,15,0,0
2025-03-06 11:24:39.521,PA02,1741271079510,1741271079521,CNP-1741271079510,No hubieron propuestas,11,null,0,15,0,0
2025-03-06 11:24:39.521,PA01,1741271079508,1741271079521,CNP-1741271079507,No hubieron propuestas,13,null,0,15,0,0
2025-03-06 11:24:39.521,PA04,1741271079508,1741271079521,CNP-1741271079507,No hubieron propuestas,13,null,0,15,0,0
2025-03-06 11:24:39.521,PA05,1741271079511,1741271079521,CNP-1741271079511,No hubieron propuestas,10,null,0,15,0,0
2025-03-06 11:24:41.523,PA04,1741271081510,1741271081523,CNP-1741271081509,No hubieron propuestas,13,null,0,15,0,0
2025-03-06 11:24:41.523,PA01,1741271081511,1741271081523,CNP-1741271081511,No hubieron propuestas,12,null,0,15,0,0
2025-03-06 11:24:41.523,PA02,1741271081511,1741271081523,CNP-1741271081511,No hubieron propuestas,12,null,0,15,0,0
2025-03-06 11:24:41.523,PA05,1741271081512,1741271081523,CNP-1741271081512,No hubieron propuestas,11,null,0,15,0,0
2025-03-06 11:24:43.529,PA05,1741271083518,1741271083529,CNP-1741271083518,No hubieron propuestas,11,null,0,15,0,0
2025-03-06 11:24:43.529,PA01,1741271083514,1741271083529,CNP-1741271083514,No hubieron propuestas,15,null,0,15,0,0
2025-03-06 11:24:43.529,PA04,1741271083515,1741271083529,CNP-1741271083514,No hubieron propuestas,14,null,0,15,0,0
2025-03-06 11:24:43.529,PA02,1741271083514,1741271083529,CNP-1741271083514,No hubieron propuestas,15,null,0,15,0,0
2025-03-06 11:24:45.535,PA02,1741271085521,1741271085535,CNP-1741271085520,No hubieron propuestas,14,null,0,15,0,0
2025-03-06 11:24:45.535,PA01,1741271085517,1741271085535,CNP-1741271085517,No hubieron propuestas,18,null,0,15,0,0
2025-03-06 11:24:45.535,PA05,1741271085524,1741271085535,CNP-1741271085524,No hubieron propuestas,11,null,0,15,0,0
2025-03-06 11:24:45.535,PA04,1741271085517,1741271085535,CNP-1741271085517,No hubieron propuestas,18,null,0,15,0,0
2025-03-06 11:24:47.536,PA01,1741271087522,1741271087536,CNP-1741271087522,No hubieron propuestas,14,null,0,15,0,0
2025-03-06 11:24:47.536,PA04,1741271087522,1741271087536,CNP-1741271087522,No hubieron propuestas,14,null,0,15,0,0
2025-03-06 11:24:47.536,PA02,1741271087522,1741271087536,CNP-1741271087522,No hubieron propuestas,14,null,0,15,0,0
2025-03-06 11:24:47.536,PA05,1741271087526,1741271087536,CNP-1741271087526,No hubieron propuestas,10,null,0,15,0,0
2025-03-06 11:24:49.543,PA01,1741271089528,1741271089543,CNP-1741271089528,No hubieron propuestas,15,null,0,15,0,0
2025-03-06 11:24:49.543,PA04,1741271089528,1741271089543,CNP-1741271089528,No hubieron propuestas,15,null,0,15,0,0
2025-03-06 11:24:49.543,PA05,1741271089528,1741271089543,CNP-1741271089528,No hubieron propuestas,15,null,0,15,0,0
2025-03-06 11:24:49.543,PA02,1741271089528,1741271089543,CNP-1741271089528,No hubieron propuestas,15,null,0,15,0,0
2025-03-06 11:24:51.549,PA01,1741271091531,1741271091549,CNP-1741271091531,No hubieron propuestas,18,null,0,15,0,0
2025-03-06 11:24:51.549,PA05,1741271091531,1741271091549,CNP-1741271091531,No hubieron propuestas,18,null,0,15,0,0
2025-03-06 11:24:51.549,PA02,1741271091531,1741271091549,CNP-1741271091531,No hubieron propuestas,18,null,0,15,0,0
2025-03-06 11:24:51.549,PA04,1741271091541,1741271091549,CNP-1741271091539,No hubieron propuestas,8,null,0,15,0,0
2025-03-06 11:24:53.550,PA01,1741271093536,1741271093550,CNP-1741271093536,No hubieron propuestas,14,null,0,15,0,0
2025-03-06 11:24:53.550,PA02,1741271093536,1741271093550,CNP-1741271093536,No hubieron propuestas,14,null,0,15,0,0
2025-03-06 11:24:53.551,PA05,1741271093536,1741271093551,CNP-1741271093536,No hubieron propuestas,15,null,0,15,0,0
2025-03-06 11:24:53.551,PA04,1741271093542,1741271093551,CNP-1741271093542,No hubieron propuestas,9,null,0,15,0,0
2025-03-06 11:24:55.557,PA02,1741271095541,1741271095556,CNP-1741271095541,No hubieron propuestas,15,null,0,15,0,0
2025-03-06 11:24:55.557,PA01,1741271095541,1741271095557,CNP-1741271095541,No hubieron propuestas,16,null,0,15,0,0
2025-03-06 11:24:55.557,PA05,1741271095543,1741271095557,CNP-1741271095542,No hubieron propuestas,14,null,0,15,0,0
2025-03-06 11:24:55.557,PA04,1741271095548,1741271095557,CNP-1741271095548,No hubieron propuestas,9,null,0,15,0,0
2025-03-06 11:24:57.558,PA01,1741271097546,1741271097558,CNP-1741271097546,No hubieron propuestas,12,null,0,15,0,0
2025-03-06 11:24:57.558,PA02,1741271097547,1741271097558,CNP-1741271097547,No hubieron propuestas,11,null,0,15,0,0
2025-03-06 11:24:57.558,PA05,1741271097546,1741271097558,CNP-1741271097546,No hubieron propuestas,12,null,0,15,0,0
2025-03-06 11:24:57.558,PA04,1741271097550,1741271097558,CNP-1741271097550,No hubieron propuestas,8,null,0,15,0,0
2025-03-06 11:24:59.559,PA01,1741271099547,1741271099559,CNP-1741271099547,No hubieron propuestas,12,null,0,15,0,0
2025-03-06 11:24:59.559,PA05,1741271099549,1741271099559,CNP-1741271099549,No hubieron propuestas,10,null,0,15,0,0
2025-03-06 11:24:59.559,PA02,1741271099549,1741271099559,CNP-1741271099549,No hubieron propuestas,10,null,0,15,0,0
2025-03-06 11:24:59.559,PA04,1741271099552,1741271099559,CNP-1741271099552,No hubieron propuestas,7,null,0,15,0,0
2025-03-06 11:25:01.563,PA01,1741271101551,1741271101563,CNP-1741271101550,No hubieron propuestas,12,null,0,15,0,0
2025-03-06 11:25:01.564,PA05,1741271101551,1741271101563,CNP-1741271101550,No hubieron propuestas,12,null,0,15,0,0
2025-03-06 11:25:01.564,PA04,1741271101554,1741271101564,CNP-1741271101554,No hubieron propuestas,10,null,0,15,0,0
2025-03-06 11:25:01.564,PA02,1741271101554,1741271101564,CNP-1741271101554,No hubieron propuestas,10,null,0,15,0,0
2025-03-06 11:25:03.570,PA04,1741271103556,1741271103570,CNP-1741271103555,No hubieron propuestas,14,null,0,15,0,0
2025-03-06 11:25:03.570,PA01,1741271103556,1741271103570,CNP-1741271103555,No hubieron propuestas,14,null,0,15,0,0
2025-03-06 11:25:03.570,PA02,1741271103557,1741271103570,CNP-1741271103557,No hubieron propuestas,13,null,0,15,0,0
2025-03-06 11:25:03.573,PA05,1741271103556,1741271103573,CNP-1741271103555,recibi inform. ganador acepto,17,Truck3,1,14,1,0
2025-03-06 11:25:05.574,PA01,1741271105563,1741271105574,CNP-1741271105563,No hubieron propuestas,11,null,0,15,0,0
2025-03-06 11:25:05.574,PA05,1741271105558,1741271105574,CNP-1741271105558,No hubieron propuestas,16,null,0,15,0,0
2025-03-06 11:25:05.574,PA04,1741271105558,1741271105574,CNP-1741271105558,No hubieron propuestas,16,null,0,15,0,0
2025-03-06 11:25:05.574,PA02,1741271105563,1741271105574,CNP-1741271105563,No hubieron propuestas,11,null,0,15,0,0
2025-03-06 11:25:07.574,PA04,1741271107561,1741271107574,CNP-1741271107560,No hubieron propuestas,13,null,0,15,0,0
2025-03-06 11:25:07.574,PA01,1741271107567,1741271107574,CNP-1741271107566,No hubieron propuestas,7,null,0,15,0,0
2025-03-06 11:25:07.574,PA05,1741271107561,1741271107574,CNP-1741271107560,No hubieron propuestas,13,null,0,15,0,0
2025-03-06 11:25:07.575,PA02,1741271107569,1741271107575,CNP-1741271107569,No hubieron propuestas,6,null,0,15,0,0
2025-03-06 11:25:09.567,PA05,1741271109564,1741271109567,CNP-1741271109563,No hubieron propuestas,3,null,0,15,0,0
2025-03-06 11:25:09.571,PA04,1741271109562,1741271109571,CNP-1741271109562,recibi inform. ganador acepto,9,Truck12,1,14,1,0
2025-03-06 11:25:09.573,PA01,1741271109569,1741271109573,CNP-1741271109569,No hubieron propuestas,4,null,0,15,0,0
2025-03-06 11:25:09.573,PA02,1741271109571,1741271109573,CNP-1741271109571,No hubieron propuestas,2,null,0,15,0,0
2025-03-06 11:25:11.579,PA04,1741271111568,1741271111579,CNP-1741271111568,No hubieron propuestas,11,null,0,15,0,0
2025-03-06 11:25:11.579,PA05,1741271111568,1741271111579,CNP-1741271111568,No hubieron propuestas,11,null,0,15,0,0
2025-03-06 11:25:11.579,PA01,1741271111571,1741271111579,CNP-1741271111571,No hubieron propuestas,8,null,0,15,0,0
2025-03-06 11:25:11.579,PA02,1741271111575,1741271111579,CNP-1741271111575,No hubieron propuestas,4,null,0,15,0,0
2025-03-06 11:25:13.574,PA04,1741271113569,1741271113574,CNP-1741271113569,No hubieron propuestas,5,null,0,15,0,0
2025-03-06 11:25:13.575,PA01,1741271113573,1741271113575,CNP-1741271113572,No hubieron propuestas,2,null,0,15,0,0
2025-03-06 11:25:13.575,PA05,1741271113570,1741271113575,CNP-1741271113570,No hubieron propuestas,5,null,0,15,0,0
2025-03-06 11:25:13.577,PA02,1741271113576,1741271113577,CNP-1741271113576,No hubieron propuestas,1,null,0,15,0,0
2025-03-06 11:25:15.574,PA05,1741271115572,1741271115574,CNP-1741271115572,No hubieron propuestas,2,null,0,15,0,0
2025-03-06 11:25:15.574,PA04,1741271115570,1741271115574,CNP-1741271115570,No hubieron propuestas,4,null,0,15,0,0
2025-03-06 11:25:15.578,PA01,1741271115576,1741271115578,CNP-1741271115576,No hubieron propuestas,2,null,0,15,0,0
2025-03-06 11:25:15.580,PA02,1741271115579,1741271115580,CNP-1741271115578,No hubieron propuestas,1,null,0,15,0,0
2025-03-06 11:25:17.581,PA04,1741271117576,1741271117581,CNP-1741271117576,No hubieron propuestas,5,null,0,15,0,0
2025-03-06 11:25:17.581,PA05,1741271117576,1741271117581,CNP-1741271117576,No hubieron propuestas,5,null,0,15,0,0
2025-03-06 11:25:17.581,PA01,1741271117578,1741271117581,CNP-1741271117578,No hubieron propuestas,3,null,0,15,0,0
2025-03-06 11:25:17.582,PA02,1741271117580,1741271117582,CNP-1741271117580,No hubieron propuestas,2,null,0,15,0,0
2025-03-06 11:25:19.592,PA05,1741271119577,1741271119592,CNP-1741271119577,No hubieron propuestas,15,null,0,15,0,0
2025-03-06 11:25:19.592,PA01,1741271119580,1741271119592,CNP-1741271119580,No hubieron propuestas,12,null,0,15,0,0
2025-03-06 11:25:19.592,PA04,1741271119580,1741271119592,CNP-1741271119579,No hubieron propuestas,12,null,0,15,0,0
2025-03-06 11:25:19.592,PA02,1741271119582,1741271119592,CNP-1741271119582,No hubieron propuestas,10,null,0,15,0,0
2025-03-06 11:25:21.594,PA05,1741271121580,1741271121594,CNP-1741271121579,No hubieron propuestas,14,null,0,15,0,0
2025-03-06 11:25:21.594,PA04,1741271121582,1741271121594,CNP-1741271121582,No hubieron propuestas,12,null,0,15,0,0
2025-03-06 11:25:21.594,PA01,1741271121584,1741271121594,CNP-1741271121584,No hubieron propuestas,10,null,0,15,0,0
2025-03-06 11:25:21.594,PA02,1741271121584,1741271121594,CNP-1741271121584,No hubieron propuestas,10,null,0,15,0,0
2025-03-06 11:25:23.594,PA05,1741271123583,1741271123594,CNP-1741271123582,No hubieron propuestas,11,null,0,15,0,0
2025-03-06 11:25:23.594,PA04,1741271123585,1741271123594,CNP-1741271123584,No hubieron propuestas,9,null,0,15,0,0
2025-03-06 11:25:23.594,PA02,1741271123588,1741271123594,CNP-1741271123588,No hubieron propuestas,6,null,0,15,0,0
2025-03-06 11:25:23.594,PA01,1741271123589,1741271123594,CNP-1741271123588,No hubieron propuestas,5,null,0,15,0,0
2025-03-06 11:25:25.597,PA05,1741271125585,1741271125597,CNP-1741271125585,No hubieron propuestas,12,null,0,15,0,0
2025-03-06 11:25:25.597,PA01,1741271125592,1741271125597,CNP-1741271125592,No hubieron propuestas,5,null,0,15,0,0
2025-03-06 11:25:25.597,PA02,1741271125589,1741271125597,CNP-1741271125589,No hubieron propuestas,8,null,0,15,0,0
2025-03-06 11:25:25.597,PA04,1741271125588,1741271125597,CNP-1741271125588,No hubieron propuestas,9,null,0,15,0,0
2025-03-06 11:25:27.603,PA04,1741271127591,1741271127603,CNP-1741271127591,No hubieron propuestas,12,null,0,15,0,0
2025-03-06 11:25:27.603,PA05,1741271127591,1741271127603,CNP-1741271127591,No hubieron propuestas,12,null,0,15,0,0
2025-03-06 11:25:27.603,PA02,1741271127593,1741271127603,CNP-1741271127592,No hubieron propuestas,10,null,0,15,0,0
2025-03-06 11:25:27.603,PA01,1741271127594,1741271127603,CNP-1741271127594,No hubieron propuestas,9,null,0,15,0,0
2025-03-06 11:25:29.608,PA04,1741271129592,1741271129608,CNP-1741271129592,No hubieron propuestas,16,null,0,15,0,0
2025-03-06 11:25:29.608,PA05,1741271129593,1741271129608,CNP-1741271129593,No hubieron propuestas,15,null,0,15,0,0
2025-03-06 11:25:29.608,PA02,1741271129595,1741271129608,CNP-1741271129595,No hubieron propuestas,13,null,0,15,0,0
2025-03-06 11:25:29.608,PA01,1741271129597,1741271129608,CNP-1741271129597,No hubieron propuestas,11,null,0,15,0,0
2025-03-06 11:25:31.598,PA04,1741271131593,1741271131598,CNP-1741271131593,No hubieron propuestas,5,null,0,15,0,0
2025-03-06 11:25:31.598,PA05,1741271131595,1741271131598,CNP-1741271131595,No hubieron propuestas,3,null,0,15,0,0
2025-03-06 11:25:31.603,PA02,1741271131598,1741271131603,CNP-1741271131598,No hubieron propuestas,5,null,0,15,0,0
2025-03-06 11:25:31.603,PA01,1741271131600,1741271131603,CNP-1741271131600,No hubieron propuestas,3,null,0,15,0,0
2025-03-06 11:25:33.598,PA05,1741271133596,1741271133598,CNP-1741271133596,No hubieron propuestas,2,null,0,15,0,0
2025-03-06 11:25:33.598,PA04,1741271133594,1741271133598,CNP-1741271133594,No hubieron propuestas,4,null,0,15,0,0
2025-03-06 11:25:33.604,PA01,1741271133601,1741271133604,CNP-1741271133601,No hubieron propuestas,3,null,0,15,0,0
2025-03-06 11:25:33.604,PA02,1741271133601,1741271133604,CNP-1741271133601,No hubieron propuestas,3,null,0,15,0,0
2025-03-06 11:25:35.602,PA05,1741271135598,1741271135602,CNP-1741271135598,No hubieron propuestas,4,null,0,15,0,0
2025-03-06 11:25:35.602,PA04,1741271135598,1741271135602,CNP-1741271135598,No hubieron propuestas,4,null,0,15,0,0
2025-03-06 11:25:35.604,PA02,1741271135603,1741271135604,CNP-1741271135602,No hubieron propuestas,1,null,0,15,0,0
2025-03-06 11:25:35.606,PA01,1741271135604,1741271135606,CNP-1741271135604,No hubieron propuestas,2,null,0,15,0,0
2025-03-06 11:25:37.602,PA04,1741271137600,1741271137602,CNP-1741271137600,No hubieron propuestas,2,null,0,15,0,0
2025-03-06 11:25:37.602,PA05,1741271137601,1741271137602,CNP-1741271137601,No hubieron propuestas,1,null,0,15,0,0
2025-03-06 11:25:37.611,PA02,1741271137605,1741271137611,CNP-1741271137605,No hubieron propuestas,6,null,0,15,0,0
2025-03-06 11:25:37.611,PA01,1741271137608,1741271137611,CNP-1741271137608,No hubieron propuestas,3,null,0,15,0,0
2025-03-06 11:25:39.609,PA02,1741271139607,1741271139609,CNP-1741271139607,No hubieron propuestas,2,null,0,15,0,0
2025-03-06 11:25:39.609,PA04,1741271139606,1741271139609,CNP-1741271139605,No hubieron propuestas,3,null,0,15,0,0
2025-03-06 11:25:39.609,PA05,1741271139606,1741271139609,CNP-1741271139605,No hubieron propuestas,3,null,0,15,0,0
2025-03-06 11:25:39.611,PA01,1741271139609,1741271139611,CNP-1741271139609,No hubieron propuestas,2,null,0,15,0,0
2025-03-06 11:25:41.624,PA04,1741271141608,1741271141624,CNP-1741271141608,No hubieron propuestas,16,null,0,15,0,0
2025-03-06 11:25:41.624,PA02,1741271141610,1741271141624,CNP-1741271141610,No hubieron propuestas,14,null,0,15,0,0
2025-03-06 11:25:41.624,PA05,1741271141608,1741271141624,CNP-1741271141608,No hubieron propuestas,16,null,0,15,0,0
2025-03-06 11:25:41.624,PA01,1741271141612,1741271141624,CNP-1741271141612,No hubieron propuestas,12,null,0,15,0,0
2025-03-06 11:25:43.626,PA02,1741271143613,1741271143626,CNP-1741271143612,No hubieron propuestas,13,null,0,15,0,0
2025-03-06 11:25:43.626,PA05,1741271143611,1741271143626,CNP-1741271143610,No hubieron propuestas,15,null,0,15,0,0
2025-03-06 11:25:43.627,PA04,1741271143612,1741271143627,CNP-1741271143612,No hubieron propuestas,15,null,0,15,0,0
2025-03-06 11:25:43.627,PA01,1741271143614,1741271143627,CNP-1741271143614,No hubieron propuestas,13,null,0,15,0,0
2025-03-06 11:25:45.629,PA01,1741271145622,1741271145629,CNP-1741271145622,No hubieron propuestas,7,null,0,15,0,0
2025-03-06 11:25:45.629,PA05,1741271145615,1741271145629,CNP-1741271145615,No hubieron propuestas,14,null,0,15,0,0
2025-03-06 11:25:45.629,PA04,1741271145622,1741271145629,CNP-1741271145622,No hubieron propuestas,7,null,0,15,0,0
2025-03-06 11:25:45.629,PA02,1741271145615,1741271145629,CNP-1741271145615,No hubieron propuestas,14,null,0,15,0,0
2025-03-06 11:25:47.620,PA02,1741271147617,1741271147620,CNP-1741271147617,No hubieron propuestas,3,null,0,15,0,0
2025-03-06 11:25:47.620,PA05,1741271147617,1741271147620,CNP-1741271147617,No hubieron propuestas,3,null,0,15,0,0
2025-03-06 11:25:47.631,PA01,1741271147627,1741271147631,CNP-1741271147627,No hubieron propuestas,4,null,0,15,0,0
2025-03-06 11:25:47.631,PA04,1741271147625,1741271147631,CNP-1741271147625,No hubieron propuestas,6,null,0,15,0,0
2025-03-06 11:25:49.632,PA02,1741271149623,1741271149632,CNP-1741271149622,No hubieron propuestas,9,null,0,15,0,0
2025-03-06 11:25:49.632,PA05,1741271149623,1741271149632,CNP-1741271149622,No hubieron propuestas,9,null,0,15,0,0
2025-03-06 11:25:49.634,PA01,1741271149629,1741271149634,CNP-1741271149629,No hubieron propuestas,5,null,0,15,0,0
2025-03-06 11:25:49.634,PA04,1741271149629,1741271149634,CNP-1741271149629,No hubieron propuestas,5,null,0,15,0,0
2025-03-06 11:25:51.633,PA05,1741271151627,1741271151633,CNP-1741271151626,No hubieron propuestas,6,null,0,15,0,0
2025-03-06 11:25:51.633,PA02,1741271151624,1741271151633,CNP-1741271151624,No hubieron propuestas,9,null,0,15,0,0
2025-03-06 11:25:51.634,PA01,1741271151631,1741271151634,CNP-1741271151631,No hubieron propuestas,3,null,0,15,0,0
2025-03-06 11:25:51.634,PA04,1741271151631,1741271151634,CNP-1741271151631,No hubieron propuestas,3,null,0,15,0,0
2025-03-06 11:25:53.639,PA04,1741271153632,1741271153639,CNP-1741271153632,No hubieron propuestas,7,null,0,15,0,0
2025-03-06 11:25:53.639,PA02,1741271153628,1741271153639,CNP-1741271153627,No hubieron propuestas,11,null,0,15,0,0
2025-03-06 11:25:53.639,PA01,1741271153635,1741271153639,CNP-1741271153635,No hubieron propuestas,4,null,0,15,0,0
2025-03-06 11:25:53.639,PA05,1741271153630,1741271153639,CNP-1741271153630,No hubieron propuestas,9,null,0,15,0,0
2025-03-06 11:25:55.642,PA04,1741271155636,1741271155642,CNP-1741271155636,No hubieron propuestas,6,null,0,15,0,0
2025-03-06 11:25:55.642,PA05,1741271155632,1741271155642,CNP-1741271155632,No hubieron propuestas,10,null,0,15,0,0
2025-03-06 11:25:55.642,PA02,1741271155631,1741271155642,CNP-1741271155631,No hubieron propuestas,11,null,0,15,0,0
2025-03-06 11:25:55.642,PA01,1741271155636,1741271155642,CNP-1741271155636,No hubieron propuestas,6,null,0,15,0,0
2025-03-06 11:25:57.636,PA02,1741271157632,1741271157636,CNP-1741271157632,No hubieron propuestas,4,null,0,15,0,0
2025-03-06 11:25:57.644,PA05,1741271157636,1741271157644,CNP-1741271157636,No hubieron propuestas,8,null,0,15,0,0
2025-03-06 11:25:57.644,PA01,1741271157641,1741271157644,CNP-1741271157641,No hubieron propuestas,3,null,0,15,0,0
2025-03-06 11:25:57.644,PA04,1741271157640,1741271157644,CNP-1741271157640,No hubieron propuestas,4,null,0,15,0,0
2025-03-06 11:25:59.651,PA05,1741271159638,1741271159651,CNP-1741271159638,No hubieron propuestas,13,null,0,15,0,0
2025-03-06 11:25:59.652,PA02,1741271159638,1741271159651,CNP-1741271159638,No hubieron propuestas,13,null,0,15,0,0
2025-03-06 11:25:59.652,PA04,1741271159643,1741271159652,CNP-1741271159643,No hubieron propuestas,9,null,0,15,0,0
2025-03-06 11:25:59.652,PA01,1741271159642,1741271159652,CNP-1741271159642,No hubieron propuestas,10,null,0,15,0,0
2025-03-06 11:26:01.644,PA02,1741271161641,1741271161644,CNP-1741271161641,No hubieron propuestas,3,null,0,15,0,0
2025-03-06 11:26:01.644,PA05,1741271161640,1741271161644,CNP-1741271161639,No hubieron propuestas,4,null,0,15,0,0
2025-03-06 11:26:01.645,PA01,1741271161643,1741271161645,CNP-1741271161643,No hubieron propuestas,2,null,0,15,0,0
2025-03-06 11:26:01.646,PA04,1741271161644,1741271161645,CNP-1741271161644,No hubieron propuestas,1,null,0,15,0,0
2025-03-06 11:26:03.658,PA02,1741271163645,1741271163658,CNP-1741271163644,No hubieron propuestas,13,null,0,15,0,0
2025-03-06 11:26:03.659,PA01,1741271163646,1741271163659,CNP-1741271163645,No hubieron propuestas,13,null,0,15,0,0
2025-03-06 11:26:03.659,PA05,1741271163641,1741271163659,CNP-1741271163641,No hubieron propuestas,18,null,0,15,0,0
2025-03-06 11:26:03.659,PA04,1741271163655,1741271163659,CNP-1741271163655,No hubieron propuestas,4,null,0,15,0,0
2025-03-06 11:26:05.655,PA02,1741271165646,1741271165655,CNP-1741271165646,No hubieron propuestas,9,null,0,15,0,0
2025-03-06 11:26:05.655,PA05,1741271165646,1741271165655,CNP-1741271165646,No hubieron propuestas,9,null,0,15,0,0
2025-03-06 11:26:05.655,PA01,1741271165648,1741271165655,CNP-1741271165648,No hubieron propuestas,7,null,0,15,0,0
2025-03-06 11:26:05.663,PA04,1741271165658,1741271165663,CNP-1741271165658,No hubieron propuestas,5,null,0,15,0,0
2025-03-06 11:26:07.662,PA01,1741271167652,1741271167662,CNP-1741271167652,No hubieron propuestas,10,null,0,15,0,0
2025-03-06 11:26:07.662,PA05,1741271167652,1741271167662,CNP-1741271167652,No hubieron propuestas,10,null,0,15,0,0
2025-03-06 11:26:07.662,PA02,1741271167652,1741271167662,CNP-1741271167652,No hubieron propuestas,10,null,0,15,0,0
2025-03-06 11:26:07.662,PA04,1741271167660,1741271167662,CNP-1741271167660,No hubieron propuestas,2,null,0,15,0,0
2025-03-06 11:26:09.661,PA01,1741271169654,1741271169661,CNP-1741271169654,No hubieron propuestas,7,null,0,15,0,0
2025-03-06 11:26:09.661,PA05,1741271169656,1741271169661,CNP-1741271169656,No hubieron propuestas,5,null,0,15,0,0
2025-03-06 11:26:09.661,PA02,1741271169654,1741271169661,CNP-1741271169654,No hubieron propuestas,7,null,0,15,0,0
2025-03-06 11:26:09.664,PA04,1741271169662,1741271169664,CNP-1741271169662,No hubieron propuestas,2,null,0,15,0,0
2025-03-06 11:26:11.670,PA05,1741271171661,1741271171670,CNP-1741271171660,No hubieron propuestas,9,null,0,15,0,0
2025-03-06 11:26:11.671,PA04,1741271171664,1741271171671,CNP-1741271171664,No hubieron propuestas,7,null,0,15,0,0
2025-03-06 11:26:11.671,PA01,1741271171661,1741271171671,CNP-1741271171660,No hubieron propuestas,10,null,0,15,0,0
2025-03-06 11:26:11.671,PA02,1741271171661,1741271171671,CNP-1741271171660,No hubieron propuestas,10,null,0,15,0,0
2025-03-06 11:26:13.677,PA01,1741271173663,1741271173677,CNP-1741271173663,No hubieron propuestas,14,null,0,15,0,0
2025-03-06 11:26:13.677,PA02,1741271173665,1741271173677,CNP-1741271173665,No hubieron propuestas,12,null,0,15,0,0
2025-03-06 11:26:13.677,PA05,1741271173663,1741271173677,CNP-1741271173663,No hubieron propuestas,14,null,0,15,0,0
2025-03-06 11:26:13.677,PA04,1741271173668,1741271173677,CNP-1741271173668,No hubieron propuestas,9,null,0,15,0,0
2025-03-06 11:26:15.676,PA04,1741271175670,1741271175676,CNP-1741271175670,No hubieron propuestas,6,null,0,15,0,0
2025-03-06 11:26:15.676,PA01,1741271175668,1741271175676,CNP-1741271175668,No hubieron propuestas,8,null,0,15,0,0
2025-03-06 11:26:15.676,PA05,1741271175669,1741271175676,CNP-1741271175668,No hubieron propuestas,7,null,0,15,0,0
2025-03-06 11:26:15.676,PA02,1741271175669,1741271175676,CNP-1741271175668,No hubieron propuestas,7,null,0,15,0,0
2025-03-06 11:26:17.688,PA02,1741271177671,1741271177688,CNP-1741271177671,No hubieron propuestas,17,null,0,15,0,0
2025-03-06 11:26:17.688,PA01,1741271177671,1741271177688,CNP-1741271177671,No hubieron propuestas,17,null,0,15,0,0
2025-03-06 11:26:17.688,PA04,1741271177673,1741271177688,CNP-1741271177673,No hubieron propuestas,15,null,0,15,0,0
2025-03-06 11:26:17.688,PA05,1741271177673,1741271177688,CNP-1741271177673,No hubieron propuestas,15,null,0,15,0,0
2025-03-06 11:26:19.689,PA01,1741271179677,1741271179689,CNP-1741271179677,No hubieron propuestas,12,null,0,15,0,0
2025-03-06 11:26:19.689,PA02,1741271179677,1741271179689,CNP-1741271179677,No hubieron propuestas,12,null,0,15,0,0
2025-03-06 11:26:19.689,PA05,1741271179677,1741271179689,CNP-1741271179677,No hubieron propuestas,12,null,0,15,0,0
2025-03-06 11:26:19.689,PA04,1741271179677,1741271179689,CNP-1741271179677,No hubieron propuestas,12,null,0,15,0,0
2025-03-06 11:26:21.692,PA01,1741271181680,1741271181692,CNP-1741271181680,No hubieron propuestas,12,null,0,15,0,0
2025-03-06 11:26:21.692,PA05,1741271181679,1741271181692,CNP-1741271181678,No hubieron propuestas,13,null,0,15,0,0
2025-03-06 11:26:21.692,PA04,1741271181681,1741271181692,CNP-1741271181680,No hubieron propuestas,11,null,0,15,0,0
2025-03-06 11:26:21.693,PA02,1741271181682,1741271181693,CNP-1741271181681,No hubieron propuestas,11,null,0,15,0,0
2025-03-06 11:26:23.698,PA04,1741271183685,1741271183698,CNP-1741271183684,No hubieron propuestas,13,null,0,15,0,0
2025-03-06 11:26:23.698,PA02,1741271183685,1741271183698,CNP-1741271183684,No hubieron propuestas,13,null,0,15,0,0
2025-03-06 11:26:23.698,PA01,1741271183685,1741271183698,CNP-1741271183684,No hubieron propuestas,13,null,0,15,0,0
2025-03-06 11:26:23.698,PA05,1741271183684,1741271183698,CNP-1741271183684,No hubieron propuestas,14,null,0,15,0,0
2025-03-06 11:26:25.699,PA05,1741271185687,1741271185699,CNP-1741271185686,No hubieron propuestas,12,null,0,15,0,0
2025-03-06 11:26:25.699,PA02,1741271185687,1741271185699,CNP-1741271185686,No hubieron propuestas,12,null,0,15,0,0
2025-03-06 11:26:25.699,PA04,1741271185689,1741271185699,CNP-1741271185689,No hubieron propuestas,10,null,0,15,0,0
2025-03-06 11:26:25.699,PA01,1741271185689,1741271185699,CNP-1741271185689,No hubieron propuestas,10,null,0,15,0,0
2025-03-06 11:26:27.703,PA04,1741271187695,1741271187703,CNP-1741271187694,No hubieron propuestas,8,null,0,15,0,0
2025-03-06 11:26:27.703,PA02,1741271187695,1741271187703,CNP-1741271187694,No hubieron propuestas,8,null,0,15,0,0
2025-03-06 11:26:27.703,PA05,1741271187693,1741271187703,CNP-1741271187692,No hubieron propuestas,10,null,0,15,0,0
2025-03-06 11:26:27.703,PA01,1741271187695,1741271187703,CNP-1741271187695,No hubieron propuestas,8,null,0,15,0,0
2025-03-06 11:26:29.703,PA05,1741271189695,1741271189703,CNP-1741271189695,No hubieron propuestas,8,null,0,15,0,0
2025-03-06 11:26:29.703,PA01,1741271189698,1741271189703,CNP-1741271189698,No hubieron propuestas,5,null,0,15,0,0
2025-03-06 11:26:29.703,PA04,1741271189697,1741271189703,CNP-1741271189697,No hubieron propuestas,6,null,0,15,0,0
2025-03-06 11:26:29.703,PA02,1741271189698,1741271189703,CNP-1741271189698,No hubieron propuestas,5,null,0,15,0,0
2025-03-06 11:26:31.713,PA05,1741271191697,1741271191713,CNP-1741271191696,No hubieron propuestas,16,null,0,15,0,0
2025-03-06 11:26:31.713,PA01,1741271191701,1741271191713,CNP-1741271191701,No hubieron propuestas,12,null,0,15,0,0
2025-03-06 11:26:31.713,PA04,1741271191701,1741271191713,CNP-1741271191700,No hubieron propuestas,12,null,0,15,0,0
2025-03-06 11:26:31.714,PA02,1741271191702,1741271191714,CNP-1741271191701,No hubieron propuestas,12,null,0,15,0,0
2025-03-06 11:26:33.721,PA05,1741271193702,1741271193721,CNP-1741271193702,No hubieron propuestas,19,null,0,15,0,0
2025-03-06 11:26:33.721,PA04,1741271193702,1741271193721,CNP-1741271193702,No hubieron propuestas,19,null,0,15,0,0
2025-03-06 11:26:33.722,PA01,1741271193704,1741271193722,CNP-1741271193704,No hubieron propuestas,18,null,0,15,0,0
2025-03-06 11:26:33.722,PA02,1741271193704,1741271193722,CNP-1741271193704,No hubieron propuestas,18,null,0,15,0,0
2025-03-06 11:26:35.716,PA04,1741271195703,1741271195715,CNP-1741271195703,No hubieron propuestas,12,null,0,15,0,0
2025-03-06 11:26:35.716,PA05,1741271195705,1741271195716,CNP-1741271195704,No hubieron propuestas,11,null,0,15,0,0
2025-03-06 11:26:35.716,PA01,1741271195710,1741271195716,CNP-1741271195710,No hubieron propuestas,6,null,0,15,0,0
2025-03-06 11:26:35.716,PA02,1741271195713,1741271195716,CNP-1741271195713,No hubieron propuestas,3,null,0,15,0,0
2025-03-06 11:26:37.713,PA05,1741271197707,1741271197713,CNP-1741271197706,No hubieron propuestas,6,null,0,15,0,0
2025-03-06 11:26:37.714,PA04,1741271197707,1741271197714,CNP-1741271197706,No hubieron propuestas,7,null,0,15,0,0
2025-03-06 11:26:37.718,PA01,1741271197712,1741271197718,CNP-1741271197712,No hubieron propuestas,6,null,0,15,0,0
2025-03-06 11:26:37.718,PA02,1741271197714,1741271197718,CNP-1741271197714,No hubieron propuestas,4,null,0,15,0,0
2025-03-06 11:26:39.719,PA05,1741271199711,1741271199719,CNP-1741271199710,No hubieron propuestas,8,null,0,15,0,0
2025-03-06 11:26:39.719,PA04,1741271199711,1741271199719,CNP-1741271199710,No hubieron propuestas,8,null,0,15,0,0
2025-03-06 11:26:39.720,PA01,1741271199713,1741271199719,CNP-1741271199713,No hubieron propuestas,6,null,0,15,0,0
2025-03-06 11:26:39.720,PA02,1741271199717,1741271199720,CNP-1741271199717,No hubieron propuestas,3,null,0,15,0,0
2025-03-06 11:26:41.724,PA05,1741271201712,1741271201724,CNP-1741271201712,No hubieron propuestas,12,null,0,15,0,0
2025-03-06 11:26:41.724,PA01,1741271201715,1741271201724,CNP-1741271201714,No hubieron propuestas,9,null,0,15,0,0
2025-03-06 11:26:41.725,PA04,1741271201714,1741271201724,CNP-1741271201714,No hubieron propuestas,10,null,0,15,0,0
2025-03-06 11:26:41.725,PA02,1741271201720,1741271201725,CNP-1741271201720,No hubieron propuestas,5,null,0,15,0,0
2025-03-06 11:26:43.726,PA05,1741271203715,1741271203726,CNP-1741271203715,No hubieron propuestas,11,null,0,15,0,0
2025-03-06 11:26:43.726,PA04,1741271203716,1741271203726,CNP-1741271203716,No hubieron propuestas,10,null,0,15,0,0
2025-03-06 11:26:43.727,PA01,1741271203718,1741271203726,CNP-1741271203718,No hubieron propuestas,8,null,0,15,0,0
2025-03-06 11:26:43.727,PA02,1741271203722,1741271203727,CNP-1741271203722,No hubieron propuestas,5,null,0,15,0,0
2025-03-06 11:26:45.732,PA04,1741271205721,1741271205732,CNP-1741271205720,No hubieron propuestas,11,null,0,15,0,0
2025-03-06 11:26:45.732,PA01,1741271205721,1741271205732,CNP-1741271205720,No hubieron propuestas,11,null,0,15,0,0
2025-03-06 11:26:45.732,PA05,1741271205721,1741271205732,CNP-1741271205720,No hubieron propuestas,11,null,0,15,0,0
2025-03-06 11:26:45.732,PA02,1741271205726,1741271205732,CNP-1741271205726,No hubieron propuestas,6,null,0,15,0,0
2025-03-06 11:26:47.735,PA01,1741271207723,1741271207735,CNP-1741271207723,No hubieron propuestas,12,null,0,15,0,0
2025-03-06 11:26:47.736,PA04,1741271207723,1741271207736,CNP-1741271207723,No hubieron propuestas,13,null,0,15,0,0
2025-03-06 11:26:47.736,PA05,1741271207725,1741271207736,CNP-1741271207725,No hubieron propuestas,11,null,0,15,0,0
2025-03-06 11:26:47.736,PA02,1741271207729,1741271207736,CNP-1741271207729,No hubieron propuestas,7,null,0,15,0,0
2025-03-06 11:26:49.738,PA02,1741271209732,1741271209738,CNP-1741271209732,No hubieron propuestas,6,null,0,15,0,0
2025-03-06 11:26:49.738,PA04,1741271209727,1741271209738,CNP-1741271209726,No hubieron propuestas,11,null,0,15,0,0
2025-03-06 11:26:49.738,PA05,1741271209728,1741271209738,CNP-1741271209728,No hubieron propuestas,10,null,0,15,0,0
2025-03-06 11:26:49.738,PA01,1741271209725,1741271209738,CNP-1741271209724,No hubieron propuestas,13,null,0,15,0,0
2025-03-06 11:26:51.741,PA01,1741271211728,1741271211741,CNP-1741271211727,No hubieron propuestas,13,null,0,15,0,0
2025-03-06 11:26:51.741,PA04,1741271211732,1741271211741,CNP-1741271211732,No hubieron propuestas,9,null,0,15,0,0
2025-03-06 11:26:51.741,PA05,1741271211730,1741271211741,CNP-1741271211730,No hubieron propuestas,11,null,0,15,0,0
2025-03-06 11:26:51.741,PA02,1741271211733,1741271211741,CNP-1741271211733,No hubieron propuestas,8,null,0,15,0,0
2025-03-06 11:26:53.746,PA01,1741271213731,1741271213746,CNP-1741271213731,No hubieron propuestas,15,null,0,15,0,0
2025-03-06 11:26:53.746,PA04,1741271213734,1741271213746,CNP-1741271213734,No hubieron propuestas,12,null,0,15,0,0
2025-03-06 11:26:53.746,PA05,1741271213731,1741271213746,CNP-1741271213731,No hubieron propuestas,15,null,0,15,0,0
2025-03-06 11:26:53.746,PA02,1741271213734,1741271213746,CNP-1741271213734,No hubieron propuestas,12,null,0,15,0,0
2025-03-06 11:26:55.746,PA01,1741271215735,1741271215745,CNP-1741271215734,No hubieron propuestas,10,null,0,15,0,0
2025-03-06 11:26:55.746,PA05,1741271215735,1741271215746,CNP-1741271215734,No hubieron propuestas,11,null,0,15,0,0
2025-03-06 11:26:55.746,PA02,1741271215737,1741271215746,CNP-1741271215737,No hubieron propuestas,9,null,0,15,0,0
2025-03-06 11:26:55.746,PA04,1741271215737,1741271215746,CNP-1741271215737,No hubieron propuestas,9,null,0,15,0,0
2025-03-06 11:26:57.748,PA05,1741271217737,1741271217748,CNP-1741271217737,No hubieron propuestas,11,null,0,15,0,0
2025-03-06 11:26:57.749,PA01,1741271217737,1741271217749,CNP-1741271217737,No hubieron propuestas,12,null,0,15,0,0
2025-03-06 11:26:57.749,PA02,1741271217741,1741271217749,CNP-1741271217740,No hubieron propuestas,8,null,0,15,0,0
2025-03-06 11:26:57.749,PA04,1741271217742,1741271217749,CNP-1741271217742,recibi inform. ganador acepto,7,Truck12,1,14,1,0
2025-03-06 11:26:59.753,PA05,1741271219743,1741271219753,CNP-1741271219742,No hubieron propuestas,10,null,0,15,0,0
2025-03-06 11:26:59.753,PA01,1741271219743,1741271219753,CNP-1741271219742,No hubieron propuestas,10,null,0,15,0,0
2025-03-06 11:26:59.754,PA02,1741271219743,1741271219754,CNP-1741271219742,No hubieron propuestas,11,null,0,15,0,0
2025-03-06 11:26:59.754,PA04,1741271219746,1741271219754,CNP-1741271219746,No hubieron propuestas,8,null,0,15,0,0
2025-03-06 11:27:01.752,PA01,1741271221746,1741271221752,CNP-1741271221746,No hubieron propuestas,6,null,0,15,0,0
2025-03-06 11:27:01.752,PA02,1741271221746,1741271221752,CNP-1741271221746,No hubieron propuestas,6,null,0,15,0,0
2025-03-06 11:27:01.752,PA05,1741271221746,1741271221752,CNP-1741271221746,No hubieron propuestas,6,null,0,15,0,0
2025-03-06 11:27:01.752,PA04,1741271221747,1741271221752,CNP-1741271221747,No hubieron propuestas,5,null,0,15,0,0
2025-03-06 11:27:03.763,PA01,1741271223753,1741271223763,CNP-1741271223753,No hubieron propuestas,10,null,0,15,0,0
2025-03-06 11:27:03.763,PA04,1741271223752,1741271223763,CNP-1741271223752,No hubieron propuestas,11,null,0,15,0,0
2025-03-06 11:27:03.763,PA05,1741271223752,1741271223763,CNP-1741271223752,No hubieron propuestas,11,null,0,15,0,0
2025-03-06 11:27:03.763,PA02,1741271223752,1741271223763,CNP-1741271223752,No hubieron propuestas,11,null,0,15,0,0
2025-03-06 11:27:05.757,PA01,1741271225754,1741271225757,CNP-1741271225754,No hubieron propuestas,3,null,0,15,0,0
2025-03-06 11:27:05.757,PA05,1741271225753,1741271225757,CNP-1741271225753,No hubieron propuestas,4,null,0,15,0,0
2025-03-06 11:27:05.760,PA04,1741271225755,1741271225760,CNP-1741271225755,No hubieron propuestas,5,null,0,15,0,0
2025-03-06 11:27:05.760,PA02,1741271225757,1741271225760,CNP-1741271225757,No hubieron propuestas,3,null,0,15,0,0
2025-03-06 11:27:07.766,PA01,1741271227758,1741271227766,CNP-1741271227758,No hubieron propuestas,8,null,0,15,0,0
2025-03-06 11:27:07.766,PA05,1741271227756,1741271227766,CNP-1741271227754,No hubieron propuestas,10,null,0,15,0,0
2025-03-06 11:27:07.766,PA04,1741271227758,1741271227766,CNP-1741271227758,No hubieron propuestas,8,null,0,15,0,0
2025-03-06 11:27:07.766,PA02,1741271227761,1741271227766,CNP-1741271227761,No hubieron propuestas,5,null,0,15,0,0
2025-03-06 11:27:09.770,PA05,1741271229760,1741271229770,CNP-1741271229759,No hubieron propuestas,10,null,0,15,0,0
2025-03-06 11:27:09.770,PA04,1741271229760,1741271229770,CNP-1741271229759,No hubieron propuestas,10,null,0,15,0,0
2025-03-06 11:27:09.770,PA01,1741271229761,1741271229770,CNP-1741271229761,No hubieron propuestas,9,null,0,15,0,0
2025-03-06 11:27:09.770,PA02,1741271229764,1741271229770,CNP-1741271229763,No hubieron propuestas,6,null,0,15,0,0
2025-03-06 11:27:11.775,PA05,1741271231762,1741271231775,CNP-1741271231762,No hubieron propuestas,13,null,0,15,0,0
2025-03-06 11:27:11.775,PA01,1741271231764,1741271231775,CNP-1741271231764,No hubieron propuestas,11,null,0,15,0,0
2025-03-06 11:27:11.775,PA04,1741271231764,1741271231775,CNP-1741271231764,No hubieron propuestas,11,null,0,15,0,0
2025-03-06 11:27:11.775,PA02,1741271231765,1741271231775,CNP-1741271231765,No hubieron propuestas,10,null,0,15,0,0
2025-03-06 11:27:13.781,PA01,1741271233769,1741271233781,CNP-1741271233769,No hubieron propuestas,12,null,0,15,0,0
2025-03-06 11:27:13.781,PA05,1741271233765,1741271233781,CNP-1741271233765,No hubieron propuestas,16,null,0,15,0,0
2025-03-06 11:27:13.781,PA02,1741271233772,1741271233781,CNP-1741271233772,No hubieron propuestas,9,null,0,15,0,0
2025-03-06 11:27:13.781,PA04,1741271233769,1741271233781,CNP-1741271233769,No hubieron propuestas,12,null,0,15,0,0
2025-03-06 11:27:15.785,PA05,1741271235769,1741271235785,CNP-1741271235769,No hubieron propuestas,16,null,0,15,0,0
2025-03-06 11:27:15.785,PA02,1741271235778,1741271235785,CNP-1741271235778,No hubieron propuestas,7,null,0,15,0,0
2025-03-06 11:27:15.785,PA01,1741271235778,1741271235785,CNP-1741271235775,No hubieron propuestas,7,null,0,15,0,0
2025-03-06 11:27:15.785,PA04,1741271235779,1741271235785,CNP-1741271235775,No hubieron propuestas,6,null,0,15,0,0
2025-03-06 11:27:17.778,PA05,1741271237775,1741271237778,CNP-1741271237774,No hubieron propuestas,3,null,0,15,0,0
2025-03-06 11:27:17.788,PA01,1741271237781,1741271237788,CNP-1741271237781,No hubieron propuestas,7,null,0,15,0,0
2025-03-06 11:27:17.788,PA02,1741271237781,1741271237788,CNP-1741271237781,No hubieron propuestas,7,null,0,15,0,0
2025-03-06 11:27:17.788,PA04,1741271237783,1741271237788,CNP-1741271237783,No hubieron propuestas,5,null,0,15,0,0
2025-03-06 11:27:19.788,PA05,1741271239779,1741271239788,CNP-1741271239779,No hubieron propuestas,9,null,0,15,0,0
2025-03-06 11:27:19.789,PA02,1741271239782,1741271239789,CNP-1741271239782,No hubieron propuestas,7,null,0,15,0,0
2025-03-06 11:27:19.789,PA01,1741271239783,1741271239789,CNP-1741271239783,No hubieron propuestas,6,null,0,15,0,0
2025-03-06 11:27:19.789,PA04,1741271239785,1741271239789,CNP-1741271239785,No hubieron propuestas,4,null,0,15,0,0
2025-03-06 11:27:21.796,PA05,1741271241781,1741271241796,CNP-1741271241781,No hubieron propuestas,15,null,0,15,0,0
2025-03-06 11:27:21.796,PA02,1741271241783,1741271241796,CNP-1741271241783,No hubieron propuestas,13,null,0,15,0,0
2025-03-06 11:27:21.796,PA04,1741271241789,1741271241796,CNP-1741271241789,No hubieron propuestas,7,null,0,15,0,0
2025-03-06 11:27:21.796,PA01,1741271241785,1741271241796,CNP-1741271241785,No hubieron propuestas,11,null,0,15,0,0
2025-03-06 11:27:23.794,PA04,1741271243790,1741271243794,CNP-1741271243790,No hubieron propuestas,4,null,0,15,0,0
2025-03-06 11:27:23.794,PA01,1741271243789,1741271243794,CNP-1741271243789,No hubieron propuestas,5,null,0,15,0,0
2025-03-06 11:27:23.794,PA05,1741271243785,1741271243794,CNP-1741271243784,No hubieron propuestas,9,null,0,15,0,0
2025-03-06 11:27:23.794,PA02,1741271243787,1741271243794,CNP-1741271243787,No hubieron propuestas,7,null,0,15,0,0
2025-03-06 11:27:25.801,PA02,1741271245790,1741271245801,CNP-1741271245790,No hubieron propuestas,11,null,0,15,0,0
2025-03-06 11:27:25.801,PA05,1741271245790,1741271245801,CNP-1741271245790,No hubieron propuestas,11,null,0,15,0,0
2025-03-06 11:27:25.802,PA04,1741271245793,1741271245802,CNP-1741271245793,No hubieron propuestas,9,null,0,15,0,0
2025-03-06 11:27:25.802,PA01,1741271245792,1741271245802,CNP-1741271245791,No hubieron propuestas,10,null,0,15,0,0
2025-03-06 11:27:27.803,PA01,1741271247794,1741271247803,CNP-1741271247794,No hubieron propuestas,9,null,0,15,0,0
2025-03-06 11:27:27.803,PA02,1741271247794,1741271247803,CNP-1741271247794,No hubieron propuestas,9,null,0,15,0,0
2025-03-06 11:27:27.803,PA04,1741271247797,1741271247803,CNP-1741271247796,No hubieron propuestas,6,null,0,15,0,0
2025-03-06 11:27:27.803,PA05,1741271247794,1741271247803,CNP-1741271247794,No hubieron propuestas,9,null,0,15,0,0
2025-03-06 11:27:29.803,PA02,1741271249795,1741271249803,CNP-1741271249795,No hubieron propuestas,8,null,0,15,0,0
2025-03-06 11:27:29.803,PA05,1741271249797,1741271249803,CNP-1741271249797,No hubieron propuestas,6,null,0,15,0,0
2025-03-06 11:27:29.803,PA04,1741271249799,1741271249803,CNP-1741271249799,No hubieron propuestas,4,null,0,15,0,0
2025-03-06 11:27:29.803,PA01,1741271249798,1741271249803,CNP-1741271249798,No hubieron propuestas,5,null,0,15,0,0
2025-03-06 11:27:31.810,PA02,1741271251800,1741271251810,CNP-1741271251800,No hubieron propuestas,10,null,0,15,0,0
2025-03-06 11:27:31.811,PA01,1741271251800,1741271251811,CNP-1741271251800,No hubieron propuestas,11,null,0,15,0,0
2025-03-06 11:27:31.811,PA05,1741271251801,1741271251811,CNP-1741271251801,No hubieron propuestas,10,null,0,15,0,0
2025-03-06 11:27:31.811,PA04,1741271251803,1741271251811,CNP-1741271251803,No hubieron propuestas,8,null,0,15,0,0
2025-03-06 11:27:33.812,PA02,1741271253802,1741271253812,CNP-1741271253802,No hubieron propuestas,10,null,0,15,0,0
2025-03-06 11:27:33.812,PA05,1741271253804,1741271253812,CNP-1741271253804,No hubieron propuestas,8,null,0,15,0,0
2025-03-06 11:27:33.812,PA01,1741271253806,1741271253812,CNP-1741271253806,No hubieron propuestas,6,null,0,15,0,0
2025-03-06 11:27:33.813,PA04,1741271253806,1741271253813,CNP-1741271253806,No hubieron propuestas,7,null,0,15,0,0
2025-03-06 11:27:35.821,PA05,1741271255807,1741271255821,CNP-1741271255807,No hubieron propuestas,14,null,0,15,0,0
2025-03-06 11:27:35.821,PA01,1741271255810,1741271255821,CNP-1741271255810,No hubieron propuestas,11,null,0,15,0,0
2025-03-06 11:27:35.821,PA02,1741271255807,1741271255821,CNP-1741271255807,No hubieron propuestas,14,null,0,15,0,0
2025-03-06 11:27:35.821,PA04,1741271255810,1741271255821,CNP-1741271255810,No hubieron propuestas,11,null,0,15,0,0
2025-03-06 11:27:37.820,PA05,1741271257809,1741271257820,CNP-1741271257809,No hubieron propuestas,11,null,0,15,0,0
2025-03-06 11:27:37.820,PA04,1741271257814,1741271257820,CNP-1741271257814,No hubieron propuestas,6,null,0,15,0,0
2025-03-06 11:27:37.820,PA02,1741271257809,1741271257820,CNP-1741271257809,No hubieron propuestas,11,null,0,15,0,0
2025-03-06 11:27:37.820,PA01,1741271257815,1741271257820,CNP-1741271257815,No hubieron propuestas,5,null,0,15,0,0
2025-03-06 11:27:39.820,PA02,1741271259814,1741271259820,CNP-1741271259814,No hubieron propuestas,6,null,0,15,0,0
2025-03-06 11:27:39.820,PA05,1741271259814,1741271259820,CNP-1741271259814,No hubieron propuestas,6,null,0,15,0,0
2025-03-06 11:27:39.820,PA01,1741271259818,1741271259820,CNP-1741271259818,No hubieron propuestas,2,null,0,15,0,0
2025-03-06 11:27:39.820,PA04,1741271259815,1741271259820,CNP-1741271259815,No hubieron propuestas,5,null,0,15,0,0
2025-03-06 11:27:41.828,PA02,1741271261819,1741271261828,CNP-1741271261819,No hubieron propuestas,9,null,0,15,0,0
2025-03-06 11:27:41.828,PA05,1741271261819,1741271261828,CNP-1741271261819,No hubieron propuestas,9,null,0,15,0,0
2025-03-06 11:27:41.828,PA04,1741271261819,1741271261828,CNP-1741271261819,No hubieron propuestas,9,null,0,15,0,0
2025-03-06 11:27:41.828,PA01,1741271261820,1741271261828,CNP-1741271261820,No hubieron propuestas,8,null,0,15,0,0
2025-03-06 11:27:43.830,PA02,1741271263821,1741271263830,CNP-1741271263820,No hubieron propuestas,9,null,0,15,0,0
2025-03-06 11:27:43.830,PA05,1741271263822,1741271263830,CNP-1741271263822,No hubieron propuestas,8,null,0,15,0,0
2025-03-06 11:27:43.830,PA04,1741271263822,1741271263830,CNP-1741271263822,No hubieron propuestas,8,null,0,15,0,0
2025-03-06 11:27:43.830,PA01,1741271263823,1741271263830,CNP-1741271263823,No hubieron propuestas,7,null,0,15,0,0
2025-03-06 11:27:45.832,PA05,1741271265825,1741271265832,CNP-1741271265825,No hubieron propuestas,7,null,0,15,0,0
2025-03-06 11:27:45.832,PA04,1741271265827,1741271265832,CNP-1741271265827,No hubieron propuestas,5,null,0,15,0,0
2025-03-06 11:27:45.832,PA02,1741271265825,1741271265832,CNP-1741271265825,No hubieron propuestas,7,null,0,15,0,0
2025-03-06 11:27:45.832,PA01,1741271265829,1741271265832,CNP-1741271265829,No hubieron propuestas,3,null,0,15,0,0
2025-03-06 11:27:47.837,PA05,1741271267827,1741271267837,CNP-1741271267827,No hubieron propuestas,10,null,0,15,0,0
2025-03-06 11:27:47.837,PA01,1741271267830,1741271267837,CNP-1741271267830,No hubieron propuestas,7,null,0,15,0,0
2025-03-06 11:27:47.837,PA04,1741271267829,1741271267837,CNP-1741271267829,No hubieron propuestas,8,null,0,15,0,0
2025-03-06 11:27:47.837,PA02,1741271267829,1741271267837,CNP-1741271267829,No hubieron propuestas,8,null,0,15,0,0
2025-03-06 11:27:49.849,PA04,1741271269833,1741271269849,CNP-1741271269832,No hubieron propuestas,16,null,0,15,0,0
2025-03-06 11:27:49.849,PA05,1741271269833,1741271269849,CNP-1741271269832,No hubieron propuestas,16,null,0,15,0,0
2025-03-06 11:27:49.849,PA01,1741271269833,1741271269849,CNP-1741271269833,No hubieron propuestas,16,null,0,15,0,0
2025-03-06 11:27:49.849,PA02,1741271269833,1741271269849,CNP-1741271269833,No hubieron propuestas,16,null,0,15,0,0
2025-03-06 11:27:51.836,PA01,1741271271834,1741271271836,CNP-1741271271834,No hubieron propuestas,2,null,0,15,0,0
2025-03-06 11:27:51.840,PA05,1741271271836,1741271271840,CNP-1741271271836,No hubieron propuestas,4,null,0,15,0,0
2025-03-06 11:27:51.841,PA02,1741271271838,1741271271841,CNP-1741271271838,No hubieron propuestas,3,null,0,15,0,0
2025-03-06 11:27:51.841,PA04,1741271271838,1741271271841,CNP-1741271271838,No hubieron propuestas,3,null,0,15,0,0
2025-03-06 11:27:53.845,PA01,1741271273840,1741271273845,CNP-1741271273840,No hubieron propuestas,5,null,0,15,0,0
2025-03-06 11:27:53.845,PA05,1741271273837,1741271273845,CNP-1741271273837,No hubieron propuestas,8,null,0,15,0,0
2025-03-06 11:27:53.845,PA04,1741271273840,1741271273845,CNP-1741271273840,No hubieron propuestas,5,null,0,15,0,0
2025-03-06 11:27:53.845,PA02,1741271273841,1741271273845,CNP-1741271273841,No hubieron propuestas,4,null,0,15,0,0
2025-03-06 11:27:55.849,PA05,1741271275840,1741271275849,CNP-1741271275840,No hubieron propuestas,9,null,0,15,0,0
2025-03-06 11:27:55.849,PA01,1741271275842,1741271275849,CNP-1741271275842,No hubieron propuestas,7,null,0,15,0,0
2025-03-06 11:27:55.850,PA02,1741271275846,1741271275850,CNP-1741271275846,No hubieron propuestas,4,null,0,15,0,0
2025-03-06 11:27:55.850,PA04,1741271275843,1741271275850,CNP-1741271275843,No hubieron propuestas,7,null,0,15,0,0
2025-03-06 11:27:57.859,PA01,1741271277844,1741271277859,CNP-1741271277844,No hubieron propuestas,15,null,0,15,0,0
2025-03-06 11:27:57.859,PA05,1741271277844,1741271277859,CNP-1741271277844,No hubieron propuestas,15,null,0,15,0,0
2025-03-06 11:27:57.859,PA04,1741271277848,1741271277859,CNP-1741271277845,No hubieron propuestas,11,null,0,15,0,0
2025-03-06 11:27:57.859,PA02,1741271277848,1741271277859,CNP-1741271277848,No hubieron propuestas,11,null,0,15,0,0
2025-03-06 11:27:59.867,PA05,1741271279848,1741271279867,CNP-1741271279847,No hubieron propuestas,19,null,0,15,0,0
2025-03-06 11:27:59.867,PA04,1741271279853,1741271279867,CNP-1741271279853,No hubieron propuestas,14,null,0,15,0,0
2025-03-06 11:27:59.867,PA01,1741271279848,1741271279867,CNP-1741271279847,No hubieron propuestas,19,null,0,15,0,0
2025-03-06 11:27:59.867,PA02,1741271279853,1741271279867,CNP-1741271279853,No hubieron propuestas,14,null,0,15,0,0
2025-03-06 11:28:01.862,PA05,1741271281850,1741271281862,CNP-1741271281850,No hubieron propuestas,12,null,0,15,0,0
2025-03-06 11:28:01.862,PA01,1741271281852,1741271281862,CNP-1741271281852,No hubieron propuestas,10,null,0,15,0,0
2025-03-06 11:28:01.863,PA04,1741271281854,1741271281863,CNP-1741271281854,No hubieron propuestas,9,null,0,15,0,0
2025-03-06 11:28:01.863,PA02,1741271281856,1741271281863,CNP-1741271281856,No hubieron propuestas,7,null,0,15,0,0
2025-03-06 11:28:03.868,PA05,1741271283855,1741271283868,CNP-1741271283855,No hubieron propuestas,13,null,0,15,0,0
2025-03-06 11:28:03.868,PA04,1741271283855,1741271283868,CNP-1741271283855,No hubieron propuestas,13,null,0,15,0,0
2025-03-06 11:28:03.869,PA01,1741271283855,1741271283869,CNP-1741271283855,No hubieron propuestas,14,null,0,15,0,0
2025-03-06 11:28:03.869,PA02,1741271283858,1741271283869,CNP-1741271283857,No hubieron propuestas,11,null,0,15,0,0
2025-03-06 11:28:05.866,PA04,1741271285862,1741271285866,CNP-1741271285862,No hubieron propuestas,4,null,0,15,0,0
2025-03-06 11:28:05.866,PA02,1741271285862,1741271285866,CNP-1741271285862,No hubieron propuestas,4,null,0,15,0,0
2025-03-06 11:28:05.866,PA01,1741271285858,1741271285866,CNP-1741271285857,No hubieron propuestas,8,null,0,15,0,0
2025-03-06 11:28:05.866,PA05,1741271285858,1741271285866,CNP-1741271285857,No hubieron propuestas,8,null,0,15,0,0
2025-03-06 11:28:07.871,PA04,1741271287865,1741271287871,CNP-1741271287865,No hubieron propuestas,6,null,0,15,0,0
2025-03-06 11:28:07.871,PA05,1741271287863,1741271287871,CNP-1741271287863,No hubieron propuestas,8,null,0,15,0,0
2025-03-06 11:28:07.871,PA01,1741271287863,1741271287871,CNP-1741271287863,No hubieron propuestas,8,null,0,15,0,0
2025-03-06 11:28:07.871,PA02,1741271287865,1741271287871,CNP-1741271287865,No hubieron propuestas,6,null,0,15,0,0
2025-03-06 11:28:09.872,PA05,1741271289867,1741271289872,CNP-1741271289867,No hubieron propuestas,5,null,0,15,0,0
2025-03-06 11:28:09.872,PA01,1741271289866,1741271289872,CNP-1741271289866,No hubieron propuestas,6,null,0,15,0,0
2025-03-06 11:28:09.873,PA02,1741271289869,1741271289873,CNP-1741271289869,No hubieron propuestas,4,null,0,15,0,0
2025-03-06 11:28:09.873,PA04,1741271289868,1741271289873,CNP-1741271289868,No hubieron propuestas,5,null,0,15,0,0
2025-03-06 11:28:11.880,PA01,1741271291870,1741271291880,CNP-1741271291870,No hubieron propuestas,10,null,0,15,0,0
2025-03-06 11:28:11.881,PA04,1741271291873,1741271291880,CNP-1741271291872,No hubieron propuestas,7,null,0,15,0,0
2025-03-06 11:28:11.881,PA02,1741271291873,1741271291880,CNP-1741271291872,No hubieron propuestas,7,null,0,15,0,0
2025-03-06 11:28:11.881,PA05,1741271291870,1741271291880,CNP-1741271291870,No hubieron propuestas,10,null,0,15,0,0
2025-03-06 11:28:13.885,PA01,1741271293874,1741271293885,CNP-1741271293874,No hubieron propuestas,11,null,0,15,0,0
2025-03-06 11:28:13.885,PA02,1741271293876,1741271293885,CNP-1741271293875,No hubieron propuestas,9,null,0,15,0,0
2025-03-06 11:28:13.886,PA05,1741271293873,1741271293886,CNP-1741271293872,No hubieron propuestas,13,null,0,15,0,0
2025-03-06 11:28:13.886,PA04,1741271293874,1741271293886,CNP-1741271293874,No hubieron propuestas,12,null,0,15,0,0
2025-03-06 11:28:15.882,PA01,1741271295878,1741271295882,CNP-1741271295878,No hubieron propuestas,4,null,0,15,0,0
2025-03-06 11:28:15.883,PA04,1741271295878,1741271295883,CNP-1741271295878,No hubieron propuestas,5,null,0,15,0,0
2025-03-06 11:28:15.883,PA05,1741271295878,1741271295883,CNP-1741271295878,No hubieron propuestas,5,null,0,15,0,0
2025-03-06 11:28:15.883,PA02,1741271295880,1741271295883,CNP-1741271295880,No hubieron propuestas,3,null,0,15,0,0
2025-03-06 11:28:17.886,PA05,1741271297881,1741271297886,CNP-1741271297881,No hubieron propuestas,5,null,0,15,0,0
2025-03-06 11:28:17.886,PA01,1741271297881,1741271297886,CNP-1741271297881,No hubieron propuestas,5,null,0,15,0,0
2025-03-06 11:28:17.886,PA02,1741271297882,1741271297886,CNP-1741271297882,No hubieron propuestas,4,null,0,15,0,0
2025-03-06 11:28:17.886,PA04,1741271297880,1741271297886,CNP-1741271297879,No hubieron propuestas,6,null,0,15,0,0
2025-03-06 11:28:19.896,PA05,1741271299884,1741271299896,CNP-1741271299884,No hubieron propuestas,12,null,0,15,0,0
2025-03-06 11:28:19.897,PA01,1741271299884,1741271299897,CNP-1741271299884,No hubieron propuestas,13,null,0,15,0,0
2025-03-06 11:28:19.897,PA04,1741271299884,1741271299897,CNP-1741271299884,No hubieron propuestas,13,null,0,15,0,0
2025-03-06 11:28:19.897,PA02,1741271299888,1741271299897,CNP-1741271299888,No hubieron propuestas,9,null,0,15,0,0
2025-03-06 11:28:21.893,PA05,1741271301885,1741271301893,CNP-1741271301885,No hubieron propuestas,8,null,0,15,0,0
2025-03-06 11:28:21.893,PA04,1741271301886,1741271301893,CNP-1741271301886,No hubieron propuestas,7,null,0,15,0,0
2025-03-06 11:28:21.894,PA01,1741271301887,1741271301894,CNP-1741271301887,No hubieron propuestas,7,null,0,15,0,0
2025-03-06 11:28:21.894,PA02,1741271301890,1741271301894,CNP-1741271301890,No hubieron propuestas,4,null,0,15,0,0
2025-03-06 11:28:23.901,PA05,1741271303889,1741271303901,CNP-1741271303889,No hubieron propuestas,12,null,0,15,0,0
2025-03-06 11:28:23.901,PA04,1741271303889,1741271303901,CNP-1741271303889,No hubieron propuestas,12,null,0,15,0,0
2025-03-06 11:28:23.901,PA01,1741271303892,1741271303901,CNP-1741271303892,No hubieron propuestas,9,null,0,15,0,0
2025-03-06 11:28:23.901,PA02,1741271303895,1741271303901,CNP-1741271303895,No hubieron propuestas,6,null,0,15,0,0
2025-03-06 11:28:25.896,PA01,1741271305894,1741271305896,CNP-1741271305893,No hubieron propuestas,2,null,0,15,0,0
2025-03-06 11:28:25.896,PA04,1741271305891,1741271305896,CNP-1741271305891,No hubieron propuestas,5,null,0,15,0,0
2025-03-06 11:28:25.896,PA05,1741271305891,1741271305896,CNP-1741271305891,No hubieron propuestas,5,null,0,15,0,0
2025-03-06 11:28:25.898,PA02,1741271305897,1741271305898,CNP-1741271305897,No hubieron propuestas,1,null,0,15,0,0
2025-03-06 11:28:27.907,PA05,1741271307894,1741271307907,CNP-1741271307894,No hubieron propuestas,13,null,0,15,0,0
2025-03-06 11:28:27.907,PA04,1741271307894,1741271307907,CNP-1741271307894,No hubieron propuestas,13,null,0,15,0,0
2025-03-06 11:28:27.907,PA01,1741271307896,1741271307907,CNP-1741271307896,No hubieron propuestas,11,null,0,15,0,0
2025-03-06 11:28:27.907,PA02,1741271307900,1741271307907,CNP-1741271307900,No hubieron propuestas,7,null,0,15,0,0
2025-03-06 11:28:29.905,PA01,1741271309897,1741271309905,CNP-1741271309897,No hubieron propuestas,8,null,0,15,0,0
2025-03-06 11:28:29.905,PA05,1741271309898,1741271309905,CNP-1741271309897,No hubieron propuestas,7,null,0,15,0,0
2025-03-06 11:28:29.905,PA04,1741271309898,1741271309905,CNP-1741271309897,No hubieron propuestas,7,null,0,15,0,0
2025-03-06 11:28:29.905,PA02,1741271309901,1741271309905,CNP-1741271309901,No hubieron propuestas,4,null,0,15,0,0
2025-03-06 11:28:31.921,PA04,1741271311903,1741271311921,CNP-1741271311903,No hubieron propuestas,18,null,0,15,0,0
2025-03-06 11:28:31.921,PA05,1741271311903,1741271311921,CNP-1741271311903,No hubieron propuestas,18,null,0,15,0,0
2025-03-06 11:28:31.921,PA02,1741271311907,1741271311921,CNP-1741271311907,No hubieron propuestas,14,null,0,15,0,0
2025-03-06 11:28:31.921,PA01,1741271311904,1741271311921,CNP-1741271311903,No hubieron propuestas,17,null,0,15,0,0
2025-03-06 11:28:33.916,PA01,1741271313905,1741271313916,CNP-1741271313905,No hubieron propuestas,11,null,0,15,0,0
2025-03-06 11:28:33.916,PA02,1741271313908,1741271313916,CNP-1741271313908,No hubieron propuestas,8,null,0,15,0,0
2025-03-06 11:28:33.916,PA05,1741271313907,1741271313916,CNP-1741271313907,No hubieron propuestas,9,null,0,15,0,0
2025-03-06 11:28:33.918,PA04,1741271313907,1741271313918,CNP-1741271313907,recibi inform. ganador acepto,11,Truck14,1,14,1,0
2025-03-06 11:28:35.920,PA05,1741271315911,1741271315920,CNP-1741271315911,No hubieron propuestas,9,null,0,15,0,0
2025-03-06 11:28:35.920,PA02,1741271315915,1741271315920,CNP-1741271315915,No hubieron propuestas,5,null,0,15,0,0
2025-03-06 11:28:35.920,PA01,1741271315911,1741271315920,CNP-1741271315911,No hubieron propuestas,9,null,0,15,0,0
2025-03-06 11:28:35.920,PA04,1741271315911,1741271315920,CNP-1741271315911,No hubieron propuestas,9,null,0,15,0,0
2025-03-06 11:28:37.922,PA05,1741271317914,1741271317922,CNP-1741271317913,No hubieron propuestas,8,null,0,15,0,0
2025-03-06 11:28:37.922,PA01,1741271317915,1741271317922,CNP-1741271317915,No hubieron propuestas,7,null,0,15,0,0
2025-03-06 11:28:37.922,PA04,1741271317914,1741271317922,CNP-1741271317913,No hubieron propuestas,8,null,0,15,0,0
2025-03-06 11:28:37.922,PA02,1741271317917,1741271317922,CNP-1741271317917,No hubieron propuestas,5,null,0,15,0,0
2025-03-06 11:28:39.925,PA04,1741271319919,1741271319925,CNP-1741271319919,No hubieron propuestas,6,null,0,15,0,0
2025-03-06 11:28:39.925,PA05,1741271319919,1741271319925,CNP-1741271319919,No hubieron propuestas,6,null,0,15,0,0
2025-03-06 11:28:39.925,PA02,1741271319919,1741271319925,CNP-1741271319919,No hubieron propuestas,6,null,0,15,0,0
2025-03-06 11:28:39.925,PA01,1741271319919,1741271319925,CNP-1741271319919,No hubieron propuestas,6,null,0,15,0,0
2025-03-06 11:28:41.926,PA04,1741271321920,1741271321926,CNP-1741271321920,No hubieron propuestas,6,null,0,15,0,0
2025-03-06 11:28:41.926,PA02,1741271321922,1741271321926,CNP-1741271321922,No hubieron propuestas,4,null,0,15,0,0
2025-03-06 11:28:41.926,PA05,1741271321923,1741271321926,CNP-1741271321923,No hubieron propuestas,3,null,0,15,0,0
2025-03-06 11:28:41.926,PA01,1741271321923,1741271321926,CNP-1741271321923,No hubieron propuestas,3,null,0,15,0,0
2025-03-06 11:28:43.936,PA01,1741271323925,1741271323936,CNP-1741271323925,No hubieron propuestas,11,null,0,15,0,0
2025-03-06 11:28:43.937,PA05,1741271323929,1741271323937,CNP-1741271323929,No hubieron propuestas,8,null,0,15,0,0
2025-03-06 11:28:43.937,PA02,1741271323926,1741271323937,CNP-1741271323925,No hubieron propuestas,11,null,0,15,0,0
2025-03-06 11:28:43.938,PA04,1741271323925,1741271323938,CNP-1741271323925,recibi inform. ganador acepto,13,Truck12,1,14,1,0
2025-03-06 11:28:45.937,PA02,1741271325930,1741271325937,CNP-1741271325930,No hubieron propuestas,7,null,0,15,0,0
2025-03-06 11:28:45.937,PA01,1741271325927,1741271325937,CNP-1741271325926,No hubieron propuestas,10,null,0,15,0,0
2025-03-06 11:28:45.937,PA04,1741271325930,1741271325937,CNP-1741271325930,No hubieron propuestas,7,null,0,15,0,0
2025-03-06 11:28:45.937,PA05,1741271325932,1741271325937,CNP-1741271325932,No hubieron propuestas,5,null,0,15,0,0
2025-03-06 11:28:47.943,PA04,1741271327934,1741271327943,CNP-1741271327934,No hubieron propuestas,9,null,0,15,0,0
2025-03-06 11:28:47.943,PA02,1741271327932,1741271327943,CNP-1741271327932,No hubieron propuestas,11,null,0,15,0,0
2025-03-06 11:28:47.943,PA01,1741271327932,1741271327943,CNP-1741271327932,No hubieron propuestas,11,null,0,15,0,0
2025-03-06 11:28:47.943,PA05,1741271327935,1741271327943,CNP-1741271327935,No hubieron propuestas,8,null,0,15,0,0
2025-03-06 11:28:49.949,PA01,1741271329937,1741271329949,CNP-1741271329936,No hubieron propuestas,12,null,0,15,0,0
2025-03-06 11:28:49.949,PA02,1741271329937,1741271329949,CNP-1741271329936,No hubieron propuestas,12,null,0,15,0,0
2025-03-06 11:28:49.949,PA04,1741271329938,1741271329949,CNP-1741271329938,No hubieron propuestas,11,null,0,15,0,0
2025-03-06 11:28:49.949,PA05,1741271329938,1741271329949,CNP-1741271329938,No hubieron propuestas,11,null,0,15,0,0
2025-03-06 11:28:51.946,PA01,1741271331941,1741271331946,CNP-1741271331941,No hubieron propuestas,5,null,0,15,0,0
2025-03-06 11:28:51.946,PA05,1741271331941,1741271331946,CNP-1741271331941,No hubieron propuestas,5,null,0,15,0,0
2025-03-06 11:28:51.946,PA02,1741271331939,1741271331946,CNP-1741271331939,No hubieron propuestas,7,null,0,15,0,0
2025-03-06 11:28:51.946,PA04,1741271331941,1741271331946,CNP-1741271331941,No hubieron propuestas,5,null,0,15,0,0
2025-03-06 11:28:53.951,PA04,1741271333948,1741271333951,CNP-1741271333948,No hubieron propuestas,3,null,0,15,0,0
2025-03-06 11:28:53.951,PA02,1741271333944,1741271333951,CNP-1741271333944,No hubieron propuestas,7,null,0,15,0,0
2025-03-06 11:28:53.951,PA05,1741271333947,1741271333951,CNP-1741271333947,No hubieron propuestas,4,null,0,15,0,0
2025-03-06 11:28:53.951,PA01,1741271333944,1741271333951,CNP-1741271333944,No hubieron propuestas,7,null,0,15,0,0
2025-03-06 11:28:55.953,PA05,1741271335949,1741271335953,CNP-1741271335948,No hubieron propuestas,4,null,0,15,0,0
2025-03-06 11:28:55.953,PA02,1741271335947,1741271335953,CNP-1741271335947,No hubieron propuestas,6,null,0,15,0,0
2025-03-06 11:28:55.953,PA01,1741271335947,1741271335953,CNP-1741271335947,No hubieron propuestas,6,null,0,15,0,0
2025-03-06 11:28:55.953,PA04,1741271335950,1741271335953,CNP-1741271335950,No hubieron propuestas,3,null,0,15,0,0
2025-03-06 11:28:57.954,PA02,1741271337950,1741271337954,CNP-1741271337950,No hubieron propuestas,4,null,0,15,0,0
2025-03-06 11:28:57.954,PA01,1741271337950,1741271337954,CNP-1741271337950,No hubieron propuestas,4,null,0,15,0,0
2025-03-06 11:28:57.954,PA05,1741271337951,1741271337954,CNP-1741271337951,No hubieron propuestas,3,null,0,15,0,0
2025-03-06 11:28:57.955,PA04,1741271337954,1741271337955,CNP-1741271337954,No hubieron propuestas,1,null,0,15,0,0
2025-03-06 11:28:59.964,PA01,1741271339954,1741271339964,CNP-1741271339953,No hubieron propuestas,10,null,0,15,0,0
2025-03-06 11:28:59.964,PA02,1741271339954,1741271339964,CNP-1741271339953,No hubieron propuestas,10,null,0,15,0,0
2025-03-06 11:28:59.964,PA05,1741271339958,1741271339964,CNP-1741271339958,No hubieron propuestas,6,null,0,15,0,0
2025-03-06 11:28:59.965,PA04,1741271339956,1741271339965,CNP-1741271339956,recibi inform. ganador acepto,9,Truck13,1,14,1,0
2025-03-06 11:29:01.965,PA02,1741271341957,1741271341965,CNP-1741271341957,No hubieron propuestas,8,null,0,15,0,0
2025-03-06 11:29:01.965,PA01,1741271341956,1741271341965,CNP-1741271341955,No hubieron propuestas,9,null,0,15,0,0
2025-03-06 11:29:01.966,PA05,1741271341960,1741271341966,CNP-1741271341960,No hubieron propuestas,6,null,0,15,0,0
2025-03-06 11:29:03.960,PA01,1741271343958,1741271343960,CNP-1741271343957,No hubieron propuestas,2,null,0,15,0,0
2025-03-06 11:29:03.965,PA02,1741271343963,1741271343965,CNP-1741271343963,No hubieron propuestas,2,null,0,15,0,0
2025-03-06 11:29:03.966,PA05,1741271343964,1741271343966,CNP-1741271343964,No hubieron propuestas,2,null,0,15,0,0
2025-03-06 11:29:05.971,PA01,1741271345962,1741271345971,CNP-1741271345961,No hubieron propuestas,9,null,0,15,0,0
2025-03-06 11:29:05.971,PA05,1741271345967,1741271345971,CNP-1741271345966,No hubieron propuestas,4,null,0,15,0,0
2025-03-06 11:29:05.971,PA02,1741271345965,1741271345971,CNP-1741271345965,No hubieron propuestas,6,null,0,15,0,0
2025-03-06 11:29:07.974,PA02,1741271347967,1741271347974,CNP-1741271347967,No hubieron propuestas,7,null,0,15,0,0
2025-03-06 11:29:07.975,PA01,1741271347964,1741271347974,CNP-1741271347964,No hubieron propuestas,10,null,0,15,0,0
2025-03-06 11:29:07.975,PA05,1741271347970,1741271347975,CNP-1741271347970,No hubieron propuestas,5,null,0,15,0,0
2025-03-06 11:29:09.980,PA01,1741271349970,1741271349980,CNP-1741271349969,No hubieron propuestas,10,null,0,15,0,0
2025-03-06 11:29:09.980,PA02,1741271349970,1741271349980,CNP-1741271349969,No hubieron propuestas,10,null,0,15,0,0
2025-03-06 11:29:09.980,PA05,1741271349976,1741271349980,CNP-1741271349975,No hubieron propuestas,4,null,0,15,0,0
2025-03-06 11:29:11.974,PA02,1741271351972,1741271351974,CNP-1741271351972,No hubieron propuestas,2,null,0,15,0,0
2025-03-06 11:29:11.976,PA01,1741271351975,1741271351976,CNP-1741271351975,No hubieron propuestas,1,null,0,15,0,0
2025-03-06 11:29:11.981,PA05,1741271351977,1741271351981,CNP-1741271351977,No hubieron propuestas,4,null,0,15,0,0
2025-03-06 11:29:13.983,PA02,1741271353974,1741271353983,CNP-1741271353974,No hubieron propuestas,9,null,0,15,0,0
2025-03-06 11:29:13.983,PA01,1741271353977,1741271353983,CNP-1741271353976,No hubieron propuestas,6,null,0,15,0,0
2025-03-06 11:29:13.983,PA05,1741271353978,1741271353983,CNP-1741271353978,No hubieron propuestas,5,null,0,15,0,0
2025-03-06 11:29:15.986,PA05,1741271355980,1741271355986,CNP-1741271355980,No hubieron propuestas,6,null,0,15,0,0
2025-03-06 11:29:15.987,PA01,1741271355979,1741271355987,CNP-1741271355978,No hubieron propuestas,8,null,0,15,0,0
2025-03-06 11:29:15.987,PA02,1741271355979,1741271355987,CNP-1741271355978,No hubieron propuestas,8,null,0,15,0,0
2025-03-06 11:29:17.988,PA02,1741271357982,1741271357988,CNP-1741271357982,No hubieron propuestas,6,null,0,15,0,0
2025-03-06 11:29:17.988,PA01,1741271357980,1741271357988,CNP-1741271357980,No hubieron propuestas,8,null,0,15,0,0
2025-03-06 11:29:17.988,PA05,1741271357982,1741271357988,CNP-1741271357982,No hubieron propuestas,6,null,0,15,0,0
2025-03-06 11:29:19.992,PA05,1741271359985,1741271359992,CNP-1741271359985,No hubieron propuestas,7,null,0,15,0,0
2025-03-06 11:29:19.992,PA01,1741271359985,1741271359992,CNP-1741271359985,No hubieron propuestas,7,null,0,15,0,0
2025-03-06 11:29:19.992,PA02,1741271359985,1741271359992,CNP-1741271359985,No hubieron propuestas,7,null,0,15,0,0
2025-03-06 11:29:21.994,PA01,1741271361987,1741271361994,CNP-1741271361986,No hubieron propuestas,7,null,0,15,0,0
2025-03-06 11:29:21.994,PA02,1741271361989,1741271361994,CNP-1741271361988,No hubieron propuestas,5,null,0,15,0,0
2025-03-06 11:29:21.994,PA05,1741271361988,1741271361994,CNP-1741271361988,No hubieron propuestas,6,null,0,15,0,0
2025-03-06 11:29:23.997,PA02,1741271363994,1741271363997,CNP-1741271363994,No hubieron propuestas,3,null,0,15,0,0
2025-03-06 11:29:23.997,PA01,1741271363990,1741271363997,CNP-1741271363989,No hubieron propuestas,7,null,0,15,0,0
2025-03-06 11:29:23.997,PA05,1741271363993,1741271363997,CNP-1741271363992,No hubieron propuestas,4,null,0,15,0,0
2025-03-06 11:29:25.994,PA01,1741271365991,1741271365994,CNP-1741271365991,No hubieron propuestas,3,null,0,15,0,0
2025-03-06 11:29:26.000,PA05,1741271365995,1741271366000,CNP-1741271365995,No hubieron propuestas,5,null,0,15,0,0
2025-03-06 11:29:26.000,PA02,1741271365995,1741271366000,CNP-1741271365995,No hubieron propuestas,5,null,0,15,0,0
2025-03-06 11:29:28.005,PA05,1741271367996,1741271368005,CNP-1741271367996,No hubieron propuestas,9,null,0,15,0,0
2025-03-06 11:29:28.005,PA01,1741271367996,1741271368005,CNP-1741271367996,No hubieron propuestas,9,null,0,15,0,0
2025-03-06 11:29:28.005,PA02,1741271367997,1741271368005,CNP-1741271367997,No hubieron propuestas,8,null,0,15,0,0
2025-03-06 11:29:30.004,PA05,1741271369998,1741271370004,CNP-1741271369997,No hubieron propuestas,6,null,0,15,0,0
2025-03-06 11:29:30.005,PA02,1741271370000,1741271370005,CNP-1741271370000,No hubieron propuestas,5,null,0,15,0,0
2025-03-06 11:29:30.005,PA01,1741271370000,1741271370005,CNP-1741271370000,No hubieron propuestas,5,null,0,15,0,0
2025-03-06 11:29:32.005,PA05,1741271372000,1741271372005,CNP-1741271372000,No hubieron propuestas,5,null,0,15,0,0
2025-03-06 11:29:32.006,PA02,1741271372003,1741271372006,CNP-1741271372003,No hubieron propuestas,3,null,0,15,0,0
2025-03-06 11:29:32.006,PA01,1741271372002,1741271372006,CNP-1741271372001,No hubieron propuestas,4,null,0,15,0,0
2025-03-06 11:29:34.016,PA01,1741271374006,1741271374016,CNP-1741271374005,No hubieron propuestas,10,null,0,15,0,0
2025-03-06 11:29:34.016,PA05,1741271374006,1741271374016,CNP-1741271374005,No hubieron propuestas,10,null,0,15,0,0
2025-03-06 11:29:34.016,PA02,1741271374010,1741271374016,CNP-1741271374010,No hubieron propuestas,6,null,0,15,0,0
2025-03-06 11:29:36.011,PA01,1741271376008,1741271376011,CNP-1741271376008,No hubieron propuestas,3,null,0,15,0,0
2025-03-06 11:29:36.011,PA05,1741271376008,1741271376011,CNP-1741271376008,No hubieron propuestas,3,null,0,15,0,0
2025-03-06 11:29:36.015,PA02,1741271376013,1741271376015,CNP-1741271376013,No hubieron propuestas,2,null,0,15,0,0
2025-03-06 11:29:38.016,PA01,1741271378010,1741271378016,CNP-1741271378010,No hubieron propuestas,6,null,0,15,0,0
2025-03-06 11:29:38.016,PA05,1741271378010,1741271378016,CNP-1741271378010,No hubieron propuestas,6,null,0,15,0,0
2025-03-06 11:29:38.016,PA02,1741271378015,1741271378016,CNP-1741271378015,No hubieron propuestas,1,null,0,15,0,0
2025-03-06 11:29:40.022,PA05,1741271380014,1741271380022,CNP-1741271380014,No hubieron propuestas,8,null,0,15,0,0
2025-03-06 11:29:40.022,PA01,1741271380011,1741271380022,CNP-1741271380011,No hubieron propuestas,11,null,0,15,0,0
2025-03-06 11:29:40.022,PA02,1741271380017,1741271380022,CNP-1741271380017,No hubieron propuestas,5,null,0,15,0,0
2025-03-06 11:29:42.025,PA02,1741271382020,1741271382025,CNP-1741271382020,No hubieron propuestas,5,null,0,15,0,0
2025-03-06 11:29:42.025,PA01,1741271382016,1741271382025,CNP-1741271382015,No hubieron propuestas,9,null,0,15,0,0
2025-03-06 11:29:42.025,PA05,1741271382017,1741271382025,CNP-1741271382015,No hubieron propuestas,8,null,0,15,0,0
2025-03-06 11:29:44.021,PA01,1741271384017,1741271384021,CNP-1741271384017,No hubieron propuestas,4,null,0,15,0,0
2025-03-06 11:29:44.021,PA05,1741271384019,1741271384021,CNP-1741271384019,No hubieron propuestas,2,null,0,15,0,0
2025-03-06 11:29:44.025,PA02,1741271384023,1741271384025,CNP-1741271384023,No hubieron propuestas,2,null,0,15,0,0
2025-03-06 11:29:46.033,PA01,1741271386022,1741271386033,CNP-1741271386022,No hubieron propuestas,11,null,0,15,0,0
2025-03-06 11:29:46.033,PA02,1741271386025,1741271386033,CNP-1741271386025,No hubieron propuestas,8,null,0,15,0,0
2025-03-06 11:29:46.033,PA05,1741271386022,1741271386033,CNP-1741271386022,No hubieron propuestas,11,null,0,15,0,0
2025-03-06 11:29:48.031,PA01,1741271388025,1741271388031,CNP-1741271388024,No hubieron propuestas,6,null,0,15,0,0
2025-03-06 11:29:48.032,PA05,1741271388026,1741271388032,CNP-1741271388026,No hubieron propuestas,6,null,0,15,0,0
2025-03-06 11:29:48.032,PA02,1741271388026,1741271388032,CNP-1741271388026,No hubieron propuestas,6,null,0,15,0,0
2025-03-06 11:29:50.039,PA01,1741271390027,1741271390039,CNP-1741271390027,No hubieron propuestas,12,null,0,15,0,0
2025-03-06 11:29:50.039,PA05,1741271390029,1741271390039,CNP-1741271390028,No hubieron propuestas,10,null,0,15,0,0
2025-03-06 11:29:50.039,PA02,1741271390030,1741271390039,CNP-1741271390030,No hubieron propuestas,9,null,0,15,0,0
2025-03-06 11:29:52.041,PA01,1741271392032,1741271392041,CNP-1741271392031,No hubieron propuestas,9,null,0,15,0,0
2025-03-06 11:29:52.042,PA05,1741271392032,1741271392042,CNP-1741271392031,No hubieron propuestas,10,null,0,15,0,0
2025-03-06 11:29:52.042,PA02,1741271392035,1741271392042,CNP-1741271392035,No hubieron propuestas,7,null,0,15,0,0
2025-03-06 11:29:54.048,PA05,1741271394035,1741271394048,CNP-1741271394035,No hubieron propuestas,13,null,0,15,0,0
2025-03-06 11:29:54.049,PA01,1741271394035,1741271394049,CNP-1741271394035,No hubieron propuestas,14,null,0,15,0,0
2025-03-06 11:29:54.049,PA02,1741271394039,1741271394049,CNP-1741271394039,No hubieron propuestas,10,null,0,15,0,0
2025-03-06 11:29:56.042,PA05,1741271396037,1741271396042,CNP-1741271396037,No hubieron propuestas,5,null,0,15,0,0
2025-03-06 11:29:56.043,PA01,1741271396039,1741271396043,CNP-1741271396039,No hubieron propuestas,4,null,0,15,0,0
2025-03-06 11:29:56.043,PA02,1741271396040,1741271396043,CNP-1741271396040,No hubieron propuestas,3,null,0,15,0,0
2025-03-06 11:29:58.047,PA01,1741271398040,1741271398047,CNP-1741271398040,No hubieron propuestas,7,null,0,15,0,0
2025-03-06 11:29:58.047,PA05,1741271398040,1741271398047,CNP-1741271398040,No hubieron propuestas,7,null,0,15,0,0
2025-03-06 11:29:58.047,PA02,1741271398043,1741271398047,CNP-1741271398043,No hubieron propuestas,4,null,0,15,0,0
2025-03-06 11:30:00.054,PA01,1741271400048,1741271400054,CNP-1741271400048,No hubieron propuestas,6,null,0,15,0,0
2025-03-06 11:30:00.054,PA05,1741271400043,1741271400054,CNP-1741271400043,No hubieron propuestas,11,null,0,15,0,0
2025-03-06 11:30:00.055,PA02,1741271400049,1741271400055,CNP-1741271400048,No hubieron propuestas,6,null,0,15,0,0
2025-03-06 11:30:02.056,PA05,1741271402047,1741271402056,CNP-1741271402047,No hubieron propuestas,9,null,0,15,0,0
2025-03-06 11:30:02.056,PA01,1741271402053,1741271402056,CNP-1741271402052,No hubieron propuestas,3,null,0,15,0,0
2025-03-06 11:30:02.057,PA02,1741271402053,1741271402056,CNP-1741271402052,No hubieron propuestas,3,null,0,15,0,0
2025-03-06 11:30:04.060,PA05,1741271404048,1741271404060,CNP-1741271404048,No hubieron propuestas,12,null,0,15,0,0
2025-03-06 11:30:04.061,PA01,1741271404056,1741271404061,CNP-1741271404056,No hubieron propuestas,5,null,0,15,0,0
2025-03-06 11:30:04.061,PA02,1741271404055,1741271404061,CNP-1741271404055,No hubieron propuestas,6,null,0,15,0,0
2025-03-06 11:30:06.054,PA05,1741271406049,1741271406054,CNP-1741271406049,No hubieron propuestas,5,null,0,15,0,0
2025-03-06 11:30:06.066,PA02,1741271406057,1741271406066,CNP-1741271406057,No hubieron propuestas,9,null,0,15,0,0
2025-03-06 11:30:06.066,PA01,1741271406059,1741271406066,CNP-1741271406059,No hubieron propuestas,7,null,0,15,0,0
2025-03-06 11:30:08.061,PA02,1741271408058,1741271408061,CNP-1741271408058,No hubieron propuestas,3,null,0,15,0,0
2025-03-06 11:30:08.061,PA05,1741271408053,1741271408061,CNP-1741271408053,No hubieron propuestas,8,null,0,15,0,0
2025-03-06 11:30:08.063,PA01,1741271408061,1741271408063,CNP-1741271408061,No hubieron propuestas,2,null,0,15,0,0
2025-03-06 11:30:10.072,PA05,1741271410058,1741271410072,CNP-1741271410058,No hubieron propuestas,14,null,0,15,0,0
2025-03-06 11:30:10.072,PA02,1741271410065,1741271410072,CNP-1741271410065,No hubieron propuestas,7,null,0,15,0,0
2025-03-06 11:30:10.072,PA01,1741271410065,1741271410072,CNP-1741271410065,No hubieron propuestas,7,null,0,15,0,0
2025-03-06 11:30:12.064,PA05,1741271412060,1741271412064,CNP-1741271412060,No hubieron propuestas,4,null,0,15,0,0
2025-03-06 11:30:12.073,PA02,1741271412069,1741271412073,CNP-1741271412066,No hubieron propuestas,4,null,0,15,0,0
2025-03-06 11:30:12.073,PA01,1741271412069,1741271412073,CNP-1741271412069,No hubieron propuestas,4,null,0,15,0,0
2025-03-06 11:30:14.065,PA05,1741271414063,1741271414065,CNP-1741271414062,No hubieron propuestas,2,null,0,15,0,0
2025-03-06 11:30:14.080,PA02,1741271414070,1741271414080,CNP-1741271414070,No hubieron propuestas,10,null,0,15,0,0
2025-03-06 11:30:14.080,PA01,1741271414073,1741271414080,CNP-1741271414073,No hubieron propuestas,7,null,0,15,0,0
2025-03-06 11:30:16.077,PA05,1741271416065,1741271416077,CNP-1741271416065,No hubieron propuestas,12,null,0,15,0,0
2025-03-06 11:30:16.078,PA02,1741271416071,1741271416078,CNP-1741271416071,No hubieron propuestas,7,null,0,15,0,0
2025-03-06 11:30:16.078,PA01,1741271416074,1741271416078,CNP-1741271416074,No hubieron propuestas,4,null,0,15,0,0
2025-03-06 11:30:18.087,PA01,1741271418079,1741271418087,CNP-1741271418076,No hubieron propuestas,8,null,0,15,0,0
2025-03-06 11:30:18.087,PA02,1741271418079,1741271418087,CNP-1741271418079,No hubieron propuestas,8,null,0,15,0,0
2025-03-06 11:30:18.087,PA05,1741271418070,1741271418087,CNP-1741271418070,No hubieron propuestas,17,null,0,15,0,0
2025-03-06 11:30:20.079,PA05,1741271420076,1741271420079,CNP-1741271420076,No hubieron propuestas,3,null,0,15,0,0
2025-03-06 11:30:20.086,PA02,1741271420084,1741271420086,CNP-1741271420084,No hubieron propuestas,2,null,0,15,0,0
2025-03-06 11:30:20.086,PA01,1741271420081,1741271420086,CNP-1741271420080,No hubieron propuestas,5,null,0,15,0,0
2025-03-06 11:30:22.093,PA05,1741271422081,1741271422093,CNP-1741271422081,No hubieron propuestas,12,null,0,15,0,0
2025-03-06 11:30:22.093,PA02,1741271422090,1741271422093,CNP-1741271422090,No hubieron propuestas,3,null,0,15,0,0
2025-03-06 11:30:22.093,PA01,1741271422087,1741271422093,CNP-1741271422087,No hubieron propuestas,6,null,0,15,0,0
2025-03-06 11:30:24.096,PA05,1741271424083,1741271424096,CNP-1741271424083,No hubieron propuestas,13,null,0,15,0,0
2025-03-06 11:30:24.096,PA02,1741271424093,1741271424096,CNP-1741271424093,No hubieron propuestas,3,null,0,15,0,0
2025-03-06 11:30:24.096,PA01,1741271424090,1741271424096,CNP-1741271424090,No hubieron propuestas,6,null,0,15,0,0
2025-03-06 11:30:26.103,PA02,1741271426099,1741271426103,CNP-1741271426099,No hubieron propuestas,4,null,0,15,0,0
2025-03-06 11:30:26.103,PA05,1741271426088,1741271426103,CNP-1741271426088,No hubieron propuestas,15,null,0,15,0,0
2025-03-06 11:30:26.103,PA01,1741271426097,1741271426103,CNP-1741271426097,No hubieron propuestas,6,null,0,15,0,0
2025-03-06 11:30:28.106,PA05,1741271428093,1741271428106,CNP-1741271428093,No hubieron propuestas,13,null,0,15,0,0
2025-03-06 11:30:28.106,PA01,1741271428100,1741271428106,CNP-1741271428100,No hubieron propuestas,6,null,0,15,0,0
2025-03-06 11:30:28.107,PA02,1741271428101,1741271428107,CNP-1741271428101,No hubieron propuestas,6,null,0,15,0,0
2025-03-06 11:30:30.112,PA05,1741271430099,1741271430112,CNP-1741271430099,No hubieron propuestas,13,null,0,15,0,0
2025-03-06 11:30:30.112,PA02,1741271430107,1741271430112,CNP-1741271430107,No hubieron propuestas,5,null,0,15,0,0
2025-03-06 11:30:30.112,PA01,1741271430108,1741271430112,CNP-1741271430108,No hubieron propuestas,4,null,0,15,0,0
2025-03-06 11:30:32.119,PA05,1741271432104,1741271432119,CNP-1741271432104,No hubieron propuestas,15,null,0,15,0,0
2025-03-06 11:30:32.119,PA01,1741271432112,1741271432119,CNP-1741271432110,No hubieron propuestas,7,null,0,15,0,0
2025-03-06 11:30:32.119,PA02,1741271432110,1741271432119,CNP-1741271432110,No hubieron propuestas,9,null,0,15,0,0
2025-03-06 11:30:34.122,PA01,1741271434115,1741271434122,CNP-1741271434115,No hubieron propuestas,7,null,0,15,0,0
2025-03-06 11:30:34.123,PA05,1741271434109,1741271434123,CNP-1741271434109,No hubieron propuestas,14,null,0,15,0,0
2025-03-06 11:30:34.123,PA02,1741271434116,1741271434123,CNP-1741271434116,No hubieron propuestas,7,null,0,15,0,0
2025-03-06 11:30:36.130,PA01,1741271436119,1741271436130,CNP-1741271436119,No hubieron propuestas,11,null,0,15,0,0
2025-03-06 11:30:36.130,PA05,1741271436113,1741271436130,CNP-1741271436112,No hubieron propuestas,17,null,0,15,0,0
2025-03-06 11:30:36.130,PA02,1741271436127,1741271436130,CNP-1741271436127,No hubieron propuestas,3,null,0,15,0,0
2025-03-06 11:30:38.130,PA01,1741271438125,1741271438130,CNP-1741271438125,No hubieron propuestas,5,null,0,15,0,0
2025-03-06 11:30:38.131,PA02,1741271438128,1741271438131,CNP-1741271438128,No hubieron propuestas,3,null,0,15,0,0
2025-03-06 11:30:38.131,PA05,1741271438118,1741271438131,CNP-1741271438118,No hubieron propuestas,13,null,0,15,0,0
2025-03-06 11:30:40.136,PA05,1741271440124,1741271440136,CNP-1741271440124,No hubieron propuestas,12,null,0,15,0,0
2025-03-06 11:30:40.136,PA01,1741271440127,1741271440136,CNP-1741271440127,No hubieron propuestas,9,null,0,15,0,0
2025-03-06 11:30:40.136,PA02,1741271440130,1741271440136,CNP-1741271440130,No hubieron propuestas,6,null,0,15,0,0
2025-03-06 11:30:42.143,PA01,1741271442130,1741271442143,CNP-1741271442130,No hubieron propuestas,13,null,0,15,0,0
2025-03-06 11:30:42.144,PA05,1741271442130,1741271442144,CNP-1741271442130,No hubieron propuestas,14,null,0,15,0,0
2025-03-06 11:30:42.144,PA02,1741271442140,1741271442144,CNP-1741271442139,No hubieron propuestas,4,null,0,15,0,0
2025-03-06 11:30:44.146,PA01,1741271444137,1741271444146,CNP-1741271444137,No hubieron propuestas,9,null,0,15,0,0
2025-03-06 11:30:44.146,PA02,1741271444142,1741271444146,CNP-1741271444142,No hubieron propuestas,4,null,0,15,0,0
2025-03-06 11:30:44.146,PA05,1741271444131,1741271444146,CNP-1741271444131,No hubieron propuestas,15,null,0,15,0,0
2025-03-06 11:30:46.148,PA05,1741271446136,1741271446148,CNP-1741271446136,No hubieron propuestas,12,null,0,15,0,0
2025-03-06 11:30:46.148,PA01,1741271446144,1741271446148,CNP-1741271446144,No hubieron propuestas,4,null,0,15,0,0
2025-03-06 11:30:46.148,PA02,1741271446146,1741271446148,CNP-1741271446146,No hubieron propuestas,2,null,0,15,0,0
2025-03-06 11:30:48.141,PA05,1741271448137,1741271448141,CNP-1741271448137,No hubieron propuestas,4,null,0,15,0,0
2025-03-06 11:30:48.156,PA01,1741271448146,1741271448156,CNP-1741271448146,No hubieron propuestas,10,null,0,15,0,0
2025-03-06 11:30:48.157,PA02,1741271448148,1741271448157,CNP-1741271448148,No hubieron propuestas,9,null,0,15,0,0
2025-03-06 11:30:50.159,PA02,1741271450149,1741271450159,CNP-1741271450149,No hubieron propuestas,10,null,0,15,0,0
2025-03-06 11:30:50.159,PA05,1741271450142,1741271450159,CNP-1741271450142,No hubieron propuestas,17,null,0,15,0,0
2025-03-06 11:30:50.159,PA01,1741271450149,1741271450159,CNP-1741271450149,No hubieron propuestas,10,null,0,15,0,0
2025-03-06 11:30:52.163,PA05,1741271452147,1741271452163,CNP-1741271452147,No hubieron propuestas,16,null,0,15,0,0
2025-03-06 11:30:52.163,PA01,1741271452153,1741271452163,CNP-1741271452153,No hubieron propuestas,10,null,0,15,0,0
2025-03-06 11:30:52.163,PA02,1741271452153,1741271452163,CNP-1741271452153,No hubieron propuestas,10,null,0,15,0,0
2025-03-06 11:30:54.168,PA01,1741271454157,1741271454168,CNP-1741271454157,No hubieron propuestas,11,null,0,15,0,0
2025-03-06 11:30:54.168,PA05,1741271454152,1741271454168,CNP-1741271454152,No hubieron propuestas,16,null,0,15,0,0
2025-03-06 11:30:54.169,PA02,1741271454161,1741271454169,CNP-1741271454161,No hubieron propuestas,8,null,0,15,0,0
2025-03-06 11:30:56.171,PA05,1741271456154,1741271456171,CNP-1741271456153,No hubieron propuestas,17,null,0,15,0,0
2025-03-06 11:30:56.171,PA01,1741271456162,1741271456171,CNP-1741271456161,No hubieron propuestas,9,null,0,15,0,0
2025-03-06 11:30:56.171,PA02,1741271456162,1741271456171,CNP-1741271456162,No hubieron propuestas,9,null,0,15,0,0
2025-03-06 11:30:58.172,PA02,1741271458167,1741271458172,CNP-1741271458167,No hubieron propuestas,5,null,0,15,0,0
2025-03-06 11:30:58.172,PA01,1741271458169,1741271458172,CNP-1741271458169,No hubieron propuestas,3,null,0,15,0,0
2025-03-06 11:30:58.172,PA05,1741271458159,1741271458172,CNP-1741271458158,No hubieron propuestas,13,null,0,15,0,0
2025-03-06 11:31:00.178,PA05,1741271460164,1741271460178,CNP-1741271460164,No hubieron propuestas,14,null,0,15,0,0
2025-03-06 11:31:00.178,PA02,1741271460170,1741271460178,CNP-1741271460170,No hubieron propuestas,8,null,0,15,0,0
2025-03-06 11:31:00.178,PA01,1741271460175,1741271460178,CNP-1741271460175,No hubieron propuestas,3,null,0,15,0,0
2025-03-06 11:31:02.182,PA02,1741271462178,1741271462182,CNP-1741271462178,No hubieron propuestas,4,null,0,15,0,0
2025-03-06 11:31:02.182,PA01,1741271462179,1741271462182,CNP-1741271462178,No hubieron propuestas,3,null,0,15,0,0
2025-03-06 11:31:02.182,PA05,1741271462165,1741271462182,CNP-1741271462165,No hubieron propuestas,17,null,0,15,0,0
2025-03-06 11:31:04.178,PA05,1741271464169,1741271464178,CNP-1741271464168,No hubieron propuestas,9,null,0,15,0,0
2025-03-06 11:31:04.181,PA02,1741271464179,1741271464181,CNP-1741271464179,No hubieron propuestas,2,null,0,15,0,0
2025-03-06 11:31:04.182,PA01,1741271464180,1741271464182,CNP-1741271464180,No hubieron propuestas,2,null,0,15,0,0
2025-03-06 11:31:06.181,PA05,1741271466170,1741271466181,CNP-1741271466170,No hubieron propuestas,11,null,0,15,0,0
2025-03-06 11:31:06.186,PA01,1741271466181,1741271466186,CNP-1741271466181,No hubieron propuestas,5,null,0,15,0,0
2025-03-06 11:31:06.186,PA02,1741271466183,1741271466186,CNP-1741271466183,No hubieron propuestas,3,null,0,15,0,0
2025-03-06 11:31:08.191,PA02,1741271468186,1741271468191,CNP-1741271468186,No hubieron propuestas,5,null,0,15,0,0
2025-03-06 11:31:08.191,PA05,1741271468176,1741271468191,CNP-1741271468176,No hubieron propuestas,15,null,0,15,0,0
2025-03-06 11:31:08.191,PA01,1741271468186,1741271468191,CNP-1741271468186,No hubieron propuestas,5,null,0,15,0,0
2025-03-06 11:31:10.195,PA05,1741271470182,1741271470195,CNP-1741271470181,No hubieron propuestas,13,null,0,15,0,0
2025-03-06 11:31:10.195,PA02,1741271470191,1741271470195,CNP-1741271470191,No hubieron propuestas,4,null,0,15,0,0
2025-03-06 11:31:10.195,PA01,1741271470191,1741271470195,CNP-1741271470191,No hubieron propuestas,4,null,0,15,0,0
2025-03-06 11:31:12.202,PA05,1741271472188,1741271472202,CNP-1741271472188,No hubieron propuestas,14,null,0,15,0,0
2025-03-06 11:31:12.202,PA02,1741271472196,1741271472202,CNP-1741271472196,No hubieron propuestas,6,null,0,15,0,0
2025-03-06 11:31:12.203,PA01,1741271472196,1741271472203,CNP-1741271472196,No hubieron propuestas,7,null,0,15,0,0
2025-03-06 11:31:14.211,PA02,1741271474205,1741271474211,CNP-1741271474204,No hubieron propuestas,6,null,0,15,0,0
2025-03-06 11:31:14.211,PA05,1741271474190,1741271474211,CNP-1741271474190,No hubieron propuestas,21,null,0,15,0,0
2025-03-06 11:31:14.211,PA01,1741271474205,1741271474211,CNP-1741271474205,No hubieron propuestas,6,null,0,15,0,0
2025-03-06 11:31:16.206,PA05,1741271476196,1741271476206,CNP-1741271476195,No hubieron propuestas,10,null,0,15,0,0
2025-03-06 11:31:16.212,PA02,1741271476207,1741271476212,CNP-1741271476207,No hubieron propuestas,5,null,0,15,0,0
2025-03-06 11:31:16.213,PA01,1741271476207,1741271476213,CNP-1741271476207,No hubieron propuestas,6,null,0,15,0,0
2025-03-06 11:31:18.215,PA01,1741271478209,1741271478215,CNP-1741271478209,No hubieron propuestas,6,null,0,15,0,0
2025-03-06 11:31:18.215,PA02,1741271478210,1741271478215,CNP-1741271478210,No hubieron propuestas,5,null,0,15,0,0
2025-03-06 11:31:18.216,PA05,1741271478198,1741271478216,CNP-1741271478198,recibi inform. ganador acepto,18,Truck5,1,14,1,0
2025-03-06 11:31:20.222,PA02,1741271480219,1741271480222,CNP-1741271480219,No hubieron propuestas,3,null,0,15,0,0
2025-03-06 11:31:20.222,PA01,1741271480219,1741271480222,CNP-1741271480219,No hubieron propuestas,3,null,0,15,0,0
2025-03-06 11:31:22.232,PA02,1741271482220,1741271482232,CNP-1741271482220,No hubieron propuestas,12,null,0,15,0,0
2025-03-06 11:31:22.232,PA01,1741271482225,1741271482232,CNP-1741271482225,No hubieron propuestas,7,null,0,15,0,0
2025-03-06 11:31:24.244,PA01,1741271484231,1741271484244,CNP-1741271484231,No hubieron propuestas,13,null,0,15,0,0
2025-03-06 11:31:24.245,PA02,1741271484225,1741271484245,CNP-1741271484224,No hubieron propuestas,20,null,0,15,0,0
2025-03-06 11:31:26.230,PA02,1741271486226,1741271486230,CNP-1741271486226,No hubieron propuestas,4,null,0,15,0,0
2025-03-06 11:31:26.237,PA01,1741271486233,1741271486237,CNP-1741271486233,No hubieron propuestas,4,null,0,15,0,0
2025-03-06 11:31:28.243,PA02,1741271488231,1741271488243,CNP-1741271488230,No hubieron propuestas,12,null,0,15,0,0
2025-03-06 11:31:28.243,PA01,1741271488237,1741271488243,CNP-1741271488237,No hubieron propuestas,6,null,0,15,0,0
2025-03-06 11:31:30.245,PA02,1741271490233,1741271490245,CNP-1741271490233,No hubieron propuestas,12,null,0,15,0,0
2025-03-06 11:31:30.246,PA01,1741271490241,1741271490246,CNP-1741271490241,No hubieron propuestas,5,null,0,15,0,0
2025-03-06 11:31:32.257,PA02,1741271492238,1741271492257,CNP-1741271492238,No hubieron propuestas,19,null,0,15,0,0
2025-03-06 11:31:32.257,PA01,1741271492248,1741271492257,CNP-1741271492248,No hubieron propuestas,9,null,0,15,0,0
2025-03-06 11:31:34.248,PA02,1741271494243,1741271494248,CNP-1741271494243,No hubieron propuestas,5,null,0,15,0,0
2025-03-06 11:31:34.258,PA01,1741271494249,1741271494258,CNP-1741271494249,No hubieron propuestas,9,null,0,15,0,0
2025-03-06 11:31:36.262,PA02,1741271496248,1741271496262,CNP-1741271496248,No hubieron propuestas,14,null,0,15,0,0
2025-03-06 11:31:36.263,PA01,1741271496255,1741271496262,CNP-1741271496255,No hubieron propuestas,7,null,0,15,0,0
2025-03-06 11:31:38.253,PA02,1741271498249,1741271498253,CNP-1741271498249,No hubieron propuestas,4,null,0,15,0,0
2025-03-06 11:31:38.262,PA01,1741271498257,1741271498262,CNP-1741271498257,No hubieron propuestas,5,null,0,15,0,0
2025-03-06 11:31:40.267,PA02,1741271500251,1741271500267,CNP-1741271500251,No hubieron propuestas,16,null,0,15,0,0
2025-03-06 11:31:40.267,PA01,1741271500258,1741271500267,CNP-1741271500258,No hubieron propuestas,9,null,0,15,0,0
2025-03-06 11:31:42.266,PA02,1741271502252,1741271502266,CNP-1741271502252,No hubieron propuestas,14,null,0,15,0,0
2025-03-06 11:31:42.266,PA01,1741271502260,1741271502266,CNP-1741271502259,No hubieron propuestas,6,null,0,15,0,0
2025-03-06 11:31:44.260,PA02,1741271504256,1741271504260,CNP-1741271504256,No hubieron propuestas,4,null,0,15,0,0
2025-03-06 11:31:44.267,PA01,1741271504262,1741271504267,CNP-1741271504262,No hubieron propuestas,5,null,0,15,0,0
2025-03-06 11:31:46.270,PA01,1741271506264,1741271506270,CNP-1741271506264,No hubieron propuestas,6,null,0,15,0,0
2025-03-06 11:31:46.270,PA02,1741271506260,1741271506270,CNP-1741271506260,No hubieron propuestas,10,null,0,15,0,0
2025-03-06 11:31:48.272,PA01,1741271508266,1741271508272,CNP-1741271508266,No hubieron propuestas,6,null,0,15,0,0
2025-03-06 11:31:48.272,PA02,1741271508261,1741271508272,CNP-1741271508261,No hubieron propuestas,11,null,0,15,0,0
2025-03-06 11:31:50.287,PA02,1741271510262,1741271510287,CNP-1741271510262,No hubieron propuestas,25,null,0,15,0,0
2025-03-06 11:31:50.287,PA01,1741271510269,1741271510287,CNP-1741271510269,No hubieron propuestas,18,null,0,15,0,0
2025-03-06 11:31:52.278,PA01,1741271512272,1741271512278,CNP-1741271512272,No hubieron propuestas,6,null,0,15,0,0
2025-03-06 11:31:52.278,PA02,1741271512265,1741271512278,CNP-1741271512265,No hubieron propuestas,13,null,0,15,0,0
2025-03-06 11:31:54.281,PA01,1741271514274,1741271514281,CNP-1741271514274,No hubieron propuestas,7,null,0,15,0,0
2025-03-06 11:31:54.285,PA02,1741271514270,1741271514284,CNP-1741271514270,recibi inform. ganador acepto,14,Truck0,1,14,1,0
2025-03-06 11:31:56.280,PA01,1741271516275,1741271516280,CNP-1741271516275,No hubieron propuestas,5,null,0,15,0,0
2025-03-06 11:31:58.284,PA01,1741271518277,1741271518284,CNP-1741271518276,No hubieron propuestas,7,null,0,15,0,0
2025-03-06 11:32:00.289,PA01,1741271520279,1741271520289,CNP-1741271520279,No hubieron propuestas,10,null,0,15,0,0
2025-03-06 11:32:02.287,PA01,1741271522280,1741271522287,CNP-1741271522280,No hubieron propuestas,7,null,0,15,0,0
2025-03-06 11:32:04.295,PA01,1741271524285,1741271524295,CNP-1741271524285,No hubieron propuestas,10,null,0,15,0,0
2025-03-06 11:32:06.294,PA01,1741271526290,1741271526294,CNP-1741271526290,No hubieron propuestas,4,null,0,15,0,0
2025-03-06 11:32:08.304,PA01,1741271528295,1741271528304,CNP-1741271528295,No hubieron propuestas,9,null,0,15,0,0
2025-03-06 11:32:10.314,PA01,1741271530299,1741271530314,CNP-1741271530298,No hubieron propuestas,15,null,0,15,0,0
2025-03-06 11:32:12.319,PA01,1741271532304,1741271532319,CNP-1741271532304,No hubieron propuestas,15,null,0,15,0,0
2025-03-06 11:32:14.320,PA01,1741271534310,1741271534320,CNP-1741271534309,No hubieron propuestas,10,null,0,15,0,0
2025-03-06 11:32:16.321,PA01,1741271536315,1741271536321,CNP-1741271536315,No hubieron propuestas,6,null,0,15,0,0
2025-03-06 11:32:18.326,PA01,1741271538317,1741271538326,CNP-1741271538316,No hubieron propuestas,9,null,0,15,0,0
2025-03-06 11:32:20.329,PA01,1741271540319,1741271540329,CNP-1741271540319,No hubieron propuestas,10,null,0,15,0,0
2025-03-06 11:32:22.334,PA01,1741271542324,1741271542334,CNP-1741271542324,No hubieron propuestas,10,null,0,15,0,0
2025-03-06 11:32:24.336,PA01,1741271544330,1741271544336,CNP-1741271544330,No hubieron propuestas,6,null,0,15,0,0
2025-03-06 11:32:26.344,PA01,1741271546332,1741271546344,CNP-1741271546331,No hubieron propuestas,12,null,0,15,0,0
2025-03-06 11:32:28.342,PA01,1741271548337,1741271548342,CNP-1741271548337,No hubieron propuestas,5,null,0,15,0,0
2025-03-06 11:32:30.346,PA01,1741271550341,1741271550346,CNP-1741271550341,No hubieron propuestas,5,null,0,15,0,0
2025-03-06 11:32:32.354,PA01,1741271552343,1741271552354,CNP-1741271552343,No hubieron propuestas,11,null,0,15,0,0
2025-03-06 11:32:34.356,PA01,1741271554346,1741271554356,CNP-1741271554346,No hubieron propuestas,10,null,0,15,0,0
2025-03-06 11:32:36.361,PA01,1741271556351,1741271556361,CNP-1741271556351,No hubieron propuestas,10,null,0,15,0,0
2025-03-06 11:32:38.364,PA01,1741271558355,1741271558364,CNP-1741271558355,No hubieron propuestas,9,null,0,15,0,0
2025-03-06 11:32:40.371,PA01,1741271560360,1741271560371,CNP-1741271560359,No hubieron propuestas,11,null,0,15,0,0
2025-03-06 11:32:42.377,PA01,1741271562365,1741271562377,CNP-1741271562365,recibi inform. ganador acepto,12,Truck6,1,14,1,0
