timestamp,agent,inicioNegociacion,finNegociacion,conversationId,content, duracion, ganador, refusesRecibidas, proposesRecibidas, informRecibidos, cancelRecibidos
2025-03-06 12:23:34.430,PA03,1741274614371,1741274614429,CNP-1741274614348,recibi inform. ganador acepto,58,Truck5,13,2,1,0
2025-03-06 12:23:34.430,PA01,1741274614371,1741274614430,CNP-1741274614345,recibi inform. ganador acepto,59,Truck1,13,2,1,0
2025-03-06 12:23:34.430,PA02,1741274614371,1741274614429,CNP-1741274614350,recibi inform. ganador acepto,58,Truck8,13,2,1,0
2025-03-06 12:23:34.431,PA05,1741274614371,1741274614431,CNP-1741274614350,recibi cancel,60,Truck1,13,2,0,1
2025-03-06 12:23:34.431,PA04,1741274614371,1741274614431,CNP-1741274614348,recibi cancel,60,Truck5,13,2,0,1
2025-03-06 12:23:36.422,PA03,1741274616381,1741274616422,CNP-1741274616379,recibi inform. ganador acepto,41,Truck0,10,5,1,0
2025-03-06 12:23:36.424,PA04,1741274616384,1741274616424,CNP-1741274616383,recibi inform. ganador acepto,40,Truck4,10,5,1,0
2025-03-06 12:23:36.425,PA02,1741274616381,1741274616425,CNP-1741274616380,recibi inform. ganador acepto,44,Truck12,10,5,1,0
2025-03-06 12:23:36.426,PA05,1741274616381,1741274616426,CNP-1741274616379,recibi cancel,45,Truck12,10,5,0,1
2025-03-06 12:23:36.427,PA01,1741274616385,1741274616427,CNP-1741274616385,recibi cancel,42,Truck12,10,5,0,1
2025-03-06 12:23:38.423,PA04,1741274618399,1741274618423,CNP-1741274618398,recibi inform. ganador acepto,24,Truck11,7,8,1,0
2025-03-06 12:23:38.423,PA02,1741274618385,1741274618423,CNP-1741274618383,recibi inform. ganador acepto,38,Truck14,7,8,1,0
2025-03-06 12:23:38.423,PA03,1741274618386,1741274618423,CNP-1741274618385,recibi inform. ganador acepto,37,Truck9,7,8,1,0
2025-03-06 12:23:38.424,PA01,1741274618400,1741274618424,CNP-1741274618398,recibi cancel,24,Truck14,7,8,0,1
2025-03-06 12:23:38.424,PA05,1741274618400,1741274618424,CNP-1741274618398,recibi cancel,24,Truck14,7,8,0,1
2025-03-06 12:23:40.429,PA02,1741274620392,1741274620429,CNP-1741274620390,recibi inform. ganador acepto,37,Truck6,4,11,1,0
2025-03-06 12:23:40.429,PA01,1741274620409,1741274620429,CNP-1741274620406,recibi cancel,20,Truck6,4,11,0,1
2025-03-06 12:23:40.430,PA03,1741274620392,1741274620430,CNP-1741274620391,recibi inform. ganador acepto,38,Truck10,4,11,1,0
2025-03-06 12:23:40.430,PA04,1741274620408,1741274620430,CNP-1741274620406,recibi cancel,22,Truck6,4,11,0,1
2025-03-06 12:23:40.431,PA05,1741274620409,1741274620431,CNP-1741274620406,recibi cancel,22,Truck6,4,11,0,1
2025-03-06 12:23:42.428,PA02,1741274622401,1741274622428,CNP-1741274622399,recibi inform. ganador acepto,27,Truck13,2,13,1,0
2025-03-06 12:23:42.428,PA05,1741274622414,1741274622428,CNP-1741274622414,recibi cancel,14,Truck13,2,13,0,1
2025-03-06 12:23:42.429,PA01,1741274622415,1741274622429,CNP-1741274622414,recibi cancel,14,Truck13,2,13,0,1
2025-03-06 12:23:42.430,PA03,1741274622401,1741274622430,CNP-1741274622399,recibi inform. ganador acepto,29,Truck8,4,11,1,0
2025-03-06 12:23:42.430,PA04,1741274622415,1741274622430,CNP-1741274622414,recibi inform. ganador acepto,15,Truck3,2,13,1,0
2025-03-06 12:23:44.439,PA02,1741274624408,1741274624438,CNP-1741274624407,No hubieron propuestas,30,null,0,15,0,0
2025-03-06 12:23:44.441,PA01,1741274624432,1741274624441,CNP-1741274624431,No hubieron propuestas,9,null,0,15,0,0
2025-03-06 12:23:44.441,PA05,1741274624435,1741274624441,CNP-1741274624431,No hubieron propuestas,6,null,0,15,0,0
2025-03-06 12:23:44.442,PA03,1741274624408,1741274624442,CNP-1741274624407,recibi inform. ganador acepto,34,Truck12,2,13,1,0
2025-03-06 12:23:44.442,PA04,1741274624433,1741274624442,CNP-1741274624432,recibi cancel,9,Truck12,2,13,0,1
2025-03-06 12:23:46.433,PA02,1741274626414,1741274626433,CNP-1741274626413,No hubieron propuestas,19,null,0,15,0,0
2025-03-06 12:23:46.439,PA03,1741274626414,1741274626439,CNP-1741274626413,recibi inform. ganador acepto,25,Truck6,1,14,1,0
2025-03-06 12:23:46.445,PA05,1741274626437,1741274626445,CNP-1741274626436,No hubieron propuestas,8,null,0,15,0,0
2025-03-06 12:23:46.448,PA04,1741274626437,1741274626446,CNP-1741274626435,recibi inform. ganador acepto,9,Truck13,1,14,1,0
2025-03-06 12:23:46.448,PA01,1741274626437,1741274626448,CNP-1741274626435,No hubieron propuestas,11,null,0,15,0,0
2025-03-06 12:23:48.452,PA02,1741274628419,1741274628452,CNP-1741274628418,No hubieron propuestas,33,null,0,15,0,0
2025-03-06 12:23:48.452,PA01,1741274628445,1741274628452,CNP-1741274628445,No hubieron propuestas,7,null,0,15,0,0
2025-03-06 12:23:48.452,PA03,1741274628419,1741274628452,CNP-1741274628418,No hubieron propuestas,33,null,0,15,0,0
2025-03-06 12:23:48.452,PA05,1741274628445,1741274628452,CNP-1741274628445,No hubieron propuestas,7,null,0,15,0,0
2025-03-06 12:23:48.452,PA04,1741274628443,1741274628452,CNP-1741274628443,No hubieron propuestas,9,null,0,15,0,0
2025-03-06 12:23:50.439,PA03,1741274630425,1741274630439,CNP-1741274630424,No hubieron propuestas,14,null,0,15,0,0
2025-03-06 12:23:50.439,PA02,1741274630425,1741274630439,CNP-1741274630424,No hubieron propuestas,14,null,0,15,0,0
2025-03-06 12:23:50.456,PA01,1741274630447,1741274630456,CNP-1741274630447,No hubieron propuestas,9,null,0,15,0,0
2025-03-06 12:23:50.456,PA04,1741274630445,1741274630456,CNP-1741274630445,No hubieron propuestas,11,null,0,15,0,0
2025-03-06 12:23:50.456,PA05,1741274630447,1741274630456,CNP-1741274630447,No hubieron propuestas,9,null,0,15,0,0
2025-03-06 12:23:52.443,PA03,1741274632432,1741274632443,CNP-1741274632430,No hubieron propuestas,11,null,0,15,0,0
2025-03-06 12:23:52.443,PA02,1741274632428,1741274632443,CNP-1741274632427,No hubieron propuestas,15,null,0,15,0,0
2025-03-06 12:23:52.454,PA01,1741274632449,1741274632454,CNP-1741274632449,No hubieron propuestas,5,null,0,15,0,0
2025-03-06 12:23:52.456,PA04,1741274632449,1741274632456,CNP-1741274632449,recibi inform. ganador acepto,7,Truck5,1,14,1,0
2025-03-06 12:23:52.456,PA05,1741274632454,1741274632456,CNP-1741274632454,No hubieron propuestas,2,null,0,15,0,0
2025-03-06 12:23:54.448,PA03,1741274634435,1741274634448,CNP-1741274634434,No hubieron propuestas,13,null,0,15,0,0
2025-03-06 12:23:54.448,PA02,1741274634432,1741274634448,CNP-1741274634431,No hubieron propuestas,16,null,0,15,0,0
2025-03-06 12:23:54.458,PA04,1741274634450,1741274634458,CNP-1741274634450,recibi inform. ganador acepto,8,Truck1,2,13,1,0
2025-03-06 12:23:54.458,PA05,1741274634455,1741274634458,CNP-1741274634455,No hubieron propuestas,3,null,0,15,0,0
2025-03-06 12:23:54.458,PA01,1741274634451,1741274634458,CNP-1741274634451,No hubieron propuestas,7,null,0,15,0,0
2025-03-06 12:23:56.447,PA03,1741274636437,1741274636446,CNP-1741274636436,No hubieron propuestas,9,null,0,15,0,0
2025-03-06 12:23:56.447,PA02,1741274636437,1741274636447,CNP-1741274636436,No hubieron propuestas,10,null,0,15,0,0
2025-03-06 12:23:56.465,PA05,1741274636460,1741274636465,CNP-1741274636460,No hubieron propuestas,5,null,0,15,0,0
2025-03-06 12:23:56.465,PA01,1741274636457,1741274636465,CNP-1741274636457,No hubieron propuestas,8,null,0,15,0,0
2025-03-06 12:23:56.466,PA04,1741274636452,1741274636466,CNP-1741274636452,recibi inform. ganador acepto,14,Truck4,2,13,1,0
2025-03-06 12:23:58.464,PA03,1741274638441,1741274638464,CNP-1741274638440,No hubieron propuestas,23,null,0,15,0,0
2025-03-06 12:23:58.465,PA02,1741274638445,1741274638465,CNP-1741274638445,No hubieron propuestas,20,null,0,15,0,0
2025-03-06 12:23:58.469,PA01,1741274638465,1741274638469,CNP-1741274638464,No hubieron propuestas,4,null,0,15,0,0
2025-03-06 12:23:58.470,PA05,1741274638465,1741274638470,CNP-1741274638465,No hubieron propuestas,5,null,0,15,0,0
2025-03-06 12:23:58.470,PA04,1741274638457,1741274638470,CNP-1741274638457,recibi inform. ganador acepto,13,Truck14,1,14,1,0
2025-03-06 12:24:00.456,PA02,1741274640449,1741274640456,CNP-1741274640449,No hubieron propuestas,7,null,0,15,0,0
2025-03-06 12:24:00.456,PA03,1741274640446,1741274640456,CNP-1741274640446,No hubieron propuestas,10,null,0,15,0,0
2025-03-06 12:24:00.464,PA04,1741274640461,1741274640464,CNP-1741274640461,No hubieron propuestas,3,null,0,15,0,0
2025-03-06 12:24:00.475,PA01,1741274640466,1741274640475,CNP-1741274640466,No hubieron propuestas,9,null,0,15,0,0
2025-03-06 12:24:00.475,PA05,1741274640472,1741274640475,CNP-1741274640472,No hubieron propuestas,3,null,0,15,0,0
2025-03-06 12:24:02.461,PA03,1741274642452,1741274642461,CNP-1741274642451,No hubieron propuestas,9,null,0,15,0,0
2025-03-06 12:24:02.461,PA02,1741274642452,1741274642461,CNP-1741274642451,No hubieron propuestas,9,null,0,15,0,0
2025-03-06 12:24:02.477,PA04,1741274642463,1741274642477,CNP-1741274642463,No hubieron propuestas,14,null,0,15,0,0
2025-03-06 12:24:02.478,PA05,1741274642474,1741274642478,CNP-1741274642474,No hubieron propuestas,4,null,0,15,0,0
2025-03-06 12:24:02.478,PA01,1741274642467,1741274642478,CNP-1741274642467,No hubieron propuestas,11,null,0,15,0,0
2025-03-06 12:24:04.487,PA03,1741274644459,1741274644487,CNP-1741274644458,No hubieron propuestas,28,null,0,15,0,0
2025-03-06 12:24:04.487,PA02,1741274644458,1741274644487,CNP-1741274644458,No hubieron propuestas,29,null,0,15,0,0
2025-03-06 12:24:04.488,PA04,1741274644466,1741274644488,CNP-1741274644466,No hubieron propuestas,22,null,0,15,0,0
2025-03-06 12:24:04.489,PA01,1741274644469,1741274644489,CNP-1741274644469,No hubieron propuestas,20,null,0,15,0,0
2025-03-06 12:24:04.489,PA05,1741274644480,1741274644489,CNP-1741274644480,No hubieron propuestas,9,null,0,15,0,0
2025-03-06 12:24:06.481,PA02,1741274646461,1741274646481,CNP-1741274646461,No hubieron propuestas,20,null,0,15,0,0
2025-03-06 12:24:06.481,PA03,1741274646461,1741274646481,CNP-1741274646461,No hubieron propuestas,20,null,0,15,0,0
2025-03-06 12:24:06.481,PA01,1741274646470,1741274646481,CNP-1741274646470,No hubieron propuestas,11,null,0,15,0,0
2025-03-06 12:24:06.481,PA04,1741274646477,1741274646481,CNP-1741274646477,No hubieron propuestas,4,null,0,15,0,0
2025-03-06 12:24:06.484,PA05,1741274646483,1741274646484,CNP-1741274646483,No hubieron propuestas,1,null,0,15,0,0
2025-03-06 12:24:08.488,PA01,1741274648473,1741274648488,CNP-1741274648472,No hubieron propuestas,15,null,0,15,0,0
2025-03-06 12:24:08.488,PA02,1741274648466,1741274648488,CNP-1741274648465,No hubieron propuestas,22,null,0,15,0,0
2025-03-06 12:24:08.488,PA05,1741274648484,1741274648488,CNP-1741274648484,No hubieron propuestas,4,null,0,15,0,0
2025-03-06 12:24:08.488,PA04,1741274648479,1741274648488,CNP-1741274648479,No hubieron propuestas,9,null,0,15,0,0
2025-03-06 12:24:08.488,PA03,1741274648466,1741274648488,CNP-1741274648465,No hubieron propuestas,22,null,0,15,0,0
2025-03-06 12:24:10.484,PA01,1741274650474,1741274650484,CNP-1741274650474,No hubieron propuestas,10,null,0,15,0,0
2025-03-06 12:24:10.484,PA02,1741274650470,1741274650484,CNP-1741274650469,No hubieron propuestas,14,null,0,15,0,0
2025-03-06 12:24:10.484,PA03,1741274650467,1741274650484,CNP-1741274650467,No hubieron propuestas,17,null,0,15,0,0
2025-03-06 12:24:10.485,PA04,1741274650482,1741274650485,CNP-1741274650482,No hubieron propuestas,3,null,0,15,0,0
2025-03-06 12:24:10.487,PA05,1741274650486,1741274650487,CNP-1741274650486,No hubieron propuestas,1,null,0,15,0,0
2025-03-06 12:24:12.493,PA03,1741274652474,1741274652493,CNP-1741274652474,No hubieron propuestas,19,null,0,15,0,0
2025-03-06 12:24:12.493,PA01,1741274652476,1741274652493,CNP-1741274652476,No hubieron propuestas,17,null,0,15,0,0
2025-03-06 12:24:12.493,PA05,1741274652488,1741274652493,CNP-1741274652488,No hubieron propuestas,5,null,0,15,0,0
2025-03-06 12:24:12.493,PA02,1741274652475,1741274652493,CNP-1741274652474,No hubieron propuestas,18,null,0,15,0,0
2025-03-06 12:24:12.493,PA04,1741274652485,1741274652493,CNP-1741274652485,No hubieron propuestas,8,null,0,15,0,0
2025-03-06 12:24:14.495,PA03,1741274654477,1741274654495,CNP-1741274654477,No hubieron propuestas,18,null,0,15,0,0
2025-03-06 12:24:14.495,PA02,1741274654477,1741274654495,CNP-1741274654477,No hubieron propuestas,18,null,0,15,0,0
2025-03-06 12:24:14.495,PA01,1741274654480,1741274654495,CNP-1741274654480,No hubieron propuestas,15,null,0,15,0,0
2025-03-06 12:24:14.495,PA04,1741274654490,1741274654495,CNP-1741274654490,No hubieron propuestas,5,null,0,15,0,0
2025-03-06 12:24:14.496,PA05,1741274654491,1741274654496,CNP-1741274654490,No hubieron propuestas,5,null,0,15,0,0
2025-03-06 12:24:16.498,PA02,1741274656481,1741274656498,CNP-1741274656480,No hubieron propuestas,17,null,0,15,0,0
2025-03-06 12:24:16.498,PA01,1741274656481,1741274656498,CNP-1741274656481,No hubieron propuestas,17,null,0,15,0,0
2025-03-06 12:24:16.498,PA04,1741274656492,1741274656498,CNP-1741274656492,No hubieron propuestas,6,null,0,15,0,0
2025-03-06 12:24:16.498,PA03,1741274656481,1741274656498,CNP-1741274656480,No hubieron propuestas,17,null,0,15,0,0
2025-03-06 12:24:16.498,PA05,1741274656494,1741274656498,CNP-1741274656494,No hubieron propuestas,4,null,0,15,0,0
2025-03-06 12:24:18.507,PA02,1741274658484,1741274658507,CNP-1741274658483,No hubieron propuestas,23,null,0,15,0,0
2025-03-06 12:24:18.507,PA03,1741274658486,1741274658507,CNP-1741274658486,No hubieron propuestas,21,null,0,15,0,0
2025-03-06 12:24:18.507,PA01,1741274658486,1741274658507,CNP-1741274658486,No hubieron propuestas,21,null,0,15,0,0
2025-03-06 12:24:18.507,PA05,1741274658502,1741274658507,CNP-1741274658502,No hubieron propuestas,5,null,0,15,0,0
2025-03-06 12:24:18.508,PA04,1741274658502,1741274658508,CNP-1741274658502,recibi inform. ganador acepto,6,Truck0,2,13,1,0
2025-03-06 12:24:20.498,PA02,1741274660489,1741274660498,CNP-1741274660488,No hubieron propuestas,9,null,0,15,0,0
2025-03-06 12:24:20.498,PA01,1741274660490,1741274660498,CNP-1741274660490,No hubieron propuestas,8,null,0,15,0,0
2025-03-06 12:24:20.498,PA03,1741274660490,1741274660498,CNP-1741274660490,No hubieron propuestas,8,null,0,15,0,0
2025-03-06 12:24:20.510,PA05,1741274660504,1741274660510,CNP-1741274660504,No hubieron propuestas,6,null,0,15,0,0
2025-03-06 12:24:20.510,PA04,1741274660504,1741274660510,CNP-1741274660504,recibi inform. ganador acepto,6,Truck11,1,14,1,0
2025-03-06 12:24:22.511,PA04,1741274662505,1741274662511,CNP-1741274662505,No hubieron propuestas,6,null,0,15,0,0
2025-03-06 12:24:22.511,PA02,1741274662492,1741274662511,CNP-1741274662491,No hubieron propuestas,19,null,0,15,0,0
2025-03-06 12:24:22.511,PA01,1741274662494,1741274662511,CNP-1741274662493,No hubieron propuestas,17,null,0,15,0,0
2025-03-06 12:24:22.512,PA03,1741274662495,1741274662512,CNP-1741274662493,No hubieron propuestas,17,null,0,15,0,0
2025-03-06 12:24:22.512,PA05,1741274662509,1741274662512,CNP-1741274662507,No hubieron propuestas,3,null,0,15,0,0
2025-03-06 12:24:24.510,PA02,1741274664496,1741274664510,CNP-1741274664495,No hubieron propuestas,14,null,0,15,0,0
2025-03-06 12:24:24.511,PA01,1741274664498,1741274664511,CNP-1741274664498,No hubieron propuestas,13,null,0,15,0,0
2025-03-06 12:24:24.513,PA03,1741274664499,1741274664513,CNP-1741274664498,No hubieron propuestas,14,null,0,15,0,0
2025-03-06 12:24:24.513,PA04,1741274664509,1741274664513,CNP-1741274664508,No hubieron propuestas,4,null,0,15,0,0
2025-03-06 12:24:24.513,PA05,1741274664510,1741274664513,CNP-1741274664510,No hubieron propuestas,3,null,0,15,0,0
2025-03-06 12:24:26.510,PA01,1741274666501,1741274666510,CNP-1741274666501,No hubieron propuestas,9,null,0,15,0,0
2025-03-06 12:24:26.510,PA02,1741274666499,1741274666510,CNP-1741274666498,No hubieron propuestas,11,null,0,15,0,0
2025-03-06 12:24:26.510,PA03,1741274666505,1741274666510,CNP-1741274666504,No hubieron propuestas,5,null,0,15,0,0
2025-03-06 12:24:26.516,PA05,1741274666513,1741274666516,CNP-1741274666513,No hubieron propuestas,3,null,0,15,0,0
2025-03-06 12:24:26.516,PA04,1741274666511,1741274666516,CNP-1741274666511,No hubieron propuestas,5,null,0,15,0,0
2025-03-06 12:24:28.512,PA01,1741274668503,1741274668512,CNP-1741274668503,No hubieron propuestas,9,null,0,15,0,0
2025-03-06 12:24:28.512,PA02,1741274668501,1741274668512,CNP-1741274668500,No hubieron propuestas,11,null,0,15,0,0
2025-03-06 12:24:28.512,PA03,1741274668507,1741274668512,CNP-1741274668507,No hubieron propuestas,5,null,0,15,0,0
2025-03-06 12:24:28.519,PA04,1741274668512,1741274668519,CNP-1741274668512,No hubieron propuestas,7,null,0,15,0,0
2025-03-06 12:24:28.520,PA05,1741274668516,1741274668520,CNP-1741274668515,No hubieron propuestas,4,null,0,15,0,0
2025-03-06 12:24:30.520,PA02,1741274670504,1741274670520,CNP-1741274670504,No hubieron propuestas,16,null,0,15,0,0
2025-03-06 12:24:30.520,PA03,1741274670508,1741274670520,CNP-1741274670508,No hubieron propuestas,12,null,0,15,0,0
2025-03-06 12:24:30.520,PA01,1741274670504,1741274670520,CNP-1741274670504,No hubieron propuestas,16,null,0,15,0,0
2025-03-06 12:24:30.520,PA04,1741274670513,1741274670520,CNP-1741274670513,No hubieron propuestas,7,null,0,15,0,0
2025-03-06 12:24:30.521,PA05,1741274670517,1741274670521,CNP-1741274670517,No hubieron propuestas,4,null,0,15,0,0
2025-03-06 12:24:32.531,PA02,1741274672510,1741274672531,CNP-1741274672510,No hubieron propuestas,21,null,0,15,0,0
2025-03-06 12:24:32.532,PA03,1741274672510,1741274672532,CNP-1741274672510,No hubieron propuestas,22,null,0,15,0,0
2025-03-06 12:24:32.532,PA05,1741274672519,1741274672532,CNP-1741274672519,No hubieron propuestas,13,null,0,15,0,0
2025-03-06 12:24:32.532,PA04,1741274672515,1741274672532,CNP-1741274672515,No hubieron propuestas,17,null,0,15,0,0
2025-03-06 12:24:32.532,PA01,1741274672508,1741274672532,CNP-1741274672507,No hubieron propuestas,24,null,0,15,0,0
2025-03-06 12:24:34.528,PA03,1741274674514,1741274674528,CNP-1741274674513,No hubieron propuestas,14,null,0,15,0,0
2025-03-06 12:24:34.529,PA01,1741274674514,1741274674528,CNP-1741274674513,No hubieron propuestas,14,null,0,15,0,0
2025-03-06 12:24:34.529,PA04,1741274674520,1741274674528,CNP-1741274674520,No hubieron propuestas,8,null,0,15,0,0
2025-03-06 12:24:34.529,PA02,1741274674514,1741274674529,CNP-1741274674513,No hubieron propuestas,15,null,0,15,0,0
2025-03-06 12:24:34.529,PA05,1741274674522,1741274674529,CNP-1741274674522,No hubieron propuestas,7,null,0,15,0,0
2025-03-06 12:24:36.532,PA02,1741274676516,1741274676532,CNP-1741274676516,No hubieron propuestas,16,null,0,15,0,0
2025-03-06 12:24:36.532,PA03,1741274676519,1741274676532,CNP-1741274676519,No hubieron propuestas,13,null,0,15,0,0
2025-03-06 12:24:36.533,PA04,1741274676523,1741274676533,CNP-1741274676523,No hubieron propuestas,10,null,0,15,0,0
2025-03-06 12:24:36.533,PA01,1741274676516,1741274676532,CNP-1741274676516,No hubieron propuestas,16,null,0,15,0,0
2025-03-06 12:24:36.533,PA05,1741274676525,1741274676532,CNP-1741274676525,No hubieron propuestas,7,null,0,15,0,0
2025-03-06 12:24:38.536,PA02,1741274678519,1741274678536,CNP-1741274678519,No hubieron propuestas,17,null,0,15,0,0
2025-03-06 12:24:38.536,PA03,1741274678525,1741274678536,CNP-1741274678524,No hubieron propuestas,11,null,0,15,0,0
2025-03-06 12:24:38.536,PA04,1741274678526,1741274678536,CNP-1741274678526,No hubieron propuestas,10,null,0,15,0,0
2025-03-06 12:24:38.537,PA01,1741274678522,1741274678537,CNP-1741274678522,No hubieron propuestas,15,null,0,15,0,0
2025-03-06 12:24:38.543,PA05,1741274678527,1741274678543,CNP-1741274678527,No hubieron propuestas,16,null,0,15,0,0
2025-03-06 12:24:40.546,PA02,1741274680526,1741274680546,CNP-1741274680526,No hubieron propuestas,20,null,0,15,0,0
2025-03-06 12:24:40.546,PA03,1741274680526,1741274680546,CNP-1741274680526,No hubieron propuestas,20,null,0,15,0,0
2025-03-06 12:24:40.546,PA01,1741274680526,1741274680546,CNP-1741274680526,No hubieron propuestas,20,null,0,15,0,0
2025-03-06 12:24:40.546,PA04,1741274680529,1741274680546,CNP-1741274680529,No hubieron propuestas,17,null,0,15,0,0
2025-03-06 12:24:40.546,PA05,1741274680530,1741274680546,CNP-1741274680530,No hubieron propuestas,16,null,0,15,0,0
2025-03-06 12:24:42.547,PA03,1741274682530,1741274682547,CNP-1741274682529,No hubieron propuestas,17,null,0,15,0,0
2025-03-06 12:24:42.547,PA01,1741274682532,1741274682547,CNP-1741274682532,No hubieron propuestas,15,null,0,15,0,0
2025-03-06 12:24:42.547,PA05,1741274682536,1741274682547,CNP-1741274682536,No hubieron propuestas,11,null,0,15,0,0
2025-03-06 12:24:42.547,PA04,1741274682532,1741274682547,CNP-1741274682532,No hubieron propuestas,15,null,0,15,0,0
2025-03-06 12:24:42.548,PA02,1741274682532,1741274682547,CNP-1741274682532,No hubieron propuestas,15,null,0,15,0,0
2025-03-06 12:24:44.553,PA03,1741274684536,1741274684553,CNP-1741274684535,No hubieron propuestas,17,null,0,15,0,0
2025-03-06 12:24:44.553,PA01,1741274684536,1741274684553,CNP-1741274684535,No hubieron propuestas,17,null,0,15,0,0
2025-03-06 12:24:44.553,PA02,1741274684539,1741274684553,CNP-1741274684539,No hubieron propuestas,14,null,0,15,0,0
2025-03-06 12:24:44.553,PA04,1741274684539,1741274684553,CNP-1741274684539,No hubieron propuestas,14,null,0,15,0,0
2025-03-06 12:24:44.553,PA05,1741274684540,1741274684553,CNP-1741274684540,No hubieron propuestas,13,null,0,15,0,0
2025-03-06 12:24:46.556,PA01,1741274686542,1741274686555,CNP-1741274686542,No hubieron propuestas,13,null,0,15,0,0
2025-03-06 12:24:46.556,PA03,1741274686539,1741274686556,CNP-1741274686538,No hubieron propuestas,17,null,0,15,0,0
2025-03-06 12:24:46.556,PA04,1741274686542,1741274686556,CNP-1741274686542,No hubieron propuestas,14,null,0,15,0,0
2025-03-06 12:24:46.556,PA05,1741274686543,1741274686556,CNP-1741274686543,No hubieron propuestas,13,null,0,15,0,0
2025-03-06 12:24:46.556,PA02,1741274686543,1741274686556,CNP-1741274686543,No hubieron propuestas,13,null,0,15,0,0
2025-03-06 12:24:48.559,PA03,1741274688541,1741274688559,CNP-1741274688540,No hubieron propuestas,18,null,0,15,0,0
2025-03-06 12:24:48.560,PA02,1741274688544,1741274688560,CNP-1741274688544,No hubieron propuestas,16,null,0,15,0,0
2025-03-06 12:24:48.560,PA01,1741274688544,1741274688560,CNP-1741274688544,No hubieron propuestas,16,null,0,15,0,0
2025-03-06 12:24:48.560,PA05,1741274688548,1741274688560,CNP-1741274688548,No hubieron propuestas,12,null,0,15,0,0
2025-03-06 12:24:48.560,PA04,1741274688547,1741274688560,CNP-1741274688546,No hubieron propuestas,13,null,0,15,0,0
2025-03-06 12:24:50.563,PA02,1741274690546,1741274690563,CNP-1741274690546,No hubieron propuestas,17,null,0,15,0,0
2025-03-06 12:24:50.563,PA01,1741274690548,1741274690563,CNP-1741274690546,No hubieron propuestas,15,null,0,15,0,0
2025-03-06 12:24:50.564,PA03,1741274690545,1741274690564,CNP-1741274690545,No hubieron propuestas,19,null,0,15,0,0
2025-03-06 12:24:50.564,PA05,1741274690559,1741274690564,CNP-1741274690559,No hubieron propuestas,5,null,0,15,0,0
2025-03-06 12:24:50.564,PA04,1741274690559,1741274690564,CNP-1741274690559,recibi inform. ganador acepto,5,Truck9,1,14,1,0
2025-03-06 12:24:52.556,PA01,1741274692550,1741274692556,CNP-1741274692550,No hubieron propuestas,6,null,0,15,0,0
2025-03-06 12:24:52.556,PA02,1741274692548,1741274692556,CNP-1741274692548,No hubieron propuestas,8,null,0,15,0,0
2025-03-06 12:24:52.556,PA03,1741274692547,1741274692556,CNP-1741274692547,No hubieron propuestas,9,null,0,15,0,0
2025-03-06 12:24:52.565,PA05,1741274692563,1741274692565,CNP-1741274692562,No hubieron propuestas,2,null,0,15,0,0
2025-03-06 12:24:52.566,PA04,1741274692560,1741274692566,CNP-1741274692560,recibi inform. ganador acepto,6,Truck8,2,13,1,0
2025-03-06 12:24:54.560,PA02,1741274694552,1741274694560,CNP-1741274694551,No hubieron propuestas,8,null,0,15,0,0
2025-03-06 12:24:54.560,PA01,1741274694552,1741274694560,CNP-1741274694551,No hubieron propuestas,8,null,0,15,0,0
2025-03-06 12:24:54.560,PA03,1741274694552,1741274694560,CNP-1741274694551,No hubieron propuestas,8,null,0,15,0,0
2025-03-06 12:24:54.575,PA05,1741274694566,1741274694575,CNP-1741274694565,No hubieron propuestas,9,null,0,15,0,0
2025-03-06 12:24:54.575,PA04,1741274694564,1741274694575,CNP-1741274694563,recibi inform. ganador acepto,11,Truck6,3,12,1,0
2025-03-06 12:24:56.564,PA02,1741274696557,1741274696564,CNP-1741274696556,No hubieron propuestas,7,null,0,15,0,0
2025-03-06 12:24:56.564,PA03,1741274696554,1741274696564,CNP-1741274696554,No hubieron propuestas,10,null,0,15,0,0
2025-03-06 12:24:56.564,PA01,1741274696557,1741274696564,CNP-1741274696556,No hubieron propuestas,7,null,0,15,0,0
2025-03-06 12:24:56.572,PA05,1741274696569,1741274696572,CNP-1741274696568,No hubieron propuestas,3,null,0,15,0,0
2025-03-06 12:24:56.573,PA04,1741274696566,1741274696573,CNP-1741274696566,recibi inform. ganador acepto,7,Truck10,2,13,1,0
2025-03-06 12:24:58.568,PA01,1741274698560,1741274698568,CNP-1741274698560,No hubieron propuestas,8,null,0,15,0,0
2025-03-06 12:24:58.568,PA02,1741274698560,1741274698568,CNP-1741274698560,No hubieron propuestas,8,null,0,15,0,0
2025-03-06 12:24:58.569,PA03,1741274698560,1741274698568,CNP-1741274698560,No hubieron propuestas,8,null,0,15,0,0
2025-03-06 12:24:58.578,PA05,1741274698571,1741274698578,CNP-1741274698571,No hubieron propuestas,7,null,0,15,0,0
2025-03-06 12:24:58.579,PA04,1741274698569,1741274698579,CNP-1741274698569,recibi inform. ganador acepto,10,Truck12,1,14,1,0
2025-03-06 12:25:00.578,PA03,1741274700564,1741274700578,CNP-1741274700563,No hubieron propuestas,14,null,0,15,0,0
2025-03-06 12:25:00.579,PA01,1741274700565,1741274700579,CNP-1741274700565,No hubieron propuestas,14,null,0,15,0,0
2025-03-06 12:25:00.579,PA02,1741274700564,1741274700579,CNP-1741274700563,No hubieron propuestas,15,null,0,15,0,0
2025-03-06 12:25:00.579,PA05,1741274700574,1741274700579,CNP-1741274700574,No hubieron propuestas,5,null,0,15,0,0
2025-03-06 12:25:00.580,PA04,1741274700572,1741274700580,CNP-1741274700571,recibi inform. ganador acepto,8,Truck5,1,14,1,0
2025-03-06 12:25:02.596,PA05,1741274702576,1741274702596,CNP-1741274702576,No hubieron propuestas,20,null,0,15,0,0
2025-03-06 12:25:02.596,PA01,1741274702569,1741274702596,CNP-1741274702569,No hubieron propuestas,27,null,0,15,0,0
2025-03-06 12:25:02.596,PA03,1741274702569,1741274702596,CNP-1741274702569,No hubieron propuestas,27,null,0,15,0,0
2025-03-06 12:25:02.596,PA02,1741274702569,1741274702596,CNP-1741274702569,No hubieron propuestas,27,null,0,15,0,0
2025-03-06 12:25:02.597,PA04,1741274702573,1741274702597,CNP-1741274702573,recibi inform. ganador acepto,24,Truck4,2,13,1,0
2025-03-06 12:25:04.584,PA03,1741274704570,1741274704584,CNP-1741274704570,No hubieron propuestas,14,null,0,15,0,0
2025-03-06 12:25:04.584,PA02,1741274704572,1741274704584,CNP-1741274704572,No hubieron propuestas,12,null,0,15,0,0
2025-03-06 12:25:04.584,PA01,1741274704573,1741274704584,CNP-1741274704573,No hubieron propuestas,11,null,0,15,0,0
2025-03-06 12:25:04.584,PA05,1741274704577,1741274704584,CNP-1741274704577,No hubieron propuestas,7,null,0,15,0,0
2025-03-06 12:25:04.585,PA04,1741274704576,1741274704585,CNP-1741274704575,recibi inform. ganador acepto,9,Truck13,1,14,1,0
2025-03-06 12:25:06.588,PA01,1741274706577,1741274706588,CNP-1741274706576,No hubieron propuestas,11,null,0,15,0,0
2025-03-06 12:25:06.588,PA02,1741274706577,1741274706588,CNP-1741274706576,No hubieron propuestas,11,null,0,15,0,0
2025-03-06 12:25:06.588,PA05,1741274706582,1741274706588,CNP-1741274706581,No hubieron propuestas,6,null,0,15,0,0
2025-03-06 12:25:06.589,PA03,1741274706577,1741274706589,CNP-1741274706576,No hubieron propuestas,12,null,0,15,0,0
2025-03-06 12:25:06.590,PA04,1741274706580,1741274706590,CNP-1741274706580,recibi inform. ganador acepto,10,Truck3,1,14,1,0
2025-03-06 12:25:08.595,PA01,1741274708581,1741274708595,CNP-1741274708580,No hubieron propuestas,14,null,0,15,0,0
2025-03-06 12:25:08.595,PA02,1741274708579,1741274708595,CNP-1741274708579,No hubieron propuestas,16,null,0,15,0,0
2025-03-06 12:25:08.595,PA04,1741274708582,1741274708595,CNP-1741274708582,No hubieron propuestas,13,null,0,15,0,0
2025-03-06 12:25:08.595,PA05,1741274708583,1741274708595,CNP-1741274708583,No hubieron propuestas,12,null,0,15,0,0
2025-03-06 12:25:08.595,PA03,1741274708582,1741274708595,CNP-1741274708582,No hubieron propuestas,13,null,0,15,0,0
2025-03-06 12:25:10.595,PA01,1741274710586,1741274710595,CNP-1741274710585,No hubieron propuestas,9,null,0,15,0,0
2025-03-06 12:25:10.595,PA02,1741274710584,1741274710595,CNP-1741274710583,No hubieron propuestas,11,null,0,15,0,0
2025-03-06 12:25:10.595,PA04,1741274710587,1741274710595,CNP-1741274710586,No hubieron propuestas,8,null,0,15,0,0
2025-03-06 12:25:10.595,PA05,1741274710588,1741274710595,CNP-1741274710588,No hubieron propuestas,7,null,0,15,0,0
2025-03-06 12:25:10.595,PA03,1741274710585,1741274710595,CNP-1741274710585,No hubieron propuestas,10,null,0,15,0,0
2025-03-06 12:25:12.602,PA01,1741274712588,1741274712602,CNP-1741274712588,No hubieron propuestas,14,null,0,15,0,0
2025-03-06 12:25:12.603,PA03,1741274712590,1741274712603,CNP-1741274712590,No hubieron propuestas,13,null,0,15,0,0
2025-03-06 12:25:12.603,PA02,1741274712586,1741274712603,CNP-1741274712585,No hubieron propuestas,17,null,0,15,0,0
2025-03-06 12:25:12.603,PA05,1741274712591,1741274712603,CNP-1741274712591,No hubieron propuestas,12,null,0,15,0,0
2025-03-06 12:25:12.603,PA04,1741274712589,1741274712603,CNP-1741274712588,recibi inform. ganador acepto,14,Truck1,1,14,1,0
2025-03-06 12:25:14.603,PA02,1741274714591,1741274714603,CNP-1741274714591,No hubieron propuestas,12,null,0,15,0,0
2025-03-06 12:25:14.603,PA03,1741274714591,1741274714603,CNP-1741274714591,No hubieron propuestas,12,null,0,15,0,0
2025-03-06 12:25:14.603,PA04,1741274714591,1741274714603,CNP-1741274714591,No hubieron propuestas,12,null,0,15,0,0
2025-03-06 12:25:14.603,PA05,1741274714593,1741274714603,CNP-1741274714593,No hubieron propuestas,10,null,0,15,0,0
2025-03-06 12:25:14.603,PA01,1741274714596,1741274714603,CNP-1741274714596,No hubieron propuestas,7,null,0,15,0,0
2025-03-06 12:25:16.606,PA02,1741274716594,1741274716606,CNP-1741274716594,No hubieron propuestas,12,null,0,15,0,0
2025-03-06 12:25:16.606,PA04,1741274716596,1741274716606,CNP-1741274716596,No hubieron propuestas,10,null,0,15,0,0
2025-03-06 12:25:16.606,PA03,1741274716596,1741274716606,CNP-1741274716596,No hubieron propuestas,10,null,0,15,0,0
2025-03-06 12:25:16.607,PA05,1741274716596,1741274716607,CNP-1741274716596,No hubieron propuestas,11,null,0,15,0,0
2025-03-06 12:25:16.607,PA01,1741274716597,1741274716607,CNP-1741274716597,No hubieron propuestas,10,null,0,15,0,0
2025-03-06 12:25:18.620,PA05,1741274718601,1741274718620,CNP-1741274718601,No hubieron propuestas,19,null,0,15,0,0
2025-03-06 12:25:18.620,PA02,1741274718598,1741274718620,CNP-1741274718598,No hubieron propuestas,22,null,0,15,0,0
2025-03-06 12:25:18.620,PA03,1741274718600,1741274718620,CNP-1741274718600,No hubieron propuestas,20,null,0,15,0,0
2025-03-06 12:25:18.620,PA04,1741274718598,1741274718620,CNP-1741274718598,No hubieron propuestas,22,null,0,15,0,0
2025-03-06 12:25:18.620,PA01,1741274718604,1741274718620,CNP-1741274718604,No hubieron propuestas,16,null,0,15,0,0
2025-03-06 12:25:20.614,PA02,1741274720603,1741274720614,CNP-1741274720603,No hubieron propuestas,11,null,0,15,0,0
2025-03-06 12:25:20.615,PA05,1741274720606,1741274720615,CNP-1741274720606,No hubieron propuestas,9,null,0,15,0,0
2025-03-06 12:25:20.615,PA03,1741274720606,1741274720615,CNP-1741274720606,No hubieron propuestas,9,null,0,15,0,0
2025-03-06 12:25:20.615,PA01,1741274720607,1741274720615,CNP-1741274720607,No hubieron propuestas,8,null,0,15,0,0
2025-03-06 12:25:20.615,PA04,1741274720603,1741274720615,CNP-1741274720603,No hubieron propuestas,12,null,0,15,0,0
2025-03-06 12:25:22.618,PA04,1741274722607,1741274722618,CNP-1741274722606,No hubieron propuestas,11,null,0,15,0,0
2025-03-06 12:25:22.618,PA03,1741274722609,1741274722618,CNP-1741274722608,No hubieron propuestas,9,null,0,15,0,0
2025-03-06 12:25:22.618,PA02,1741274722607,1741274722618,CNP-1741274722606,No hubieron propuestas,11,null,0,15,0,0
2025-03-06 12:25:22.618,PA01,1741274722610,1741274722618,CNP-1741274722610,No hubieron propuestas,8,null,0,15,0,0
2025-03-06 12:25:22.618,PA05,1741274722608,1741274722618,CNP-1741274722608,No hubieron propuestas,10,null,0,15,0,0
2025-03-06 12:25:24.625,PA04,1741274724613,1741274724625,CNP-1741274724612,No hubieron propuestas,12,null,0,15,0,0
2025-03-06 12:25:24.625,PA03,1741274724613,1741274724625,CNP-1741274724612,No hubieron propuestas,12,null,0,15,0,0
2025-03-06 12:25:24.625,PA05,1741274724613,1741274724625,CNP-1741274724612,No hubieron propuestas,12,null,0,15,0,0
2025-03-06 12:25:24.625,PA02,1741274724613,1741274724625,CNP-1741274724612,No hubieron propuestas,12,null,0,15,0,0
2025-03-06 12:25:24.625,PA01,1741274724617,1741274724625,CNP-1741274724617,No hubieron propuestas,8,null,0,15,0,0
2025-03-06 12:25:26.625,PA05,1741274726616,1741274726625,CNP-1741274726616,No hubieron propuestas,9,null,0,15,0,0
2025-03-06 12:25:26.625,PA03,1741274726614,1741274726625,CNP-1741274726614,No hubieron propuestas,11,null,0,15,0,0
2025-03-06 12:25:26.625,PA02,1741274726617,1741274726625,CNP-1741274726617,No hubieron propuestas,8,null,0,15,0,0
2025-03-06 12:25:26.625,PA04,1741274726617,1741274726625,CNP-1741274726617,No hubieron propuestas,8,null,0,15,0,0
2025-03-06 12:25:26.626,PA01,1741274726621,1741274726626,CNP-1741274726621,No hubieron propuestas,5,null,0,15,0,0
2025-03-06 12:25:28.637,PA05,1741274728619,1741274728637,CNP-1741274728619,No hubieron propuestas,18,null,0,15,0,0
2025-03-06 12:25:28.637,PA03,1741274728618,1741274728637,CNP-1741274728617,No hubieron propuestas,19,null,0,15,0,0
2025-03-06 12:25:28.637,PA04,1741274728620,1741274728637,CNP-1741274728620,No hubieron propuestas,17,null,0,15,0,0
2025-03-06 12:25:28.637,PA02,1741274728622,1741274728637,CNP-1741274728622,No hubieron propuestas,15,null,0,15,0,0
2025-03-06 12:25:28.637,PA01,1741274728622,1741274728637,CNP-1741274728622,No hubieron propuestas,15,null,0,15,0,0
2025-03-06 12:25:30.632,PA05,1741274730621,1741274730632,CNP-1741274730621,No hubieron propuestas,11,null,0,15,0,0
2025-03-06 12:25:30.632,PA03,1741274730621,1741274730632,CNP-1741274730621,No hubieron propuestas,11,null,0,15,0,0
2025-03-06 12:25:30.632,PA02,1741274730624,1741274730632,CNP-1741274730623,No hubieron propuestas,8,null,0,15,0,0
2025-03-06 12:25:30.632,PA01,1741274730625,1741274730632,CNP-1741274730625,No hubieron propuestas,7,null,0,15,0,0
2025-03-06 12:25:30.633,PA04,1741274730622,1741274730633,CNP-1741274730622,recibi inform. ganador acepto,11,Truck14,1,14,1,0
2025-03-06 12:25:32.633,PA05,1741274732625,1741274732633,CNP-1741274732625,No hubieron propuestas,8,null,0,15,0,0
2025-03-06 12:25:32.633,PA03,1741274732623,1741274732633,CNP-1741274732622,No hubieron propuestas,10,null,0,15,0,0
2025-03-06 12:25:32.634,PA02,1741274732626,1741274732634,CNP-1741274732626,No hubieron propuestas,8,null,0,15,0,0
2025-03-06 12:25:32.634,PA01,1741274732630,1741274732634,CNP-1741274732630,No hubieron propuestas,4,null,0,15,0,0
2025-03-06 12:25:32.635,PA04,1741274732625,1741274732635,CNP-1741274732625,recibi inform. ganador acepto,10,Truck11,1,14,1,0
2025-03-06 12:25:34.638,PA03,1741274734626,1741274734638,CNP-1741274734626,No hubieron propuestas,12,null,0,15,0,0
2025-03-06 12:25:34.638,PA05,1741274734629,1741274734638,CNP-1741274734629,No hubieron propuestas,9,null,0,15,0,0
2025-03-06 12:25:34.639,PA02,1741274734630,1741274734639,CNP-1741274734630,No hubieron propuestas,9,null,0,15,0,0
2025-03-06 12:25:34.639,PA01,1741274734632,1741274734639,CNP-1741274734632,No hubieron propuestas,7,null,0,15,0,0
2025-03-06 12:25:34.639,PA04,1741274734628,1741274734639,CNP-1741274734628,recibi inform. ganador acepto,11,Truck0,1,14,1,0
2025-03-06 12:25:36.641,PA03,1741274736630,1741274736641,CNP-1741274736630,No hubieron propuestas,11,null,0,15,0,0
2025-03-06 12:25:36.642,PA04,1741274736632,1741274736642,CNP-1741274736632,No hubieron propuestas,10,null,0,15,0,0
2025-03-06 12:25:36.642,PA05,1741274736633,1741274736642,CNP-1741274736633,No hubieron propuestas,9,null,0,15,0,0
2025-03-06 12:25:36.642,PA02,1741274736636,1741274736642,CNP-1741274736635,No hubieron propuestas,6,null,0,15,0,0
2025-03-06 12:25:36.642,PA01,1741274736634,1741274736642,CNP-1741274736634,No hubieron propuestas,8,null,0,15,0,0
2025-03-06 12:25:38.646,PA05,1741274738637,1741274738646,CNP-1741274738636,No hubieron propuestas,9,null,0,15,0,0
2025-03-06 12:25:38.646,PA04,1741274738634,1741274738646,CNP-1741274738634,No hubieron propuestas,12,null,0,15,0,0
2025-03-06 12:25:38.646,PA03,1741274738634,1741274738646,CNP-1741274738634,No hubieron propuestas,12,null,0,15,0,0
2025-03-06 12:25:38.646,PA01,1741274738637,1741274738646,CNP-1741274738636,No hubieron propuestas,9,null,0,15,0,0
2025-03-06 12:25:38.646,PA02,1741274738638,1741274738646,CNP-1741274738638,No hubieron propuestas,8,null,0,15,0,0
2025-03-06 12:25:40.648,PA03,1741274740638,1741274740648,CNP-1741274740637,No hubieron propuestas,10,null,0,15,0,0
2025-03-06 12:25:40.648,PA01,1741274740640,1741274740648,CNP-1741274740640,No hubieron propuestas,8,null,0,15,0,0
2025-03-06 12:25:40.648,PA04,1741274740638,1741274740648,CNP-1741274740637,No hubieron propuestas,10,null,0,15,0,0
2025-03-06 12:25:40.648,PA05,1741274740640,1741274740648,CNP-1741274740640,No hubieron propuestas,8,null,0,15,0,0
2025-03-06 12:25:40.648,PA02,1741274740644,1741274740648,CNP-1741274740644,No hubieron propuestas,4,null,0,15,0,0
2025-03-06 12:25:42.655,PA04,1741274742640,1741274742655,CNP-1741274742639,No hubieron propuestas,15,null,0,15,0,0
2025-03-06 12:25:42.655,PA03,1741274742642,1741274742655,CNP-1741274742642,No hubieron propuestas,13,null,0,15,0,0
2025-03-06 12:25:42.655,PA02,1741274742645,1741274742655,CNP-1741274742645,No hubieron propuestas,10,null,0,15,0,0
2025-03-06 12:25:42.655,PA05,1741274742644,1741274742655,CNP-1741274742643,No hubieron propuestas,11,null,0,15,0,0
2025-03-06 12:25:42.655,PA01,1741274742645,1741274742655,CNP-1741274742645,No hubieron propuestas,10,null,0,15,0,0
2025-03-06 12:25:44.658,PA04,1741274744646,1741274744658,CNP-1741274744645,No hubieron propuestas,12,null,0,15,0,0
2025-03-06 12:25:44.658,PA03,1741274744646,1741274744658,CNP-1741274744645,No hubieron propuestas,12,null,0,15,0,0
2025-03-06 12:25:44.658,PA05,1741274744647,1741274744658,CNP-1741274744647,No hubieron propuestas,11,null,0,15,0,0
2025-03-06 12:25:44.658,PA01,1741274744649,1741274744658,CNP-1741274744648,No hubieron propuestas,9,null,0,15,0,0
2025-03-06 12:25:44.658,PA02,1741274744650,1741274744658,CNP-1741274744650,No hubieron propuestas,8,null,0,15,0,0
2025-03-06 12:25:46.666,PA04,1741274746649,1741274746666,CNP-1741274746649,No hubieron propuestas,17,null,0,15,0,0
2025-03-06 12:25:46.666,PA03,1741274746649,1741274746666,CNP-1741274746649,No hubieron propuestas,17,null,0,15,0,0
2025-03-06 12:25:46.666,PA05,1741274746649,1741274746666,CNP-1741274746649,No hubieron propuestas,17,null,0,15,0,0
2025-03-06 12:25:46.666,PA02,1741274746655,1741274746666,CNP-1741274746655,No hubieron propuestas,11,null,0,15,0,0
2025-03-06 12:25:46.666,PA01,1741274746652,1741274746666,CNP-1741274746651,No hubieron propuestas,14,null,0,15,0,0
2025-03-06 12:25:48.668,PA03,1741274748654,1741274748668,CNP-1741274748653,No hubieron propuestas,14,null,0,15,0,0
2025-03-06 12:25:48.671,PA04,1741274748654,1741274748671,CNP-1741274748653,No hubieron propuestas,17,null,0,15,0,0
2025-03-06 12:25:48.671,PA01,1741274748656,1741274748671,CNP-1741274748656,No hubieron propuestas,15,null,0,15,0,0
2025-03-06 12:25:48.671,PA05,1741274748656,1741274748671,CNP-1741274748656,No hubieron propuestas,15,null,0,15,0,0
2025-03-06 12:25:48.672,PA02,1741274748657,1741274748672,CNP-1741274748657,No hubieron propuestas,15,null,0,15,0,0
2025-03-06 12:25:50.668,PA01,1741274750658,1741274750668,CNP-1741274750657,No hubieron propuestas,10,null,0,15,0,0
2025-03-06 12:25:50.668,PA04,1741274750658,1741274750668,CNP-1741274750657,No hubieron propuestas,10,null,0,15,0,0
2025-03-06 12:25:50.668,PA03,1741274750658,1741274750668,CNP-1741274750657,No hubieron propuestas,10,null,0,15,0,0
2025-03-06 12:25:50.668,PA05,1741274750659,1741274750668,CNP-1741274750659,No hubieron propuestas,9,null,0,15,0,0
2025-03-06 12:25:50.668,PA02,1741274750659,1741274750668,CNP-1741274750659,No hubieron propuestas,9,null,0,15,0,0
2025-03-06 12:25:52.677,PA03,1741274752663,1741274752676,CNP-1741274752663,No hubieron propuestas,13,null,0,15,0,0
2025-03-06 12:25:52.677,PA02,1741274752663,1741274752677,CNP-1741274752663,No hubieron propuestas,14,null,0,15,0,0
2025-03-06 12:25:52.677,PA05,1741274752669,1741274752677,CNP-1741274752669,No hubieron propuestas,8,null,0,15,0,0
2025-03-06 12:25:52.677,PA04,1741274752663,1741274752677,CNP-1741274752663,No hubieron propuestas,14,null,0,15,0,0
2025-03-06 12:25:52.677,PA01,1741274752663,1741274752677,CNP-1741274752663,No hubieron propuestas,14,null,0,15,0,0
2025-03-06 12:25:54.676,PA02,1741274754667,1741274754676,CNP-1741274754667,No hubieron propuestas,9,null,0,15,0,0
2025-03-06 12:25:54.676,PA01,1741274754665,1741274754676,CNP-1741274754665,No hubieron propuestas,11,null,0,15,0,0
2025-03-06 12:25:54.676,PA03,1741274754668,1741274754676,CNP-1741274754668,No hubieron propuestas,8,null,0,15,0,0
2025-03-06 12:25:54.676,PA04,1741274754667,1741274754676,CNP-1741274754667,No hubieron propuestas,9,null,0,15,0,0
2025-03-06 12:25:54.676,PA05,1741274754671,1741274754676,CNP-1741274754671,No hubieron propuestas,5,null,0,15,0,0
2025-03-06 12:25:56.684,PA02,1741274756671,1741274756684,CNP-1741274756670,No hubieron propuestas,13,null,0,15,0,0
2025-03-06 12:25:56.684,PA04,1741274756673,1741274756684,CNP-1741274756673,No hubieron propuestas,11,null,0,15,0,0
2025-03-06 12:25:56.685,PA03,1741274756674,1741274756685,CNP-1741274756674,No hubieron propuestas,11,null,0,15,0,0
2025-03-06 12:25:56.685,PA01,1741274756671,1741274756685,CNP-1741274756670,No hubieron propuestas,14,null,0,15,0,0
2025-03-06 12:25:56.685,PA05,1741274756674,1741274756685,CNP-1741274756674,No hubieron propuestas,11,null,0,15,0,0
2025-03-06 12:25:58.683,PA01,1741274758672,1741274758683,CNP-1741274758672,No hubieron propuestas,11,null,0,15,0,0
2025-03-06 12:25:58.683,PA02,1741274758674,1741274758683,CNP-1741274758674,No hubieron propuestas,9,null,0,15,0,0
2025-03-06 12:25:58.683,PA03,1741274758676,1741274758683,CNP-1741274758676,No hubieron propuestas,7,null,0,15,0,0
2025-03-06 12:25:58.683,PA05,1741274758678,1741274758683,CNP-1741274758678,No hubieron propuestas,5,null,0,15,0,0
2025-03-06 12:25:58.684,PA04,1741274758675,1741274758684,CNP-1741274758675,No hubieron propuestas,9,null,0,15,0,0
2025-03-06 12:26:00.689,PA01,1741274760679,1741274760689,CNP-1741274760678,No hubieron propuestas,10,null,0,15,0,0
2025-03-06 12:26:00.689,PA03,1741274760680,1741274760689,CNP-1741274760680,No hubieron propuestas,9,null,0,15,0,0
2025-03-06 12:26:00.690,PA02,1741274760679,1741274760690,CNP-1741274760678,No hubieron propuestas,11,null,0,15,0,0
2025-03-06 12:26:00.690,PA04,1741274760679,1741274760689,CNP-1741274760678,No hubieron propuestas,10,null,0,15,0,0
2025-03-06 12:26:00.690,PA05,1741274760682,1741274760690,CNP-1741274760682,No hubieron propuestas,8,null,0,15,0,0
2025-03-06 12:26:02.692,PA04,1741274762682,1741274762692,CNP-1741274762682,No hubieron propuestas,10,null,0,15,0,0
2025-03-06 12:26:02.692,PA03,1741274762683,1741274762692,CNP-1741274762683,No hubieron propuestas,9,null,0,15,0,0
2025-03-06 12:26:02.692,PA02,1741274762680,1741274762692,CNP-1741274762680,No hubieron propuestas,12,null,0,15,0,0
2025-03-06 12:26:02.692,PA01,1741274762682,1741274762692,CNP-1741274762682,No hubieron propuestas,10,null,0,15,0,0
2025-03-06 12:26:02.692,PA05,1741274762686,1741274762692,CNP-1741274762686,No hubieron propuestas,6,null,0,15,0,0
2025-03-06 12:26:04.697,PA02,1741274764684,1741274764697,CNP-1741274764683,No hubieron propuestas,13,null,0,15,0,0
2025-03-06 12:26:04.697,PA01,1741274764685,1741274764697,CNP-1741274764685,No hubieron propuestas,12,null,0,15,0,0
2025-03-06 12:26:04.697,PA03,1741274764687,1741274764697,CNP-1741274764687,No hubieron propuestas,10,null,0,15,0,0
2025-03-06 12:26:04.697,PA05,1741274764689,1741274764697,CNP-1741274764689,No hubieron propuestas,8,null,0,15,0,0
2025-03-06 12:26:04.698,PA04,1741274764685,1741274764698,CNP-1741274764685,recibi inform. ganador acepto,13,Truck6,1,14,1,0
2025-03-06 12:26:06.703,PA04,1741274766687,1741274766703,CNP-1741274766687,No hubieron propuestas,16,null,0,15,0,0
2025-03-06 12:26:06.703,PA02,1741274766690,1741274766703,CNP-1741274766690,No hubieron propuestas,13,null,0,15,0,0
2025-03-06 12:26:06.703,PA01,1741274766690,1741274766703,CNP-1741274766690,No hubieron propuestas,13,null,0,15,0,0
2025-03-06 12:26:06.703,PA05,1741274766693,1741274766703,CNP-1741274766692,No hubieron propuestas,10,null,0,15,0,0
2025-03-06 12:26:06.703,PA03,1741274766690,1741274766703,CNP-1741274766690,No hubieron propuestas,13,null,0,15,0,0
2025-03-06 12:26:08.704,PA02,1741274768693,1741274768704,CNP-1741274768693,No hubieron propuestas,11,null,0,15,0,0
2025-03-06 12:26:08.704,PA05,1741274768696,1741274768704,CNP-1741274768696,No hubieron propuestas,8,null,0,15,0,0
2025-03-06 12:26:08.704,PA04,1741274768693,1741274768704,CNP-1741274768693,No hubieron propuestas,11,null,0,15,0,0
2025-03-06 12:26:08.704,PA03,1741274768696,1741274768704,CNP-1741274768696,No hubieron propuestas,8,null,0,15,0,0
2025-03-06 12:26:08.704,PA01,1741274768696,1741274768704,CNP-1741274768696,No hubieron propuestas,8,null,0,15,0,0
2025-03-06 12:26:10.713,PA02,1741274770696,1741274770713,CNP-1741274770695,No hubieron propuestas,17,null,0,15,0,0
2025-03-06 12:26:10.714,PA01,1741274770698,1741274770714,CNP-1741274770698,No hubieron propuestas,16,null,0,15,0,0
2025-03-06 12:26:10.714,PA03,1741274770699,1741274770714,CNP-1741274770699,No hubieron propuestas,15,null,0,15,0,0
2025-03-06 12:26:10.714,PA05,1741274770701,1741274770714,CNP-1741274770701,No hubieron propuestas,13,null,0,15,0,0
2025-03-06 12:26:10.715,PA04,1741274770698,1741274770715,CNP-1741274770698,recibi inform. ganador acepto,17,Truck8,2,13,1,0
2025-03-06 12:26:12.713,PA01,1741274772703,1741274772713,CNP-1741274772703,No hubieron propuestas,10,null,0,15,0,0
2025-03-06 12:26:12.713,PA02,1741274772701,1741274772713,CNP-1741274772701,No hubieron propuestas,12,null,0,15,0,0
2025-03-06 12:26:12.713,PA05,1741274772704,1741274772713,CNP-1741274772704,No hubieron propuestas,9,null,0,15,0,0
2025-03-06 12:26:12.714,PA03,1741274772703,1741274772713,CNP-1741274772703,No hubieron propuestas,10,null,0,15,0,0
2025-03-06 12:26:12.714,PA04,1741274772701,1741274772714,CNP-1741274772701,recibi inform. ganador acepto,13,Truck5,2,13,1,0
2025-03-06 12:26:14.714,PA01,1741274774706,1741274774714,CNP-1741274774706,No hubieron propuestas,8,null,0,15,0,0
2025-03-06 12:26:14.714,PA03,1741274774706,1741274774714,CNP-1741274774706,No hubieron propuestas,8,null,0,15,0,0
2025-03-06 12:26:14.714,PA02,1741274774706,1741274774714,CNP-1741274774706,No hubieron propuestas,8,null,0,15,0,0
2025-03-06 12:26:14.714,PA05,1741274774709,1741274774714,CNP-1741274774709,No hubieron propuestas,5,null,0,15,0,0
2025-03-06 12:26:14.715,PA04,1741274774704,1741274774715,CNP-1741274774703,recibi inform. ganador acepto,11,Truck4,3,12,1,0
2025-03-06 12:26:16.721,PA02,1741274776709,1741274776721,CNP-1741274776709,No hubieron propuestas,12,null,0,15,0,0
2025-03-06 12:26:16.722,PA05,1741274776713,1741274776722,CNP-1741274776713,No hubieron propuestas,9,null,0,15,0,0
2025-03-06 12:26:16.722,PA01,1741274776712,1741274776722,CNP-1741274776711,No hubieron propuestas,10,null,0,15,0,0
2025-03-06 12:26:16.722,PA03,1741274776712,1741274776722,CNP-1741274776711,No hubieron propuestas,10,null,0,15,0,0
2025-03-06 12:26:16.722,PA04,1741274776709,1741274776722,CNP-1741274776709,recibi inform. ganador acepto,13,Truck9,2,13,1,0
2025-03-06 12:26:18.723,PA02,1741274778712,1741274778723,CNP-1741274778712,No hubieron propuestas,11,null,0,15,0,0
2025-03-06 12:26:18.723,PA01,1741274778715,1741274778723,CNP-1741274778714,No hubieron propuestas,8,null,0,15,0,0
2025-03-06 12:26:18.723,PA03,1741274778716,1741274778723,CNP-1741274778716,No hubieron propuestas,7,null,0,15,0,0
2025-03-06 12:26:18.724,PA05,1741274778717,1741274778724,CNP-1741274778717,No hubieron propuestas,7,null,0,15,0,0
2025-03-06 12:26:18.725,PA04,1741274778712,1741274778725,CNP-1741274778712,recibi inform. ganador acepto,13,Truck10,2,13,1,0
2025-03-06 12:26:20.727,PA05,1741274780720,1741274780727,CNP-1741274780720,No hubieron propuestas,7,null,0,15,0,0
2025-03-06 12:26:20.727,PA01,1741274780716,1741274780727,CNP-1741274780716,No hubieron propuestas,11,null,0,15,0,0
2025-03-06 12:26:20.728,PA03,1741274780719,1741274780728,CNP-1741274780719,No hubieron propuestas,9,null,0,15,0,0
2025-03-06 12:26:20.728,PA02,1741274780715,1741274780728,CNP-1741274780715,No hubieron propuestas,13,null,0,15,0,0
2025-03-06 12:26:20.729,PA04,1741274780715,1741274780729,CNP-1741274780715,recibi inform. ganador acepto,14,Truck13,2,13,1,0
2025-03-06 12:26:22.730,PA01,1741274782719,1741274782730,CNP-1741274782719,No hubieron propuestas,11,null,0,15,0,0
2025-03-06 12:26:22.731,PA02,1741274782719,1741274782731,CNP-1741274782719,No hubieron propuestas,12,null,0,15,0,0
2025-03-06 12:26:22.731,PA05,1741274782725,1741274782731,CNP-1741274782725,No hubieron propuestas,6,null,0,15,0,0
2025-03-06 12:26:22.731,PA03,1741274782723,1741274782731,CNP-1741274782722,No hubieron propuestas,8,null,0,15,0,0
2025-03-06 12:26:22.731,PA04,1741274782719,1741274782731,CNP-1741274782719,recibi inform. ganador acepto,12,Truck12,1,14,1,0
2025-03-06 12:26:24.735,PA01,1741274784724,1741274784734,CNP-1741274784723,No hubieron propuestas,10,null,0,15,0,0
2025-03-06 12:26:24.735,PA03,1741274784725,1741274784735,CNP-1741274784725,No hubieron propuestas,10,null,0,15,0,0
2025-03-06 12:26:24.735,PA04,1741274784724,1741274784734,CNP-1741274784723,No hubieron propuestas,10,null,0,15,0,0
2025-03-06 12:26:24.735,PA02,1741274784724,1741274784735,CNP-1741274784723,No hubieron propuestas,11,null,0,15,0,0
2025-03-06 12:26:24.735,PA05,1741274784728,1741274784735,CNP-1741274784728,No hubieron propuestas,7,null,0,15,0,0
2025-03-06 12:26:26.740,PA02,1741274786728,1741274786740,CNP-1741274786728,No hubieron propuestas,12,null,0,15,0,0
2025-03-06 12:26:26.741,PA01,1741274786728,1741274786741,CNP-1741274786728,No hubieron propuestas,13,null,0,15,0,0
2025-03-06 12:26:26.741,PA03,1741274786728,1741274786741,CNP-1741274786728,No hubieron propuestas,13,null,0,15,0,0
2025-03-06 12:26:26.741,PA04,1741274786728,1741274786741,CNP-1741274786728,No hubieron propuestas,13,null,0,15,0,0
2025-03-06 12:26:26.741,PA05,1741274786733,1741274786741,CNP-1741274786733,No hubieron propuestas,8,null,0,15,0,0
2025-03-06 12:26:28.742,PA02,1741274788732,1741274788742,CNP-1741274788731,No hubieron propuestas,10,null,0,15,0,0
2025-03-06 12:26:28.743,PA04,1741274788736,1741274788743,CNP-1741274788736,No hubieron propuestas,7,null,0,15,0,0
2025-03-06 12:26:28.743,PA03,1741274788733,1741274788743,CNP-1741274788733,No hubieron propuestas,10,null,0,15,0,0
2025-03-06 12:26:28.743,PA01,1741274788732,1741274788743,CNP-1741274788731,No hubieron propuestas,11,null,0,15,0,0
2025-03-06 12:26:28.743,PA05,1741274788737,1741274788743,CNP-1741274788737,No hubieron propuestas,6,null,0,15,0,0
2025-03-06 12:26:30.756,PA01,1741274790737,1741274790756,CNP-1741274790736,No hubieron propuestas,19,null,0,15,0,0
2025-03-06 12:26:30.756,PA02,1741274790737,1741274790756,CNP-1741274790736,No hubieron propuestas,19,null,0,15,0,0
2025-03-06 12:26:30.757,PA03,1741274790737,1741274790757,CNP-1741274790736,No hubieron propuestas,20,null,0,15,0,0
2025-03-06 12:26:30.757,PA05,1741274790743,1741274790757,CNP-1741274790743,No hubieron propuestas,14,null,0,15,0,0
2025-03-06 12:26:30.757,PA04,1741274790740,1741274790757,CNP-1741274790740,No hubieron propuestas,17,null,0,15,0,0
2025-03-06 12:26:32.752,PA03,1741274792740,1741274792752,CNP-1741274792740,No hubieron propuestas,12,null,0,15,0,0
2025-03-06 12:26:32.752,PA02,1741274792740,1741274792752,CNP-1741274792740,No hubieron propuestas,12,null,0,15,0,0
2025-03-06 12:26:32.752,PA04,1741274792743,1741274792752,CNP-1741274792743,No hubieron propuestas,9,null,0,15,0,0
2025-03-06 12:26:32.752,PA01,1741274792740,1741274792752,CNP-1741274792740,No hubieron propuestas,12,null,0,15,0,0
2025-03-06 12:26:32.752,PA05,1741274792744,1741274792752,CNP-1741274792744,No hubieron propuestas,8,null,0,15,0,0
2025-03-06 12:26:34.757,PA05,1741274794750,1741274794757,CNP-1741274794750,No hubieron propuestas,7,null,0,15,0,0
2025-03-06 12:26:34.758,PA01,1741274794746,1741274794758,CNP-1741274794745,No hubieron propuestas,12,null,0,15,0,0
2025-03-06 12:26:34.758,PA04,1741274794746,1741274794758,CNP-1741274794746,No hubieron propuestas,12,null,0,15,0,0
2025-03-06 12:26:34.758,PA03,1741274794746,1741274794757,CNP-1741274794745,No hubieron propuestas,11,null,0,15,0,0
2025-03-06 12:26:34.758,PA02,1741274794746,1741274794758,CNP-1741274794745,No hubieron propuestas,12,null,0,15,0,0
2025-03-06 12:26:36.758,PA03,1741274796747,1741274796758,CNP-1741274796747,No hubieron propuestas,11,null,0,15,0,0
2025-03-06 12:26:36.758,PA01,1741274796748,1741274796758,CNP-1741274796748,No hubieron propuestas,10,null,0,15,0,0
2025-03-06 12:26:36.758,PA02,1741274796750,1741274796758,CNP-1741274796749,No hubieron propuestas,8,null,0,15,0,0
2025-03-06 12:26:36.758,PA05,1741274796751,1741274796758,CNP-1741274796751,No hubieron propuestas,7,null,0,15,0,0
2025-03-06 12:26:36.758,PA04,1741274796751,1741274796758,CNP-1741274796751,No hubieron propuestas,7,null,0,15,0,0
2025-03-06 12:26:38.762,PA03,1741274798750,1741274798762,CNP-1741274798750,No hubieron propuestas,12,null,0,15,0,0
2025-03-06 12:26:38.762,PA01,1741274798751,1741274798762,CNP-1741274798751,No hubieron propuestas,11,null,0,15,0,0
2025-03-06 12:26:38.762,PA02,1741274798753,1741274798762,CNP-1741274798752,No hubieron propuestas,9,null,0,15,0,0
2025-03-06 12:26:38.763,PA05,1741274798755,1741274798763,CNP-1741274798755,No hubieron propuestas,8,null,0,15,0,0
2025-03-06 12:26:38.763,PA04,1741274798754,1741274798763,CNP-1741274798754,recibi inform. ganador acepto,9,Truck1,2,13,1,0
2025-03-06 12:26:40.766,PA03,1741274800754,1741274800766,CNP-1741274800754,No hubieron propuestas,12,null,0,15,0,0
2025-03-06 12:26:40.766,PA02,1741274800754,1741274800766,CNP-1741274800754,No hubieron propuestas,12,null,0,15,0,0
2025-03-06 12:26:40.766,PA01,1741274800754,1741274800766,CNP-1741274800754,No hubieron propuestas,12,null,0,15,0,0
2025-03-06 12:26:40.766,PA05,1741274800759,1741274800766,CNP-1741274800759,No hubieron propuestas,7,null,0,15,0,0
2025-03-06 12:26:40.767,PA04,1741274800756,1741274800767,CNP-1741274800756,recibi inform. ganador acepto,11,Truck3,1,14,1,0
2025-03-06 12:26:42.770,PA01,1741274802758,1741274802770,CNP-1741274802758,No hubieron propuestas,12,null,0,15,0,0
2025-03-06 12:26:42.770,PA04,1741274802761,1741274802770,CNP-1741274802761,No hubieron propuestas,9,null,0,15,0,0
2025-03-06 12:26:42.771,PA03,1741274802758,1741274802771,CNP-1741274802758,No hubieron propuestas,13,null,0,15,0,0
2025-03-06 12:26:42.771,PA02,1741274802760,1741274802770,CNP-1741274802759,No hubieron propuestas,10,null,0,15,0,0
2025-03-06 12:26:42.771,PA05,1741274802764,1741274802771,CNP-1741274802764,No hubieron propuestas,7,null,0,15,0,0
2025-03-06 12:26:44.775,PA03,1741274804762,1741274804775,CNP-1741274804762,No hubieron propuestas,13,null,0,15,0,0
2025-03-06 12:26:44.775,PA05,1741274804767,1741274804774,CNP-1741274804767,No hubieron propuestas,7,null,0,15,0,0
2025-03-06 12:26:44.775,PA01,1741274804762,1741274804775,CNP-1741274804762,No hubieron propuestas,13,null,0,15,0,0
2025-03-06 12:26:44.775,PA02,1741274804763,1741274804775,CNP-1741274804762,No hubieron propuestas,12,null,0,15,0,0
2025-03-06 12:26:44.777,PA04,1741274804762,1741274804777,CNP-1741274804762,recibi inform. ganador acepto,15,Truck11,1,14,1,0
2025-03-06 12:26:46.779,PA05,1741274806769,1741274806779,CNP-1741274806769,No hubieron propuestas,10,null,0,15,0,0
2025-03-06 12:26:46.779,PA04,1741274806766,1741274806779,CNP-1741274806766,No hubieron propuestas,13,null,0,15,0,0
2025-03-06 12:26:46.779,PA03,1741274806766,1741274806779,CNP-1741274806766,No hubieron propuestas,13,null,0,15,0,0
2025-03-06 12:26:46.779,PA02,1741274806768,1741274806779,CNP-1741274806768,No hubieron propuestas,11,null,0,15,0,0
2025-03-06 12:26:46.779,PA01,1741274806770,1741274806779,CNP-1741274806770,No hubieron propuestas,9,null,0,15,0,0
2025-03-06 12:26:48.784,PA03,1741274808771,1741274808784,CNP-1741274808770,No hubieron propuestas,13,null,0,15,0,0
2025-03-06 12:26:48.784,PA04,1741274808771,1741274808784,CNP-1741274808770,No hubieron propuestas,13,null,0,15,0,0
2025-03-06 12:26:48.784,PA02,1741274808772,1741274808784,CNP-1741274808772,No hubieron propuestas,12,null,0,15,0,0
2025-03-06 12:26:48.784,PA05,1741274808772,1741274808784,CNP-1741274808772,No hubieron propuestas,12,null,0,15,0,0
2025-03-06 12:26:48.784,PA01,1741274808775,1741274808784,CNP-1741274808775,No hubieron propuestas,9,null,0,15,0,0
2025-03-06 12:26:50.785,PA03,1741274810773,1741274810785,CNP-1741274810772,No hubieron propuestas,12,null,0,15,0,0
2025-03-06 12:26:50.786,PA04,1741274810775,1741274810786,CNP-1741274810774,No hubieron propuestas,11,null,0,15,0,0
2025-03-06 12:26:50.786,PA02,1741274810776,1741274810786,CNP-1741274810776,No hubieron propuestas,10,null,0,15,0,0
2025-03-06 12:26:50.786,PA05,1741274810775,1741274810786,CNP-1741274810774,No hubieron propuestas,11,null,0,15,0,0
2025-03-06 12:26:50.786,PA01,1741274810776,1741274810786,CNP-1741274810776,No hubieron propuestas,10,null,0,15,0,0
2025-03-06 12:26:52.790,PA02,1741274812779,1741274812790,CNP-1741274812778,No hubieron propuestas,11,null,0,15,0,0
2025-03-06 12:26:52.790,PA04,1741274812779,1741274812790,CNP-1741274812778,No hubieron propuestas,11,null,0,15,0,0
2025-03-06 12:26:52.790,PA05,1741274812779,1741274812790,CNP-1741274812778,No hubieron propuestas,11,null,0,15,0,0
2025-03-06 12:26:52.790,PA03,1741274812779,1741274812790,CNP-1741274812778,No hubieron propuestas,11,null,0,15,0,0
2025-03-06 12:26:52.790,PA01,1741274812780,1741274812790,CNP-1741274812780,No hubieron propuestas,10,null,0,15,0,0
2025-03-06 12:26:54.785,PA03,1741274814780,1741274814785,CNP-1741274814780,No hubieron propuestas,5,null,0,15,0,0
2025-03-06 12:26:54.785,PA04,1741274814782,1741274814785,CNP-1741274814781,No hubieron propuestas,3,null,0,15,0,0
2025-03-06 12:26:54.788,PA02,1741274814783,1741274814788,CNP-1741274814782,No hubieron propuestas,5,null,0,15,0,0
2025-03-06 12:26:54.791,PA05,1741274814785,1741274814791,CNP-1741274814785,No hubieron propuestas,6,null,0,15,0,0
2025-03-06 12:26:54.791,PA01,1741274814787,1741274814791,CNP-1741274814787,No hubieron propuestas,4,null,0,15,0,0
2025-03-06 12:26:56.798,PA03,1741274816785,1741274816798,CNP-1741274816785,No hubieron propuestas,13,null,0,15,0,0
2025-03-06 12:26:56.798,PA02,1741274816788,1741274816798,CNP-1741274816788,No hubieron propuestas,10,null,0,15,0,0
2025-03-06 12:26:56.798,PA05,1741274816789,1741274816798,CNP-1741274816789,No hubieron propuestas,9,null,0,15,0,0
2025-03-06 12:26:56.798,PA01,1741274816790,1741274816798,CNP-1741274816790,No hubieron propuestas,8,null,0,15,0,0
2025-03-06 12:26:56.799,PA04,1741274816786,1741274816799,CNP-1741274816786,recibi inform. ganador acepto,13,Truck0,1,14,1,0
2025-03-06 12:26:58.802,PA03,1741274818787,1741274818802,CNP-1741274818787,No hubieron propuestas,15,null,0,15,0,0
2025-03-06 12:26:58.803,PA02,1741274818789,1741274818803,CNP-1741274818789,No hubieron propuestas,14,null,0,15,0,0
2025-03-06 12:26:58.803,PA05,1741274818790,1741274818803,CNP-1741274818790,No hubieron propuestas,13,null,0,15,0,0
2025-03-06 12:26:58.803,PA01,1741274818794,1741274818803,CNP-1741274818794,No hubieron propuestas,9,null,0,15,0,0
2025-03-06 12:26:58.804,PA04,1741274818789,1741274818804,CNP-1741274818789,recibi inform. ganador acepto,15,Truck14,1,14,1,0
2025-03-06 12:27:00.801,PA02,1741274820792,1741274820801,CNP-1741274820792,No hubieron propuestas,9,null,0,15,0,0
2025-03-06 12:27:00.801,PA03,1741274820790,1741274820801,CNP-1741274820790,No hubieron propuestas,11,null,0,15,0,0
2025-03-06 12:27:00.801,PA04,1741274820790,1741274820801,CNP-1741274820790,No hubieron propuestas,11,null,0,15,0,0
2025-03-06 12:27:00.801,PA05,1741274820794,1741274820801,CNP-1741274820794,No hubieron propuestas,7,null,0,15,0,0
2025-03-06 12:27:00.801,PA01,1741274820798,1741274820801,CNP-1741274820797,No hubieron propuestas,3,null,0,15,0,0
2025-03-06 12:27:02.805,PA04,1741274822794,1741274822805,CNP-1741274822794,No hubieron propuestas,11,null,0,15,0,0
2025-03-06 12:27:02.805,PA03,1741274822794,1741274822805,CNP-1741274822794,No hubieron propuestas,11,null,0,15,0,0
2025-03-06 12:27:02.805,PA05,1741274822800,1741274822805,CNP-1741274822800,No hubieron propuestas,5,null,0,15,0,0
2025-03-06 12:27:02.805,PA01,1741274822800,1741274822805,CNP-1741274822800,No hubieron propuestas,5,null,0,15,0,0
2025-03-06 12:27:02.806,PA02,1741274822796,1741274822806,CNP-1741274822796,No hubieron propuestas,10,null,0,15,0,0
2025-03-06 12:27:04.809,PA05,1741274824801,1741274824809,CNP-1741274824801,No hubieron propuestas,8,null,0,15,0,0
2025-03-06 12:27:04.809,PA04,1741274824797,1741274824809,CNP-1741274824796,No hubieron propuestas,12,null,0,15,0,0
2025-03-06 12:27:04.809,PA02,1741274824799,1741274824809,CNP-1741274824798,No hubieron propuestas,10,null,0,15,0,0
2025-03-06 12:27:04.809,PA03,1741274824798,1741274824809,CNP-1741274824798,No hubieron propuestas,11,null,0,15,0,0
2025-03-06 12:27:04.809,PA01,1741274824802,1741274824809,CNP-1741274824802,No hubieron propuestas,7,null,0,15,0,0
2025-03-06 12:27:06.814,PA04,1741274826803,1741274826814,CNP-1741274826803,No hubieron propuestas,11,null,0,15,0,0
2025-03-06 12:27:06.814,PA05,1741274826804,1741274826814,CNP-1741274826804,No hubieron propuestas,10,null,0,15,0,0
2025-03-06 12:27:06.815,PA03,1741274826803,1741274826815,CNP-1741274826803,No hubieron propuestas,12,null,0,15,0,0
2025-03-06 12:27:06.815,PA01,1741274826805,1741274826815,CNP-1741274826805,No hubieron propuestas,10,null,0,15,0,0
2025-03-06 12:27:06.815,PA02,1741274826803,1741274826815,CNP-1741274826803,No hubieron propuestas,12,null,0,15,0,0
2025-03-06 12:27:08.816,PA02,1741274828805,1741274828816,CNP-1741274828805,No hubieron propuestas,11,null,0,15,0,0
2025-03-06 12:27:08.817,PA04,1741274828807,1741274828817,CNP-1741274828807,No hubieron propuestas,10,null,0,15,0,0
2025-03-06 12:27:08.817,PA03,1741274828805,1741274828817,CNP-1741274828805,No hubieron propuestas,12,null,0,15,0,0
2025-03-06 12:27:08.817,PA05,1741274828807,1741274828817,CNP-1741274828807,No hubieron propuestas,10,null,0,15,0,0
2025-03-06 12:27:08.817,PA01,1741274828808,1741274828817,CNP-1741274828808,No hubieron propuestas,9,null,0,15,0,0
2025-03-06 12:27:10.822,PA03,1741274830811,1741274830822,CNP-1741274830811,No hubieron propuestas,11,null,0,15,0,0
2025-03-06 12:27:10.822,PA02,1741274830809,1741274830822,CNP-1741274830809,No hubieron propuestas,13,null,0,15,0,0
2025-03-06 12:27:10.822,PA05,1741274830812,1741274830822,CNP-1741274830811,No hubieron propuestas,10,null,0,15,0,0
2025-03-06 12:27:10.823,PA01,1741274830815,1741274830823,CNP-1741274830815,No hubieron propuestas,8,null,0,15,0,0
2025-03-06 12:27:10.823,PA04,1741274830809,1741274830823,CNP-1741274830809,recibi inform. ganador acepto,14,Truck6,1,14,1,0
2025-03-06 12:27:12.825,PA02,1741274832815,1741274832825,CNP-1741274832814,No hubieron propuestas,10,null,0,15,0,0
2025-03-06 12:27:12.825,PA04,1741274832813,1741274832825,CNP-1741274832812,No hubieron propuestas,12,null,0,15,0,0
2025-03-06 12:27:12.826,PA01,1741274832816,1741274832826,CNP-1741274832816,No hubieron propuestas,10,null,0,15,0,0
2025-03-06 12:27:12.826,PA03,1741274832815,1741274832826,CNP-1741274832814,No hubieron propuestas,11,null,0,15,0,0
2025-03-06 12:27:12.826,PA05,1741274832816,1741274832826,CNP-1741274832816,No hubieron propuestas,10,null,0,15,0,0
2025-03-06 12:27:14.829,PA05,1741274834818,1741274834829,CNP-1741274834818,No hubieron propuestas,11,null,0,15,0,0
2025-03-06 12:27:14.830,PA02,1741274834818,1741274834830,CNP-1741274834818,No hubieron propuestas,12,null,0,15,0,0
2025-03-06 12:27:14.830,PA01,1741274834822,1741274834830,CNP-1741274834822,No hubieron propuestas,8,null,0,15,0,0
2025-03-06 12:27:14.830,PA03,1741274834818,1741274834830,CNP-1741274834818,No hubieron propuestas,12,null,0,15,0,0
2025-03-06 12:27:14.831,PA04,1741274834818,1741274834831,CNP-1741274834818,recibi inform. ganador acepto,13,Truck5,1,14,1,0
2025-03-06 12:27:16.831,PA05,1741274836821,1741274836831,CNP-1741274836821,No hubieron propuestas,10,null,0,15,0,0
2025-03-06 12:27:16.831,PA03,1741274836820,1741274836831,CNP-1741274836820,No hubieron propuestas,11,null,0,15,0,0
2025-03-06 12:27:16.832,PA02,1741274836823,1741274836832,CNP-1741274836823,No hubieron propuestas,9,null,0,15,0,0
2025-03-06 12:27:16.832,PA01,1741274836826,1741274836832,CNP-1741274836826,No hubieron propuestas,6,null,0,15,0,0
2025-03-06 12:27:16.832,PA04,1741274836820,1741274836832,CNP-1741274836820,recibi inform. ganador acepto,12,Truck4,1,14,1,0
2025-03-06 12:27:18.836,PA05,1741274838825,1741274838836,CNP-1741274838824,No hubieron propuestas,11,null,0,15,0,0
2025-03-06 12:27:18.837,PA04,1741274838825,1741274838837,CNP-1741274838824,No hubieron propuestas,12,null,0,15,0,0
2025-03-06 12:27:18.837,PA02,1741274838827,1741274838837,CNP-1741274838826,No hubieron propuestas,10,null,0,15,0,0
2025-03-06 12:27:18.837,PA03,1741274838825,1741274838837,CNP-1741274838824,No hubieron propuestas,12,null,0,15,0,0
2025-03-06 12:27:18.837,PA01,1741274838829,1741274838837,CNP-1741274838829,No hubieron propuestas,8,null,0,15,0,0
2025-03-06 12:27:20.843,PA05,1741274840829,1741274840843,CNP-1741274840828,No hubieron propuestas,14,null,0,15,0,0
2025-03-06 12:27:20.843,PA03,1741274840828,1741274840843,CNP-1741274840828,No hubieron propuestas,15,null,0,15,0,0
2025-03-06 12:27:20.843,PA04,1741274840827,1741274840843,CNP-1741274840826,No hubieron propuestas,16,null,0,15,0,0
2025-03-06 12:27:20.843,PA02,1741274840830,1741274840843,CNP-1741274840830,No hubieron propuestas,13,null,0,15,0,0
2025-03-06 12:27:20.843,PA01,1741274840830,1741274840843,CNP-1741274840830,No hubieron propuestas,13,null,0,15,0,0
2025-03-06 12:27:22.842,PA03,1741274842832,1741274842842,CNP-1741274842832,No hubieron propuestas,10,null,0,15,0,0
2025-03-06 12:27:22.842,PA02,1741274842835,1741274842842,CNP-1741274842835,No hubieron propuestas,7,null,0,15,0,0
2025-03-06 12:27:22.842,PA05,1741274842834,1741274842842,CNP-1741274842833,No hubieron propuestas,8,null,0,15,0,0
2025-03-06 12:27:22.842,PA01,1741274842837,1741274842842,CNP-1741274842837,No hubieron propuestas,5,null,0,15,0,0
2025-03-06 12:27:22.843,PA04,1741274842831,1741274842843,CNP-1741274842830,recibi inform. ganador acepto,12,Truck8,1,14,1,0
2025-03-06 12:27:24.846,PA04,1741274844835,1741274844846,CNP-1741274844834,No hubieron propuestas,11,null,0,15,0,0
2025-03-06 12:27:24.846,PA05,1741274844837,1741274844846,CNP-1741274844837,No hubieron propuestas,9,null,0,15,0,0
2025-03-06 12:27:24.846,PA02,1741274844837,1741274844846,CNP-1741274844837,No hubieron propuestas,9,null,0,15,0,0
2025-03-06 12:27:24.846,PA03,1741274844837,1741274844846,CNP-1741274844837,No hubieron propuestas,9,null,0,15,0,0
2025-03-06 12:27:24.847,PA01,1741274844839,1741274844846,CNP-1741274844839,No hubieron propuestas,7,null,0,15,0,0
2025-03-06 12:27:26.850,PA02,1741274846842,1741274846850,CNP-1741274846842,No hubieron propuestas,8,null,0,15,0,0
2025-03-06 12:27:26.851,PA05,1741274846840,1741274846851,CNP-1741274846839,No hubieron propuestas,11,null,0,15,0,0
2025-03-06 12:27:26.851,PA03,1741274846840,1741274846851,CNP-1741274846839,No hubieron propuestas,11,null,0,15,0,0
2025-03-06 12:27:26.851,PA04,1741274846840,1741274846851,CNP-1741274846839,No hubieron propuestas,11,null,0,15,0,0
2025-03-06 12:27:26.851,PA01,1741274846844,1741274846851,CNP-1741274846844,No hubieron propuestas,7,null,0,15,0,0
2025-03-06 12:27:28.858,PA05,1741274848844,1741274848858,CNP-1741274848844,No hubieron propuestas,14,null,0,15,0,0
2025-03-06 12:27:28.858,PA03,1741274848844,1741274848858,CNP-1741274848844,No hubieron propuestas,14,null,0,15,0,0
2025-03-06 12:27:28.858,PA01,1741274848850,1741274848858,CNP-1741274848849,No hubieron propuestas,8,null,0,15,0,0
2025-03-06 12:27:28.858,PA02,1741274848844,1741274848858,CNP-1741274848844,No hubieron propuestas,14,null,0,15,0,0
2025-03-06 12:27:28.858,PA04,1741274848844,1741274848858,CNP-1741274848844,No hubieron propuestas,14,null,0,15,0,0
2025-03-06 12:27:30.856,PA05,1741274850849,1741274850856,CNP-1741274850847,No hubieron propuestas,7,null,0,15,0,0
2025-03-06 12:27:30.857,PA04,1741274850845,1741274850857,CNP-1741274850845,No hubieron propuestas,12,null,0,15,0,0
2025-03-06 12:27:30.857,PA02,1741274850849,1741274850857,CNP-1741274850849,No hubieron propuestas,8,null,0,15,0,0
2025-03-06 12:27:30.857,PA03,1741274850848,1741274850857,CNP-1741274850848,No hubieron propuestas,9,null,0,15,0,0
2025-03-06 12:27:30.857,PA01,1741274850851,1741274850857,CNP-1741274850851,No hubieron propuestas,6,null,0,15,0,0
2025-03-06 12:27:32.862,PA01,1741274852854,1741274852862,CNP-1741274852854,No hubieron propuestas,8,null,0,15,0,0
2025-03-06 12:27:32.862,PA03,1741274852851,1741274852862,CNP-1741274852851,No hubieron propuestas,11,null,0,15,0,0
2025-03-06 12:27:32.862,PA04,1741274852851,1741274852862,CNP-1741274852851,No hubieron propuestas,11,null,0,15,0,0
2025-03-06 12:27:32.862,PA05,1741274852851,1741274852862,CNP-1741274852851,No hubieron propuestas,11,null,0,15,0,0
2025-03-06 12:27:32.862,PA02,1741274852854,1741274852862,CNP-1741274852854,No hubieron propuestas,8,null,0,15,0,0
2025-03-06 12:27:34.864,PA04,1741274854855,1741274854864,CNP-1741274854855,No hubieron propuestas,9,null,0,15,0,0
2025-03-06 12:27:34.864,PA03,1741274854853,1741274854864,CNP-1741274854853,No hubieron propuestas,11,null,0,15,0,0
2025-03-06 12:27:34.864,PA02,1741274854856,1741274854864,CNP-1741274854856,No hubieron propuestas,8,null,0,15,0,0
2025-03-06 12:27:34.864,PA05,1741274854855,1741274854864,CNP-1741274854855,No hubieron propuestas,9,null,0,15,0,0
2025-03-06 12:27:34.865,PA01,1741274854857,1741274854864,CNP-1741274854857,No hubieron propuestas,7,null,0,15,0,0
2025-03-06 12:27:36.869,PA04,1741274856859,1741274856869,CNP-1741274856859,No hubieron propuestas,10,null,0,15,0,0
2025-03-06 12:27:36.869,PA05,1741274856860,1741274856869,CNP-1741274856859,No hubieron propuestas,9,null,0,15,0,0
2025-03-06 12:27:36.869,PA03,1741274856858,1741274856869,CNP-1741274856857,No hubieron propuestas,11,null,0,15,0,0
2025-03-06 12:27:36.870,PA02,1741274856862,1741274856870,CNP-1741274856862,No hubieron propuestas,8,null,0,15,0,0
2025-03-06 12:27:36.870,PA01,1741274856863,1741274856870,CNP-1741274856863,No hubieron propuestas,7,null,0,15,0,0
2025-03-06 12:27:38.869,PA04,1741274858860,1741274858869,CNP-1741274858860,No hubieron propuestas,9,null,0,15,0,0
2025-03-06 12:27:38.869,PA03,1741274858859,1741274858869,CNP-1741274858859,No hubieron propuestas,10,null,0,15,0,0
2025-03-06 12:27:38.870,PA02,1741274858863,1741274858869,CNP-1741274858863,No hubieron propuestas,6,null,0,15,0,0
2025-03-06 12:27:38.870,PA01,1741274858864,1741274858870,CNP-1741274858864,No hubieron propuestas,6,null,0,15,0,0
2025-03-06 12:27:38.870,PA05,1741274858863,1741274858870,CNP-1741274858863,No hubieron propuestas,7,null,0,15,0,0
2025-03-06 12:27:40.873,PA02,1741274860865,1741274860873,CNP-1741274860865,No hubieron propuestas,8,null,0,15,0,0
2025-03-06 12:27:40.873,PA03,1741274860863,1741274860873,CNP-1741274860863,No hubieron propuestas,10,null,0,15,0,0
2025-03-06 12:27:40.873,PA05,1741274860865,1741274860873,CNP-1741274860865,No hubieron propuestas,8,null,0,15,0,0
2025-03-06 12:27:40.874,PA01,1741274860869,1741274860874,CNP-1741274860869,No hubieron propuestas,5,null,0,15,0,0
2025-03-06 12:27:40.874,PA04,1741274860863,1741274860874,CNP-1741274860863,recibi inform. ganador acepto,11,Truck13,1,14,1,0
2025-03-06 12:27:42.877,PA02,1741274862869,1741274862877,CNP-1741274862869,No hubieron propuestas,8,null,0,15,0,0
2025-03-06 12:27:42.877,PA03,1741274862867,1741274862877,CNP-1741274862867,No hubieron propuestas,10,null,0,15,0,0
2025-03-06 12:27:42.878,PA01,1741274862870,1741274862878,CNP-1741274862870,No hubieron propuestas,8,null,0,15,0,0
2025-03-06 12:27:42.878,PA05,1741274862868,1741274862878,CNP-1741274862867,No hubieron propuestas,10,null,0,15,0,0
2025-03-06 12:27:42.878,PA04,1741274862865,1741274862878,CNP-1741274862865,recibi inform. ganador acepto,13,Truck12,1,14,1,0
2025-03-06 12:27:44.886,PA03,1741274864872,1741274864886,CNP-1741274864872,No hubieron propuestas,14,null,0,15,0,0
2025-03-06 12:27:44.886,PA01,1741274864880,1741274864886,CNP-1741274864878,No hubieron propuestas,6,null,0,15,0,0
2025-03-06 12:27:44.886,PA05,1741274864872,1741274864886,CNP-1741274864872,No hubieron propuestas,14,null,0,15,0,0
2025-03-06 12:27:44.887,PA02,1741274864874,1741274864887,CNP-1741274864874,No hubieron propuestas,13,null,0,15,0,0
2025-03-06 12:27:44.887,PA04,1741274864872,1741274864887,CNP-1741274864872,recibi inform. ganador acepto,15,Truck9,1,14,1,0
2025-03-06 12:27:46.881,PA03,1741274866876,1741274866881,CNP-1741274866876,No hubieron propuestas,5,null,0,15,0,0
2025-03-06 12:27:46.881,PA05,1741274866876,1741274866881,CNP-1741274866876,No hubieron propuestas,5,null,0,15,0,0
2025-03-06 12:27:46.882,PA04,1741274866874,1741274866882,CNP-1741274866873,recibi inform. ganador acepto,8,Truck10,1,14,1,0
2025-03-06 12:27:46.886,PA02,1741274866884,1741274866886,CNP-1741274866884,No hubieron propuestas,2,null,0,15,0,0
2025-03-06 12:27:46.886,PA01,1741274866882,1741274866886,CNP-1741274866882,No hubieron propuestas,4,null,0,15,0,0
2025-03-06 12:27:48.890,PA04,1741274868879,1741274868890,CNP-1741274868879,No hubieron propuestas,11,null,0,15,0,0
2025-03-06 12:27:48.890,PA02,1741274868886,1741274868890,CNP-1741274868886,No hubieron propuestas,4,null,0,15,0,0
2025-03-06 12:27:48.890,PA01,1741274868885,1741274868890,CNP-1741274868884,No hubieron propuestas,5,null,0,15,0,0
2025-03-06 12:27:48.890,PA05,1741274868879,1741274868890,CNP-1741274868879,No hubieron propuestas,11,null,0,15,0,0
2025-03-06 12:27:48.890,PA03,1741274868879,1741274868890,CNP-1741274868879,No hubieron propuestas,11,null,0,15,0,0
2025-03-06 12:27:50.893,PA05,1741274870883,1741274870893,CNP-1741274870883,No hubieron propuestas,10,null,0,15,0,0
2025-03-06 12:27:50.893,PA01,1741274870887,1741274870893,CNP-1741274870887,No hubieron propuestas,6,null,0,15,0,0
2025-03-06 12:27:50.893,PA04,1741274870882,1741274870893,CNP-1741274870881,No hubieron propuestas,11,null,0,15,0,0
2025-03-06 12:27:50.893,PA03,1741274870884,1741274870893,CNP-1741274870883,No hubieron propuestas,9,null,0,15,0,0
2025-03-06 12:27:50.894,PA02,1741274870887,1741274870894,CNP-1741274870887,No hubieron propuestas,7,null,0,15,0,0
2025-03-06 12:27:52.895,PA04,1741274872884,1741274872895,CNP-1741274872884,No hubieron propuestas,11,null,0,15,0,0
2025-03-06 12:27:52.895,PA03,1741274872886,1741274872895,CNP-1741274872886,No hubieron propuestas,9,null,0,15,0,0
2025-03-06 12:27:52.895,PA05,1741274872886,1741274872895,CNP-1741274872886,No hubieron propuestas,9,null,0,15,0,0
2025-03-06 12:27:52.896,PA01,1741274872891,1741274872896,CNP-1741274872891,No hubieron propuestas,5,null,0,15,0,0
2025-03-06 12:27:52.896,PA02,1741274872893,1741274872896,CNP-1741274872893,No hubieron propuestas,3,null,0,15,0,0
2025-03-06 12:27:54.898,PA04,1741274874887,1741274874898,CNP-1741274874887,No hubieron propuestas,11,null,0,15,0,0
2025-03-06 12:27:54.898,PA05,1741274874887,1741274874898,CNP-1741274874887,No hubieron propuestas,11,null,0,15,0,0
2025-03-06 12:27:54.898,PA03,1741274874889,1741274874898,CNP-1741274874889,No hubieron propuestas,9,null,0,15,0,0
2025-03-06 12:27:54.899,PA02,1741274874894,1741274874899,CNP-1741274874894,No hubieron propuestas,5,null,0,15,0,0
2025-03-06 12:27:54.899,PA01,1741274874894,1741274874899,CNP-1741274874894,No hubieron propuestas,5,null,0,15,0,0
2025-03-06 12:27:56.900,PA04,1741274876890,1741274876900,CNP-1741274876890,No hubieron propuestas,10,null,0,15,0,0
2025-03-06 12:27:56.901,PA05,1741274876890,1741274876901,CNP-1741274876890,No hubieron propuestas,11,null,0,15,0,0
2025-03-06 12:27:56.901,PA03,1741274876892,1741274876901,CNP-1741274876891,No hubieron propuestas,9,null,0,15,0,0
2025-03-06 12:27:56.902,PA02,1741274876897,1741274876902,CNP-1741274876897,No hubieron propuestas,5,null,0,15,0,0
2025-03-06 12:27:56.902,PA01,1741274876897,1741274876901,CNP-1741274876897,No hubieron propuestas,4,null,0,15,0,0
2025-03-06 12:27:58.906,PA05,1741274878895,1741274878906,CNP-1741274878895,No hubieron propuestas,11,null,0,15,0,0
2025-03-06 12:27:58.906,PA04,1741274878895,1741274878906,CNP-1741274878895,No hubieron propuestas,11,null,0,15,0,0
2025-03-06 12:27:58.906,PA01,1741274878899,1741274878906,CNP-1741274878899,No hubieron propuestas,7,null,0,15,0,0
2025-03-06 12:27:58.906,PA03,1741274878895,1741274878906,CNP-1741274878895,No hubieron propuestas,11,null,0,15,0,0
2025-03-06 12:27:58.907,PA02,1741274878899,1741274878906,CNP-1741274878899,No hubieron propuestas,7,null,0,15,0,0
2025-03-06 12:28:00.909,PA02,1741274880902,1741274880909,CNP-1741274880902,No hubieron propuestas,7,null,0,15,0,0
2025-03-06 12:28:00.909,PA05,1741274880901,1741274880909,CNP-1741274880899,No hubieron propuestas,8,null,0,15,0,0
2025-03-06 12:28:00.909,PA03,1741274880898,1741274880909,CNP-1741274880898,No hubieron propuestas,11,null,0,15,0,0
2025-03-06 12:28:00.909,PA01,1741274880901,1741274880909,CNP-1741274880900,No hubieron propuestas,8,null,0,15,0,0
2025-03-06 12:28:00.910,PA04,1741274880899,1741274880910,CNP-1741274880899,recibi inform. ganador acepto,11,Truck11,2,13,1,0
2025-03-06 12:28:02.914,PA01,1741274882904,1741274882914,CNP-1741274882904,No hubieron propuestas,10,null,0,15,0,0
2025-03-06 12:28:02.914,PA03,1741274882903,1741274882914,CNP-1741274882902,No hubieron propuestas,11,null,0,15,0,0
2025-03-06 12:28:02.914,PA02,1741274882908,1741274882914,CNP-1741274882908,No hubieron propuestas,6,null,0,15,0,0
2025-03-06 12:28:02.914,PA05,1741274882903,1741274882914,CNP-1741274882902,No hubieron propuestas,11,null,0,15,0,0
2025-03-06 12:28:02.915,PA04,1741274882903,1741274882915,CNP-1741274882902,recibi inform. ganador acepto,12,Truck1,1,14,1,0
2025-03-06 12:28:04.915,PA03,1741274884904,1741274884915,CNP-1741274884904,No hubieron propuestas,11,null,0,15,0,0
2025-03-06 12:28:04.916,PA01,1741274884907,1741274884916,CNP-1741274884907,No hubieron propuestas,9,null,0,15,0,0
2025-03-06 12:28:04.916,PA04,1741274884906,1741274884916,CNP-1741274884905,No hubieron propuestas,10,null,0,15,0,0
2025-03-06 12:28:04.916,PA02,1741274884911,1741274884916,CNP-1741274884911,No hubieron propuestas,5,null,0,15,0,0
2025-03-06 12:28:04.916,PA05,1741274884907,1741274884916,CNP-1741274884907,No hubieron propuestas,9,null,0,15,0,0
2025-03-06 12:28:06.926,PA05,1741274886913,1741274886926,CNP-1741274886913,No hubieron propuestas,13,null,0,15,0,0
2025-03-06 12:28:06.926,PA02,1741274886914,1741274886926,CNP-1741274886914,No hubieron propuestas,12,null,0,15,0,0
2025-03-06 12:28:06.926,PA01,1741274886912,1741274886926,CNP-1741274886912,No hubieron propuestas,14,null,0,15,0,0
2025-03-06 12:28:06.926,PA03,1741274886909,1741274886926,CNP-1741274886908,No hubieron propuestas,17,null,0,15,0,0
2025-03-06 12:28:06.926,PA04,1741274886912,1741274886926,CNP-1741274886910,No hubieron propuestas,14,null,0,15,0,0
2025-03-06 12:28:08.923,PA03,1741274888911,1741274888923,CNP-1741274888911,No hubieron propuestas,12,null,0,15,0,0
2025-03-06 12:28:08.925,PA05,1741274888914,1741274888925,CNP-1741274888914,No hubieron propuestas,11,null,0,15,0,0
2025-03-06 12:28:08.925,PA04,1741274888914,1741274888925,CNP-1741274888914,No hubieron propuestas,11,null,0,15,0,0
2025-03-06 12:28:08.925,PA01,1741274888916,1741274888925,CNP-1741274888915,No hubieron propuestas,9,null,0,15,0,0
2025-03-06 12:28:08.925,PA02,1741274888917,1741274888925,CNP-1741274888917,No hubieron propuestas,8,null,0,15,0,0
2025-03-06 12:28:10.928,PA03,1741274890917,1741274890928,CNP-1741274890917,No hubieron propuestas,11,null,0,15,0,0
2025-03-06 12:28:10.929,PA02,1741274890920,1741274890929,CNP-1741274890920,No hubieron propuestas,9,null,0,15,0,0
2025-03-06 12:28:10.929,PA01,1741274890920,1741274890929,CNP-1741274890919,No hubieron propuestas,9,null,0,15,0,0
2025-03-06 12:28:10.929,PA05,1741274890917,1741274890929,CNP-1741274890917,No hubieron propuestas,12,null,0,15,0,0
2025-03-06 12:28:10.929,PA04,1741274890917,1741274890929,CNP-1741274890917,recibi inform. ganador acepto,12,Truck3,1,14,1,0
2025-03-06 12:28:12.932,PA03,1741274892920,1741274892932,CNP-1741274892920,No hubieron propuestas,12,null,0,15,0,0
2025-03-06 12:28:12.932,PA04,1741274892921,1741274892932,CNP-1741274892921,No hubieron propuestas,11,null,0,15,0,0
2025-03-06 12:28:12.932,PA02,1741274892925,1741274892932,CNP-1741274892925,No hubieron propuestas,7,null,0,15,0,0
2025-03-06 12:28:12.932,PA05,1741274892921,1741274892932,CNP-1741274892921,No hubieron propuestas,11,null,0,15,0,0
2025-03-06 12:28:12.932,PA01,1741274892922,1741274892932,CNP-1741274892922,No hubieron propuestas,10,null,0,15,0,0
2025-03-06 12:28:14.935,PA03,1741274894924,1741274894935,CNP-1741274894924,No hubieron propuestas,11,null,0,15,0,0
2025-03-06 12:28:14.935,PA05,1741274894924,1741274894935,CNP-1741274894924,No hubieron propuestas,11,null,0,15,0,0
2025-03-06 12:28:14.935,PA04,1741274894924,1741274894935,CNP-1741274894924,No hubieron propuestas,11,null,0,15,0,0
2025-03-06 12:28:14.935,PA01,1741274894926,1741274894935,CNP-1741274894926,No hubieron propuestas,9,null,0,15,0,0
2025-03-06 12:28:14.935,PA02,1741274894929,1741274894935,CNP-1741274894929,No hubieron propuestas,6,null,0,15,0,0
2025-03-06 12:28:16.940,PA03,1741274896926,1741274896940,CNP-1741274896926,No hubieron propuestas,14,null,0,15,0,0
2025-03-06 12:28:16.940,PA05,1741274896929,1741274896940,CNP-1741274896929,No hubieron propuestas,11,null,0,15,0,0
2025-03-06 12:28:16.940,PA01,1741274896929,1741274896940,CNP-1741274896929,No hubieron propuestas,11,null,0,15,0,0
2025-03-06 12:28:16.940,PA02,1741274896934,1741274896940,CNP-1741274896934,No hubieron propuestas,6,null,0,15,0,0
2025-03-06 12:28:16.941,PA04,1741274896928,1741274896941,CNP-1741274896927,recibi inform. ganador acepto,13,Truck0,1,14,1,0
2025-03-06 12:28:18.942,PA05,1741274898935,1741274898942,CNP-1741274898935,No hubieron propuestas,7,null,0,15,0,0
2025-03-06 12:28:18.942,PA03,1741274898931,1741274898942,CNP-1741274898931,No hubieron propuestas,11,null,0,15,0,0
2025-03-06 12:28:18.942,PA01,1741274898935,1741274898942,CNP-1741274898935,No hubieron propuestas,7,null,0,15,0,0
2025-03-06 12:28:18.942,PA02,1741274898936,1741274898942,CNP-1741274898936,No hubieron propuestas,6,null,0,15,0,0
2025-03-06 12:28:18.943,PA04,1741274898933,1741274898943,CNP-1741274898932,recibi inform. ganador acepto,10,Truck5,2,13,1,0
2025-03-06 12:28:20.944,PA03,1741274900934,1741274900944,CNP-1741274900933,No hubieron propuestas,10,null,0,15,0,0
2025-03-06 12:28:20.944,PA05,1741274900936,1741274900944,CNP-1741274900936,No hubieron propuestas,8,null,0,15,0,0
2025-03-06 12:28:20.945,PA01,1741274900938,1741274900945,CNP-1741274900938,No hubieron propuestas,7,null,0,15,0,0
2025-03-06 12:28:20.945,PA02,1741274900938,1741274900945,CNP-1741274900938,No hubieron propuestas,7,null,0,15,0,0
2025-03-06 12:28:20.945,PA04,1741274900936,1741274900945,CNP-1741274900935,recibi inform. ganador acepto,9,Truck6,2,13,1,0
2025-03-06 12:28:22.951,PA01,1741274902940,1741274902951,CNP-1741274902940,No hubieron propuestas,11,null,0,15,0,0
2025-03-06 12:28:22.951,PA03,1741274902938,1741274902951,CNP-1741274902938,No hubieron propuestas,13,null,0,15,0,0
2025-03-06 12:28:22.951,PA02,1741274902942,1741274902951,CNP-1741274902942,No hubieron propuestas,9,null,0,15,0,0
2025-03-06 12:28:22.952,PA05,1741274902941,1741274902952,CNP-1741274902940,No hubieron propuestas,11,null,0,15,0,0
2025-03-06 12:28:22.952,PA04,1741274902938,1741274902952,CNP-1741274902938,recibi inform. ganador acepto,14,Truck4,1,14,1,0
2025-03-06 12:28:24.952,PA03,1741274904942,1741274904952,CNP-1741274904942,No hubieron propuestas,10,null,0,15,0,0
2025-03-06 12:28:24.953,PA01,1741274904941,1741274904953,CNP-1741274904941,No hubieron propuestas,12,null,0,15,0,0
2025-03-06 12:28:24.953,PA02,1741274904944,1741274904953,CNP-1741274904944,No hubieron propuestas,9,null,0,15,0,0
2025-03-06 12:28:24.953,PA05,1741274904944,1741274904953,CNP-1741274904944,No hubieron propuestas,9,null,0,15,0,0
2025-03-06 12:28:24.954,PA04,1741274904941,1741274904954,CNP-1741274904941,recibi inform. ganador acepto,13,Truck14,1,14,1,0
2025-03-06 12:28:26.957,PA03,1741274906945,1741274906957,CNP-1741274906945,No hubieron propuestas,12,null,0,15,0,0
2025-03-06 12:28:26.957,PA04,1741274906945,1741274906957,CNP-1741274906945,No hubieron propuestas,12,null,0,15,0,0
2025-03-06 12:28:26.957,PA05,1741274906947,1741274906957,CNP-1741274906947,No hubieron propuestas,10,null,0,15,0,0
2025-03-06 12:28:26.958,PA01,1741274906945,1741274906958,CNP-1741274906945,No hubieron propuestas,13,null,0,15,0,0
2025-03-06 12:28:26.958,PA02,1741274906945,1741274906958,CNP-1741274906945,No hubieron propuestas,13,null,0,15,0,0
2025-03-06 12:28:28.962,PA01,1741274908949,1741274908962,CNP-1741274908949,No hubieron propuestas,13,null,0,15,0,0
2025-03-06 12:28:28.963,PA04,1741274908949,1741274908963,CNP-1741274908949,No hubieron propuestas,14,null,0,15,0,0
2025-03-06 12:28:28.963,PA02,1741274908953,1741274908963,CNP-1741274908953,No hubieron propuestas,10,null,0,15,0,0
2025-03-06 12:28:28.963,PA05,1741274908953,1741274908963,CNP-1741274908953,No hubieron propuestas,10,null,0,15,0,0
2025-03-06 12:28:28.963,PA03,1741274908949,1741274908963,CNP-1741274908949,No hubieron propuestas,14,null,0,15,0,0
2025-03-06 12:28:30.967,PA03,1741274910955,1741274910967,CNP-1741274910954,No hubieron propuestas,12,null,0,15,0,0
2025-03-06 12:28:30.967,PA01,1741274910955,1741274910967,CNP-1741274910954,No hubieron propuestas,12,null,0,15,0,0
2025-03-06 12:28:30.967,PA05,1741274910960,1741274910967,CNP-1741274910960,No hubieron propuestas,7,null,0,15,0,0
2025-03-06 12:28:30.967,PA04,1741274910955,1741274910967,CNP-1741274910954,No hubieron propuestas,12,null,0,15,0,0
2025-03-06 12:28:30.967,PA02,1741274910957,1741274910967,CNP-1741274910956,No hubieron propuestas,10,null,0,15,0,0
2025-03-06 12:28:32.970,PA03,1741274912958,1741274912970,CNP-1741274912958,No hubieron propuestas,12,null,0,15,0,0
2025-03-06 12:28:32.970,PA04,1741274912958,1741274912970,CNP-1741274912958,No hubieron propuestas,12,null,0,15,0,0
2025-03-06 12:28:32.970,PA01,1741274912960,1741274912970,CNP-1741274912960,No hubieron propuestas,10,null,0,15,0,0
2025-03-06 12:28:32.970,PA02,1741274912960,1741274912970,CNP-1741274912960,No hubieron propuestas,10,null,0,15,0,0
2025-03-06 12:28:32.971,PA05,1741274912962,1741274912971,CNP-1741274912962,No hubieron propuestas,9,null,0,15,0,0
2025-03-06 12:28:34.980,PA04,1741274914962,1741274914980,CNP-1741274914962,No hubieron propuestas,18,null,0,15,0,0
2025-03-06 12:28:34.980,PA03,1741274914962,1741274914980,CNP-1741274914962,No hubieron propuestas,18,null,0,15,0,0
2025-03-06 12:28:34.980,PA01,1741274914962,1741274914980,CNP-1741274914962,No hubieron propuestas,18,null,0,15,0,0
2025-03-06 12:28:34.980,PA02,1741274914965,1741274914980,CNP-1741274914964,No hubieron propuestas,15,null,0,15,0,0
2025-03-06 12:28:34.981,PA05,1741274914966,1741274914981,CNP-1741274914965,No hubieron propuestas,15,null,0,15,0,0
2025-03-06 12:28:36.977,PA01,1741274916968,1741274916977,CNP-1741274916966,No hubieron propuestas,9,null,0,15,0,0
2025-03-06 12:28:36.977,PA04,1741274916965,1741274916977,CNP-1741274916965,No hubieron propuestas,12,null,0,15,0,0
2025-03-06 12:28:36.977,PA03,1741274916965,1741274916977,CNP-1741274916965,No hubieron propuestas,12,null,0,15,0,0
2025-03-06 12:28:36.978,PA05,1741274916968,1741274916978,CNP-1741274916968,No hubieron propuestas,10,null,0,15,0,0
2025-03-06 12:28:36.978,PA02,1741274916968,1741274916978,CNP-1741274916968,No hubieron propuestas,10,null,0,15,0,0
2025-03-06 12:28:38.981,PA04,1741274918970,1741274918981,CNP-1741274918969,No hubieron propuestas,11,null,0,15,0,0
2025-03-06 12:28:38.982,PA03,1741274918970,1741274918982,CNP-1741274918969,No hubieron propuestas,12,null,0,15,0,0
2025-03-06 12:28:38.982,PA01,1741274918971,1741274918982,CNP-1741274918971,No hubieron propuestas,11,null,0,15,0,0
2025-03-06 12:28:38.982,PA05,1741274918972,1741274918982,CNP-1741274918971,No hubieron propuestas,10,null,0,15,0,0
2025-03-06 12:28:38.982,PA02,1741274918974,1741274918982,CNP-1741274918974,No hubieron propuestas,8,null,0,15,0,0
2025-03-06 12:28:40.984,PA01,1741274920975,1741274920983,CNP-1741274920975,No hubieron propuestas,8,null,0,15,0,0
2025-03-06 12:28:40.984,PA05,1741274920975,1741274920984,CNP-1741274920975,No hubieron propuestas,9,null,0,15,0,0
2025-03-06 12:28:40.984,PA02,1741274920977,1741274920984,CNP-1741274920976,No hubieron propuestas,7,null,0,15,0,0
2025-03-06 12:28:40.984,PA03,1741274920974,1741274920984,CNP-1741274920974,No hubieron propuestas,10,null,0,15,0,0
2025-03-06 12:28:40.985,PA04,1741274920972,1741274920985,CNP-1741274920971,recibi inform. ganador acepto,13,Truck8,1,14,1,0
2025-03-06 12:28:42.987,PA01,1741274922977,1741274922987,CNP-1741274922977,No hubieron propuestas,10,null,0,15,0,0
2025-03-06 12:28:42.987,PA02,1741274922979,1741274922987,CNP-1741274922979,No hubieron propuestas,8,null,0,15,0,0
2025-03-06 12:28:42.988,PA04,1741274922977,1741274922988,CNP-1741274922977,No hubieron propuestas,11,null,0,15,0,0
2025-03-06 12:28:42.988,PA05,1741274922979,1741274922988,CNP-1741274922979,No hubieron propuestas,9,null,0,15,0,0
2025-03-06 12:28:42.988,PA03,1741274922977,1741274922988,CNP-1741274922977,No hubieron propuestas,11,null,0,15,0,0
2025-03-06 12:28:44.988,PA03,1741274924979,1741274924988,CNP-1741274924979,No hubieron propuestas,9,null,0,15,0,0
2025-03-06 12:28:44.988,PA01,1741274924980,1741274924988,CNP-1741274924980,No hubieron propuestas,8,null,0,15,0,0
2025-03-06 12:28:44.988,PA02,1741274924982,1741274924988,CNP-1741274924982,No hubieron propuestas,6,null,0,15,0,0
2025-03-06 12:28:44.989,PA04,1741274924984,1741274924989,CNP-1741274924984,No hubieron propuestas,5,null,0,15,0,0
2025-03-06 12:28:44.989,PA05,1741274924986,1741274924989,CNP-1741274924986,No hubieron propuestas,3,null,0,15,0,0
2025-03-06 12:28:46.989,PA01,1741274926986,1741274926989,CNP-1741274926986,No hubieron propuestas,3,null,0,15,0,0
2025-03-06 12:28:46.993,PA03,1741274926984,1741274926992,CNP-1741274926984,No hubieron propuestas,8,null,0,15,0,0
2025-03-06 12:28:46.993,PA02,1741274926987,1741274926993,CNP-1741274926987,No hubieron propuestas,6,null,0,15,0,0
2025-03-06 12:28:46.994,PA04,1741274926988,1741274926994,CNP-1741274926988,No hubieron propuestas,6,null,0,15,0,0
2025-03-06 12:28:46.994,PA05,1741274926989,1741274926994,CNP-1741274926989,No hubieron propuestas,5,null,0,15,0,0
2025-03-06 12:28:48.997,PA03,1741274928986,1741274928997,CNP-1741274928986,No hubieron propuestas,11,null,0,15,0,0
2025-03-06 12:28:48.998,PA01,1741274928988,1741274928998,CNP-1741274928987,No hubieron propuestas,10,null,0,15,0,0
2025-03-06 12:28:48.999,PA02,1741274928990,1741274928999,CNP-1741274928990,No hubieron propuestas,9,null,0,15,0,0
2025-03-06 12:28:48.999,PA04,1741274928992,1741274928999,CNP-1741274928991,No hubieron propuestas,7,null,0,15,0,0
2025-03-06 12:28:48.999,PA05,1741274928993,1741274928999,CNP-1741274928993,No hubieron propuestas,6,null,0,15,0,0
2025-03-06 12:28:51.007,PA03,1741274930991,1741274931007,CNP-1741274930991,No hubieron propuestas,16,null,0,15,0,0
2025-03-06 12:28:51.008,PA02,1741274930995,1741274931007,CNP-1741274930994,No hubieron propuestas,12,null,0,15,0,0
2025-03-06 12:28:51.008,PA01,1741274930991,1741274931008,CNP-1741274930991,No hubieron propuestas,17,null,0,15,0,0
2025-03-06 12:28:51.008,PA04,1741274930993,1741274931008,CNP-1741274930993,No hubieron propuestas,15,null,0,15,0,0
2025-03-06 12:28:51.008,PA05,1741274930998,1741274931008,CNP-1741274930998,No hubieron propuestas,10,null,0,15,0,0
2025-03-06 12:28:53.008,PA03,1741274932994,1741274933008,CNP-1741274932993,No hubieron propuestas,14,null,0,15,0,0
2025-03-06 12:28:53.008,PA04,1741274932995,1741274933008,CNP-1741274932995,No hubieron propuestas,13,null,0,15,0,0
2025-03-06 12:28:53.008,PA02,1741274932996,1741274933008,CNP-1741274932996,No hubieron propuestas,12,null,0,15,0,0
2025-03-06 12:28:53.008,PA01,1741274932995,1741274933008,CNP-1741274932995,No hubieron propuestas,13,null,0,15,0,0
2025-03-06 12:28:53.008,PA05,1741274933000,1741274933008,CNP-1741274933000,No hubieron propuestas,8,null,0,15,0,0
2025-03-06 12:28:55.009,PA05,1741274935003,1741274935009,CNP-1741274935003,No hubieron propuestas,6,null,0,15,0,0
2025-03-06 12:28:55.009,PA01,1741274934999,1741274935009,CNP-1741274934999,No hubieron propuestas,10,null,0,15,0,0
2025-03-06 12:28:55.009,PA02,1741274935002,1741274935009,CNP-1741274935002,No hubieron propuestas,7,null,0,15,0,0
2025-03-06 12:28:55.009,PA03,1741274934999,1741274935009,CNP-1741274934999,No hubieron propuestas,10,null,0,15,0,0
2025-03-06 12:28:55.010,PA04,1741274934999,1741274935010,CNP-1741274934999,recibi inform. ganador acepto,11,Truck13,1,14,1,0
2025-03-06 12:28:57.020,PA01,1741274937002,1741274937020,CNP-1741274937002,No hubieron propuestas,18,null,0,15,0,0
2025-03-06 12:28:57.021,PA04,1741274937002,1741274937021,CNP-1741274937002,recibi inform. ganador acepto,19,Truck12,1,14,1,0
2025-03-06 12:28:57.021,PA02,1741274937005,1741274937021,CNP-1741274937005,No hubieron propuestas,16,null,0,15,0,0
2025-03-06 12:28:57.022,PA05,1741274937006,1741274937022,CNP-1741274937005,No hubieron propuestas,16,null,0,15,0,0
2025-03-06 12:28:57.022,PA03,1741274937006,1741274937022,CNP-1741274937005,No hubieron propuestas,16,null,0,15,0,0
2025-03-06 12:28:59.021,PA03,1741274939010,1741274939021,CNP-1741274939010,No hubieron propuestas,11,null,0,15,0,0
2025-03-06 12:28:59.021,PA02,1741274939010,1741274939021,CNP-1741274939010,No hubieron propuestas,11,null,0,15,0,0
2025-03-06 12:28:59.021,PA04,1741274939007,1741274939021,CNP-1741274939007,No hubieron propuestas,14,null,0,15,0,0
2025-03-06 12:28:59.021,PA05,1741274939013,1741274939021,CNP-1741274939013,No hubieron propuestas,8,null,0,15,0,0
2025-03-06 12:28:59.021,PA01,1741274939007,1741274939021,CNP-1741274939007,No hubieron propuestas,14,null,0,15,0,0
2025-03-06 12:29:01.021,PA04,1741274941010,1741274941021,CNP-1741274941010,No hubieron propuestas,11,null,0,15,0,0
2025-03-06 12:29:01.022,PA02,1741274941013,1741274941022,CNP-1741274941013,No hubieron propuestas,9,null,0,15,0,0
2025-03-06 12:29:01.022,PA03,1741274941012,1741274941022,CNP-1741274941012,No hubieron propuestas,10,null,0,15,0,0
2025-03-06 12:29:01.022,PA05,1741274941016,1741274941022,CNP-1741274941016,No hubieron propuestas,6,null,0,15,0,0
2025-03-06 12:29:01.022,PA01,1741274941008,1741274941022,CNP-1741274941008,No hubieron propuestas,14,null,0,15,0,0
2025-03-06 12:29:03.027,PA01,1741274943015,1741274943027,CNP-1741274943014,No hubieron propuestas,12,null,0,15,0,0
2025-03-06 12:29:03.027,PA02,1741274943016,1741274943027,CNP-1741274943016,No hubieron propuestas,11,null,0,15,0,0
2025-03-06 12:29:03.027,PA04,1741274943014,1741274943027,CNP-1741274943014,No hubieron propuestas,13,null,0,15,0,0
2025-03-06 12:29:03.027,PA03,1741274943014,1741274943027,CNP-1741274943014,No hubieron propuestas,13,null,0,15,0,0
2025-03-06 12:29:03.028,PA05,1741274943020,1741274943028,CNP-1741274943020,No hubieron propuestas,8,null,0,15,0,0
2025-03-06 12:29:05.035,PA04,1741274945017,1741274945035,CNP-1741274945017,No hubieron propuestas,18,null,0,15,0,0
2025-03-06 12:29:05.036,PA01,1741274945017,1741274945035,CNP-1741274945017,No hubieron propuestas,18,null,0,15,0,0
2025-03-06 12:29:05.036,PA03,1741274945020,1741274945036,CNP-1741274945020,No hubieron propuestas,16,null,0,15,0,0
2025-03-06 12:29:05.036,PA05,1741274945021,1741274945036,CNP-1741274945021,No hubieron propuestas,15,null,0,15,0,0
2025-03-06 12:29:05.037,PA02,1741274945020,1741274945037,CNP-1741274945020,No hubieron propuestas,17,null,0,15,0,0
2025-03-06 12:29:07.033,PA04,1741274947020,1741274947033,CNP-1741274947020,No hubieron propuestas,13,null,0,15,0,0
2025-03-06 12:29:07.033,PA01,1741274947022,1741274947033,CNP-1741274947022,No hubieron propuestas,11,null,0,15,0,0
2025-03-06 12:29:07.033,PA02,1741274947027,1741274947033,CNP-1741274947027,No hubieron propuestas,6,null,0,15,0,0
2025-03-06 12:29:07.033,PA05,1741274947025,1741274947033,CNP-1741274947025,No hubieron propuestas,8,null,0,15,0,0
2025-03-06 12:29:07.033,PA03,1741274947023,1741274947033,CNP-1741274947023,No hubieron propuestas,10,null,0,15,0,0
2025-03-06 12:29:09.039,PA04,1741274949027,1741274949039,CNP-1741274949026,No hubieron propuestas,12,null,0,15,0,0
2025-03-06 12:29:09.039,PA03,1741274949027,1741274949039,CNP-1741274949026,No hubieron propuestas,12,null,0,15,0,0
2025-03-06 12:29:09.039,PA02,1741274949029,1741274949039,CNP-1741274949029,No hubieron propuestas,10,null,0,15,0,0
2025-03-06 12:29:09.040,PA01,1741274949027,1741274949039,CNP-1741274949026,No hubieron propuestas,12,null,0,15,0,0
2025-03-06 12:29:09.040,PA05,1741274949028,1741274949040,CNP-1741274949028,No hubieron propuestas,12,null,0,15,0,0
2025-03-06 12:29:11.041,PA03,1741274951028,1741274951041,CNP-1741274951028,No hubieron propuestas,13,null,0,15,0,0
2025-03-06 12:29:11.041,PA04,1741274951030,1741274951041,CNP-1741274951030,No hubieron propuestas,11,null,0,15,0,0
2025-03-06 12:29:11.041,PA01,1741274951030,1741274951041,CNP-1741274951030,No hubieron propuestas,11,null,0,15,0,0
2025-03-06 12:29:11.041,PA02,1741274951035,1741274951041,CNP-1741274951035,No hubieron propuestas,6,null,0,15,0,0
2025-03-06 12:29:11.041,PA05,1741274951033,1741274951041,CNP-1741274951033,No hubieron propuestas,8,null,0,15,0,0
2025-03-06 12:29:13.047,PA03,1741274953034,1741274953047,CNP-1741274953034,No hubieron propuestas,13,null,0,15,0,0
2025-03-06 12:29:13.047,PA04,1741274953034,1741274953047,CNP-1741274953034,No hubieron propuestas,13,null,0,15,0,0
2025-03-06 12:29:13.047,PA05,1741274953034,1741274953047,CNP-1741274953034,No hubieron propuestas,13,null,0,15,0,0
2025-03-06 12:29:13.047,PA02,1741274953037,1741274953047,CNP-1741274953037,No hubieron propuestas,10,null,0,15,0,0
2025-03-06 12:29:13.047,PA01,1741274953036,1741274953047,CNP-1741274953035,No hubieron propuestas,11,null,0,15,0,0
2025-03-06 12:29:15.048,PA04,1741274955039,1741274955048,CNP-1741274955039,No hubieron propuestas,9,null,0,15,0,0
2025-03-06 12:29:15.048,PA03,1741274955037,1741274955048,CNP-1741274955037,No hubieron propuestas,11,null,0,15,0,0
2025-03-06 12:29:15.048,PA05,1741274955037,1741274955048,CNP-1741274955037,No hubieron propuestas,11,null,0,15,0,0
2025-03-06 12:29:15.048,PA01,1741274955040,1741274955048,CNP-1741274955040,No hubieron propuestas,8,null,0,15,0,0
2025-03-06 12:29:15.049,PA02,1741274955040,1741274955049,CNP-1741274955040,No hubieron propuestas,9,null,0,15,0,0
2025-03-06 12:29:17.055,PA03,1741274957040,1741274957055,CNP-1741274957040,No hubieron propuestas,15,null,0,15,0,0
2025-03-06 12:29:17.055,PA01,1741274957042,1741274957055,CNP-1741274957042,No hubieron propuestas,13,null,0,15,0,0
2025-03-06 12:29:17.055,PA05,1741274957042,1741274957055,CNP-1741274957042,No hubieron propuestas,13,null,0,15,0,0
2025-03-06 12:29:17.055,PA02,1741274957046,1741274957055,CNP-1741274957046,No hubieron propuestas,9,null,0,15,0,0
2025-03-06 12:29:17.056,PA04,1741274957040,1741274957056,CNP-1741274957040,recibi inform. ganador acepto,16,Truck9,2,13,1,0
2025-03-06 12:29:19.053,PA03,1741274959043,1741274959053,CNP-1741274959043,No hubieron propuestas,10,null,0,15,0,0
2025-03-06 12:29:19.054,PA01,1741274959045,1741274959054,CNP-1741274959044,No hubieron propuestas,9,null,0,15,0,0
2025-03-06 12:29:19.054,PA05,1741274959046,1741274959054,CNP-1741274959046,No hubieron propuestas,8,null,0,15,0,0
2025-03-06 12:29:19.054,PA02,1741274959047,1741274959054,CNP-1741274959047,No hubieron propuestas,7,null,0,15,0,0
2025-03-06 12:29:19.055,PA04,1741274959046,1741274959055,CNP-1741274959046,recibi inform. ganador acepto,9,Truck10,2,13,1,0
2025-03-06 12:29:21.058,PA01,1741274961047,1741274961058,CNP-1741274961047,No hubieron propuestas,11,null,0,15,0,0
2025-03-06 12:29:21.058,PA05,1741274961049,1741274961058,CNP-1741274961049,No hubieron propuestas,9,null,0,15,0,0
2025-03-06 12:29:21.058,PA02,1741274961053,1741274961058,CNP-1741274961053,No hubieron propuestas,5,null,0,15,0,0
2025-03-06 12:29:21.058,PA03,1741274961047,1741274961058,CNP-1741274961047,No hubieron propuestas,11,null,0,15,0,0
2025-03-06 12:29:21.059,PA04,1741274961049,1741274961059,CNP-1741274961049,recibi inform. ganador acepto,10,Truck11,1,14,1,0
2025-03-06 12:29:23.059,PA01,1741274963048,1741274963059,CNP-1741274963048,No hubieron propuestas,11,null,0,15,0,0
2025-03-06 12:29:23.060,PA04,1741274963052,1741274963059,CNP-1741274963052,No hubieron propuestas,7,null,0,15,0,0
2025-03-06 12:29:23.060,PA05,1741274963052,1741274963059,CNP-1741274963052,No hubieron propuestas,7,null,0,15,0,0
2025-03-06 12:29:23.060,PA03,1741274963050,1741274963060,CNP-1741274963050,No hubieron propuestas,10,null,0,15,0,0
2025-03-06 12:29:23.060,PA02,1741274963056,1741274963060,CNP-1741274963056,No hubieron propuestas,4,null,0,15,0,0
2025-03-06 12:29:25.070,PA03,1741274965056,1741274965070,CNP-1741274965056,No hubieron propuestas,14,null,0,15,0,0
2025-03-06 12:29:25.070,PA01,1741274965056,1741274965070,CNP-1741274965056,No hubieron propuestas,14,null,0,15,0,0
2025-03-06 12:29:25.070,PA02,1741274965059,1741274965070,CNP-1741274965058,No hubieron propuestas,11,null,0,15,0,0
2025-03-06 12:29:25.071,PA05,1741274965056,1741274965071,CNP-1741274965056,No hubieron propuestas,15,null,0,15,0,0
2025-03-06 12:29:25.071,PA04,1741274965056,1741274965071,CNP-1741274965056,recibi inform. ganador acepto,15,Truck1,1,14,1,0
2025-03-06 12:29:27.076,PA03,1741274967061,1741274967076,CNP-1741274967061,No hubieron propuestas,15,null,0,15,0,0
2025-03-06 12:29:27.076,PA05,1741274967061,1741274967076,CNP-1741274967061,No hubieron propuestas,15,null,0,15,0,0
2025-03-06 12:29:27.076,PA01,1741274967061,1741274967076,CNP-1741274967061,No hubieron propuestas,15,null,0,15,0,0
2025-03-06 12:29:27.076,PA02,1741274967061,1741274967076,CNP-1741274967061,No hubieron propuestas,15,null,0,15,0,0
2025-03-06 12:29:27.076,PA04,1741274967061,1741274967076,CNP-1741274967061,recibi inform. ganador acepto,15,Truck5,1,14,1,0
2025-03-06 12:29:29.080,PA01,1741274969070,1741274969080,CNP-1741274969070,No hubieron propuestas,10,null,0,15,0,0
2025-03-06 12:29:29.080,PA05,1741274969070,1741274969080,CNP-1741274969070,No hubieron propuestas,10,null,0,15,0,0
2025-03-06 12:29:29.080,PA03,1741274969070,1741274969080,CNP-1741274969070,No hubieron propuestas,10,null,0,15,0,0
2025-03-06 12:29:29.081,PA02,1741274969071,1741274969081,CNP-1741274969070,No hubieron propuestas,10,null,0,15,0,0
2025-03-06 12:29:29.081,PA04,1741274969070,1741274969081,CNP-1741274969070,recibi inform. ganador acepto,11,Truck4,1,14,1,0
2025-03-06 12:29:31.089,PA01,1741274971077,1741274971089,CNP-1741274971077,No hubieron propuestas,12,null,0,15,0,0
2025-03-06 12:29:31.089,PA02,1741274971079,1741274971089,CNP-1741274971079,No hubieron propuestas,10,null,0,15,0,0
2025-03-06 12:29:31.089,PA05,1741274971077,1741274971089,CNP-1741274971077,No hubieron propuestas,12,null,0,15,0,0
2025-03-06 12:29:31.089,PA03,1741274971077,1741274971089,CNP-1741274971077,No hubieron propuestas,12,null,0,15,0,0
2025-03-06 12:29:31.090,PA04,1741274971077,1741274971090,CNP-1741274971077,recibi inform. ganador acepto,13,Truck6,1,14,1,0
2025-03-06 12:29:33.094,PA03,1741274973083,1741274973094,CNP-1741274973083,No hubieron propuestas,11,null,0,15,0,0
2025-03-06 12:29:33.094,PA01,1741274973083,1741274973094,CNP-1741274973082,No hubieron propuestas,11,null,0,15,0,0
2025-03-06 12:29:33.094,PA05,1741274973083,1741274973094,CNP-1741274973083,No hubieron propuestas,11,null,0,15,0,0
2025-03-06 12:29:33.094,PA02,1741274973083,1741274973094,CNP-1741274973083,No hubieron propuestas,11,null,0,15,0,0
2025-03-06 12:29:33.095,PA04,1741274973083,1741274973095,CNP-1741274973083,recibi inform. ganador acepto,12,Truck3,2,13,1,0
2025-03-06 12:29:35.092,PA05,1741274975085,1741274975092,CNP-1741274975085,No hubieron propuestas,7,null,0,15,0,0
2025-03-06 12:29:35.093,PA03,1741274975084,1741274975093,CNP-1741274975084,No hubieron propuestas,9,null,0,15,0,0
2025-03-06 12:29:35.093,PA02,1741274975087,1741274975093,CNP-1741274975087,No hubieron propuestas,6,null,0,15,0,0
2025-03-06 12:29:35.094,PA01,1741274975090,1741274975094,CNP-1741274975090,No hubieron propuestas,4,null,0,15,0,0
2025-03-06 12:29:35.095,PA04,1741274975087,1741274975095,CNP-1741274975087,recibi inform. ganador acepto,8,Truck0,1,14,1,0
2025-03-06 12:29:37.093,PA05,1741274977088,1741274977093,CNP-1741274977088,No hubieron propuestas,5,null,0,15,0,0
2025-03-06 12:29:37.094,PA03,1741274977088,1741274977093,CNP-1741274977088,No hubieron propuestas,5,null,0,15,0,0
2025-03-06 12:29:37.094,PA04,1741274977091,1741274977094,CNP-1741274977091,No hubieron propuestas,3,null,0,15,0,0
2025-03-06 12:29:37.096,PA02,1741274977092,1741274977096,CNP-1741274977092,No hubieron propuestas,4,null,0,15,0,0
2025-03-06 12:29:37.096,PA01,1741274977094,1741274977096,CNP-1741274977094,No hubieron propuestas,2,null,0,15,0,0
2025-03-06 12:29:39.095,PA05,1741274979091,1741274979095,CNP-1741274979091,No hubieron propuestas,4,null,0,15,0,0
2025-03-06 12:29:39.095,PA03,1741274979092,1741274979095,CNP-1741274979092,No hubieron propuestas,3,null,0,15,0,0
2025-03-06 12:29:39.096,PA04,1741274979094,1741274979096,CNP-1741274979094,No hubieron propuestas,2,null,0,15,0,0
2025-03-06 12:29:39.097,PA02,1741274979095,1741274979097,CNP-1741274979095,No hubieron propuestas,2,null,0,15,0,0
2025-03-06 12:29:39.099,PA01,1741274979097,1741274979099,CNP-1741274979097,No hubieron propuestas,2,null,0,15,0,0
2025-03-06 12:29:41.112,PA02,1741274981098,1741274981112,CNP-1741274981098,No hubieron propuestas,14,null,0,15,0,0
2025-03-06 12:29:41.112,PA04,1741274981098,1741274981112,CNP-1741274981098,No hubieron propuestas,14,null,0,15,0,0
2025-03-06 12:29:41.112,PA05,1741274981098,1741274981112,CNP-1741274981098,No hubieron propuestas,14,null,0,15,0,0
2025-03-06 12:29:41.112,PA03,1741274981099,1741274981112,CNP-1741274981098,No hubieron propuestas,13,null,0,15,0,0
2025-03-06 12:29:41.113,PA01,1741274981100,1741274981113,CNP-1741274981100,No hubieron propuestas,13,null,0,15,0,0
2025-03-06 12:29:43.123,PA05,1741274983101,1741274983123,CNP-1741274983101,No hubieron propuestas,22,null,0,15,0,0
2025-03-06 12:29:43.123,PA03,1741274983103,1741274983123,CNP-1741274983103,No hubieron propuestas,20,null,0,15,0,0
2025-03-06 12:29:43.123,PA04,1741274983101,1741274983123,CNP-1741274983101,No hubieron propuestas,22,null,0,15,0,0
2025-03-06 12:29:43.123,PA02,1741274983100,1741274983123,CNP-1741274983100,No hubieron propuestas,23,null,0,15,0,0
2025-03-06 12:29:43.123,PA01,1741274983113,1741274983123,CNP-1741274983113,No hubieron propuestas,10,null,0,15,0,0
2025-03-06 12:29:45.122,PA04,1741274985106,1741274985122,CNP-1741274985106,No hubieron propuestas,16,null,0,15,0,0
2025-03-06 12:29:45.122,PA03,1741274985106,1741274985122,CNP-1741274985106,No hubieron propuestas,16,null,0,15,0,0
2025-03-06 12:29:45.122,PA02,1741274985110,1741274985122,CNP-1741274985110,No hubieron propuestas,12,null,0,15,0,0
2025-03-06 12:29:45.122,PA05,1741274985110,1741274985122,CNP-1741274985110,No hubieron propuestas,12,null,0,15,0,0
2025-03-06 12:29:45.123,PA01,1741274985115,1741274985122,CNP-1741274985115,No hubieron propuestas,7,null,0,15,0,0
2025-03-06 12:29:47.130,PA01,1741274987118,1741274987130,CNP-1741274987118,No hubieron propuestas,12,null,0,15,0,0
2025-03-06 12:29:47.130,PA03,1741274987118,1741274987130,CNP-1741274987118,No hubieron propuestas,12,null,0,15,0,0
2025-03-06 12:29:47.130,PA02,1741274987118,1741274987130,CNP-1741274987118,No hubieron propuestas,12,null,0,15,0,0
2025-03-06 12:29:47.130,PA04,1741274987118,1741274987130,CNP-1741274987118,No hubieron propuestas,12,null,0,15,0,0
2025-03-06 12:29:47.130,PA05,1741274987118,1741274987130,CNP-1741274987118,No hubieron propuestas,12,null,0,15,0,0
2025-03-06 12:29:49.132,PA04,1741274989120,1741274989132,CNP-1741274989120,No hubieron propuestas,12,null,0,15,0,0
2025-03-06 12:29:49.132,PA01,1741274989120,1741274989132,CNP-1741274989120,No hubieron propuestas,12,null,0,15,0,0
2025-03-06 12:29:49.132,PA02,1741274989122,1741274989132,CNP-1741274989122,No hubieron propuestas,10,null,0,15,0,0
2025-03-06 12:29:49.132,PA03,1741274989123,1741274989132,CNP-1741274989123,No hubieron propuestas,9,null,0,15,0,0
2025-03-06 12:29:49.133,PA05,1741274989125,1741274989133,CNP-1741274989124,No hubieron propuestas,8,null,0,15,0,0
2025-03-06 12:29:51.141,PA01,1741274991130,1741274991141,CNP-1741274991129,No hubieron propuestas,11,null,0,15,0,0
2025-03-06 12:29:51.141,PA05,1741274991130,1741274991141,CNP-1741274991130,No hubieron propuestas,11,null,0,15,0,0
2025-03-06 12:29:51.141,PA03,1741274991130,1741274991141,CNP-1741274991130,No hubieron propuestas,11,null,0,15,0,0
2025-03-06 12:29:51.141,PA02,1741274991130,1741274991141,CNP-1741274991130,No hubieron propuestas,11,null,0,15,0,0
2025-03-06 12:29:51.141,PA04,1741274991130,1741274991141,CNP-1741274991129,No hubieron propuestas,11,null,0,15,0,0
2025-03-06 12:29:53.145,PA04,1741274993138,1741274993145,CNP-1741274993138,No hubieron propuestas,7,null,0,15,0,0
2025-03-06 12:29:53.146,PA02,1741274993138,1741274993146,CNP-1741274993138,No hubieron propuestas,8,null,0,15,0,0
2025-03-06 12:29:53.146,PA05,1741274993138,1741274993146,CNP-1741274993138,No hubieron propuestas,8,null,0,15,0,0
2025-03-06 12:29:53.146,PA01,1741274993132,1741274993146,CNP-1741274993132,No hubieron propuestas,14,null,0,15,0,0
2025-03-06 12:29:53.146,PA03,1741274993132,1741274993146,CNP-1741274993132,No hubieron propuestas,14,null,0,15,0,0
2025-03-06 12:29:55.153,PA01,1741274995145,1741274995153,CNP-1741274995145,No hubieron propuestas,8,null,0,15,0,0
2025-03-06 12:29:55.154,PA03,1741274995142,1741274995154,CNP-1741274995142,No hubieron propuestas,12,null,0,15,0,0
2025-03-06 12:29:55.154,PA04,1741274995145,1741274995154,CNP-1741274995145,No hubieron propuestas,9,null,0,15,0,0
2025-03-06 12:29:55.154,PA02,1741274995142,1741274995154,CNP-1741274995142,No hubieron propuestas,12,null,0,15,0,0
2025-03-06 12:29:55.154,PA05,1741274995145,1741274995154,CNP-1741274995145,No hubieron propuestas,9,null,0,15,0,0
2025-03-06 12:29:57.156,PA02,1741274997145,1741274997156,CNP-1741274997144,No hubieron propuestas,11,null,0,15,0,0
2025-03-06 12:29:57.156,PA03,1741274997146,1741274997156,CNP-1741274997146,No hubieron propuestas,10,null,0,15,0,0
2025-03-06 12:29:57.156,PA05,1741274997148,1741274997156,CNP-1741274997148,No hubieron propuestas,8,null,0,15,0,0
2025-03-06 12:29:57.156,PA01,1741274997146,1741274997156,CNP-1741274997146,No hubieron propuestas,10,null,0,15,0,0
2025-03-06 12:29:57.159,PA04,1741274997149,1741274997159,CNP-1741274997149,recibi inform. ganador acepto,10,Truck14,1,14,1,0
2025-03-06 12:29:59.159,PA05,1741274999150,1741274999159,CNP-1741274999150,No hubieron propuestas,9,null,0,15,0,0
2025-03-06 12:29:59.159,PA02,1741274999148,1741274999159,CNP-1741274999148,No hubieron propuestas,11,null,0,15,0,0
2025-03-06 12:29:59.159,PA01,1741274999148,1741274999159,CNP-1741274999148,No hubieron propuestas,11,null,0,15,0,0
2025-03-06 12:29:59.159,PA03,1741274999148,1741274999159,CNP-1741274999148,No hubieron propuestas,11,null,0,15,0,0
2025-03-06 12:29:59.160,PA04,1741274999154,1741274999160,CNP-1741274999154,recibi inform. ganador acepto,6,Truck8,1,14,1,0
2025-03-06 12:30:01.167,PA05,1741275001156,1741275001167,CNP-1741275001156,No hubieron propuestas,11,null,0,15,0,0
2025-03-06 12:30:01.168,PA04,1741275001156,1741275001167,CNP-1741275001156,No hubieron propuestas,11,null,0,15,0,0
2025-03-06 12:30:01.168,PA02,1741275001157,1741275001168,CNP-1741275001156,No hubieron propuestas,11,null,0,15,0,0
2025-03-06 12:30:01.168,PA03,1741275001156,1741275001168,CNP-1741275001156,No hubieron propuestas,12,null,0,15,0,0
2025-03-06 12:30:01.168,PA01,1741275001156,1741275001168,CNP-1741275001156,No hubieron propuestas,12,null,0,15,0,0
2025-03-06 12:30:03.170,PA04,1741275003159,1741275003170,CNP-1741275003159,No hubieron propuestas,11,null,0,15,0,0
2025-03-06 12:30:03.170,PA05,1741275003161,1741275003170,CNP-1741275003161,No hubieron propuestas,9,null,0,15,0,0
2025-03-06 12:30:03.170,PA03,1741275003159,1741275003170,CNP-1741275003159,No hubieron propuestas,11,null,0,15,0,0
2025-03-06 12:30:03.170,PA02,1741275003162,1741275003170,CNP-1741275003162,No hubieron propuestas,8,null,0,15,0,0
2025-03-06 12:30:03.170,PA01,1741275003162,1741275003170,CNP-1741275003162,No hubieron propuestas,8,null,0,15,0,0
2025-03-06 12:30:05.182,PA05,1741275005169,1741275005181,CNP-1741275005169,No hubieron propuestas,12,null,0,15,0,0
2025-03-06 12:30:05.182,PA02,1741275005170,1741275005182,CNP-1741275005169,No hubieron propuestas,12,null,0,15,0,0
2025-03-06 12:30:05.182,PA03,1741275005169,1741275005182,CNP-1741275005169,No hubieron propuestas,13,null,0,15,0,0
2025-03-06 12:30:05.182,PA04,1741275005169,1741275005182,CNP-1741275005169,No hubieron propuestas,13,null,0,15,0,0
2025-03-06 12:30:05.182,PA01,1741275005170,1741275005182,CNP-1741275005169,No hubieron propuestas,12,null,0,15,0,0
2025-03-06 12:30:07.183,PA05,1741275007172,1741275007183,CNP-1741275007172,No hubieron propuestas,11,null,0,15,0,0
2025-03-06 12:30:07.183,PA03,1741275007172,1741275007183,CNP-1741275007172,No hubieron propuestas,11,null,0,15,0,0
2025-03-06 12:30:07.183,PA04,1741275007172,1741275007183,CNP-1741275007172,No hubieron propuestas,11,null,0,15,0,0
2025-03-06 12:30:07.183,PA02,1741275007174,1741275007183,CNP-1741275007174,No hubieron propuestas,9,null,0,15,0,0
2025-03-06 12:30:07.183,PA01,1741275007174,1741275007183,CNP-1741275007174,No hubieron propuestas,9,null,0,15,0,0
2025-03-06 12:30:09.194,PA03,1741275009183,1741275009194,CNP-1741275009183,No hubieron propuestas,11,null,0,15,0,0
2025-03-06 12:30:09.194,PA05,1741275009183,1741275009193,CNP-1741275009183,No hubieron propuestas,10,null,0,15,0,0
2025-03-06 12:30:09.194,PA01,1741275009183,1741275009194,CNP-1741275009183,No hubieron propuestas,11,null,0,15,0,0
2025-03-06 12:30:09.194,PA02,1741275009183,1741275009194,CNP-1741275009183,No hubieron propuestas,11,null,0,15,0,0
2025-03-06 12:30:09.195,PA04,1741275009183,1741275009195,CNP-1741275009183,recibi inform. ganador acepto,12,Truck13,1,14,1,0
2025-03-06 12:30:11.202,PA03,1741275011185,1741275011202,CNP-1741275011185,No hubieron propuestas,17,null,0,15,0,0
2025-03-06 12:30:11.203,PA02,1741275011187,1741275011203,CNP-1741275011187,No hubieron propuestas,16,null,0,15,0,0
2025-03-06 12:30:11.203,PA05,1741275011187,1741275011203,CNP-1741275011187,No hubieron propuestas,16,null,0,15,0,0
2025-03-06 12:30:11.203,PA01,1741275011188,1741275011203,CNP-1741275011188,No hubieron propuestas,15,null,0,15,0,0
2025-03-06 12:30:13.201,PA03,1741275013190,1741275013201,CNP-1741275013189,No hubieron propuestas,11,null,0,15,0,0
2025-03-06 12:30:13.201,PA05,1741275013192,1741275013201,CNP-1741275013191,No hubieron propuestas,9,null,0,15,0,0
2025-03-06 12:30:13.201,PA01,1741275013193,1741275013201,CNP-1741275013193,No hubieron propuestas,8,null,0,15,0,0
2025-03-06 12:30:13.201,PA02,1741275013192,1741275013201,CNP-1741275013191,No hubieron propuestas,9,null,0,15,0,0
2025-03-06 12:30:15.209,PA02,1741275015200,1741275015209,CNP-1741275015199,No hubieron propuestas,9,null,0,15,0,0
2025-03-06 12:30:15.209,PA05,1741275015200,1741275015209,CNP-1741275015199,No hubieron propuestas,9,null,0,15,0,0
2025-03-06 12:30:15.209,PA01,1741275015200,1741275015209,CNP-1741275015199,No hubieron propuestas,9,null,0,15,0,0
2025-03-06 12:30:15.210,PA03,1741275015200,1741275015210,CNP-1741275015199,No hubieron propuestas,10,null,0,15,0,0
2025-03-06 12:30:17.211,PA02,1741275017202,1741275017211,CNP-1741275017202,No hubieron propuestas,9,null,0,15,0,0
2025-03-06 12:30:17.211,PA05,1741275017202,1741275017211,CNP-1741275017202,No hubieron propuestas,9,null,0,15,0,0
2025-03-06 12:30:17.212,PA03,1741275017205,1741275017212,CNP-1741275017205,No hubieron propuestas,7,null,0,15,0,0
2025-03-06 12:30:17.212,PA01,1741275017204,1741275017212,CNP-1741275017203,No hubieron propuestas,8,null,0,15,0,0
2025-03-06 12:30:19.221,PA02,1741275019213,1741275019221,CNP-1741275019212,No hubieron propuestas,8,null,0,15,0,0
2025-03-06 12:30:19.222,PA01,1741275019213,1741275019222,CNP-1741275019212,No hubieron propuestas,9,null,0,15,0,0
2025-03-06 12:30:19.222,PA05,1741275019213,1741275019222,CNP-1741275019212,No hubieron propuestas,9,null,0,15,0,0
2025-03-06 12:30:19.222,PA03,1741275019213,1741275019222,CNP-1741275019212,No hubieron propuestas,9,null,0,15,0,0
2025-03-06 12:30:21.224,PA01,1741275021215,1741275021224,CNP-1741275021215,No hubieron propuestas,9,null,0,15,0,0
2025-03-06 12:30:21.224,PA05,1741275021217,1741275021224,CNP-1741275021217,No hubieron propuestas,7,null,0,15,0,0
2025-03-06 12:30:21.225,PA02,1741275021215,1741275021225,CNP-1741275021215,No hubieron propuestas,10,null,0,15,0,0
2025-03-06 12:30:21.225,PA03,1741275021218,1741275021225,CNP-1741275021218,No hubieron propuestas,7,null,0,15,0,0
2025-03-06 12:30:23.236,PA01,1741275023225,1741275023236,CNP-1741275023225,No hubieron propuestas,11,null,0,15,0,0
2025-03-06 12:30:23.236,PA05,1741275023225,1741275023236,CNP-1741275023225,No hubieron propuestas,11,null,0,15,0,0
2025-03-06 12:30:23.236,PA03,1741275023226,1741275023236,CNP-1741275023225,No hubieron propuestas,10,null,0,15,0,0
2025-03-06 12:30:23.236,PA02,1741275023225,1741275023236,CNP-1741275023225,No hubieron propuestas,11,null,0,15,0,0
2025-03-06 12:30:25.237,PA01,1741275025227,1741275025237,CNP-1741275025227,No hubieron propuestas,10,null,0,15,0,0
2025-03-06 12:30:25.238,PA05,1741275025227,1741275025238,CNP-1741275025227,No hubieron propuestas,11,null,0,15,0,0
2025-03-06 12:30:25.238,PA02,1741275025230,1741275025238,CNP-1741275025229,No hubieron propuestas,8,null,0,15,0,0
2025-03-06 12:30:25.238,PA03,1741275025229,1741275025238,CNP-1741275025229,No hubieron propuestas,9,null,0,15,0,0
2025-03-06 12:30:27.239,PA01,1741275027230,1741275027239,CNP-1741275027230,No hubieron propuestas,9,null,0,15,0,0
2025-03-06 12:30:27.239,PA03,1741275027230,1741275027239,CNP-1741275027230,No hubieron propuestas,9,null,0,15,0,0
2025-03-06 12:30:27.240,PA05,1741275027232,1741275027240,CNP-1741275027232,No hubieron propuestas,8,null,0,15,0,0
2025-03-06 12:30:27.240,PA02,1741275027232,1741275027240,CNP-1741275027232,No hubieron propuestas,8,null,0,15,0,0
2025-03-06 12:30:29.250,PA03,1741275029239,1741275029250,CNP-1741275029239,No hubieron propuestas,11,null,0,15,0,0
2025-03-06 12:30:29.250,PA01,1741275029239,1741275029250,CNP-1741275029239,No hubieron propuestas,11,null,0,15,0,0
2025-03-06 12:30:29.250,PA05,1741275029239,1741275029250,CNP-1741275029239,No hubieron propuestas,11,null,0,15,0,0
2025-03-06 12:30:29.250,PA02,1741275029239,1741275029250,CNP-1741275029239,No hubieron propuestas,11,null,0,15,0,0
2025-03-06 12:30:31.250,PA05,1741275031244,1741275031250,CNP-1741275031244,No hubieron propuestas,6,null,0,15,0,0
2025-03-06 12:30:31.250,PA03,1741275031242,1741275031250,CNP-1741275031242,No hubieron propuestas,8,null,0,15,0,0
2025-03-06 12:30:31.250,PA02,1741275031242,1741275031250,CNP-1741275031242,No hubieron propuestas,8,null,0,15,0,0
2025-03-06 12:30:31.250,PA01,1741275031240,1741275031250,CNP-1741275031240,No hubieron propuestas,10,null,0,15,0,0
2025-03-06 12:30:33.261,PA03,1741275033251,1741275033261,CNP-1741275033251,No hubieron propuestas,10,null,0,15,0,0
2025-03-06 12:30:33.262,PA01,1741275033251,1741275033262,CNP-1741275033251,No hubieron propuestas,11,null,0,15,0,0
2025-03-06 12:30:33.262,PA05,1741275033251,1741275033262,CNP-1741275033251,No hubieron propuestas,11,null,0,15,0,0
2025-03-06 12:30:33.262,PA02,1741275033251,1741275033262,CNP-1741275033251,No hubieron propuestas,11,null,0,15,0,0
2025-03-06 12:30:35.263,PA05,1741275035254,1741275035263,CNP-1741275035254,No hubieron propuestas,9,null,0,15,0,0
2025-03-06 12:30:35.263,PA03,1741275035254,1741275035263,CNP-1741275035254,No hubieron propuestas,9,null,0,15,0,0
2025-03-06 12:30:35.263,PA01,1741275035254,1741275035263,CNP-1741275035254,No hubieron propuestas,9,null,0,15,0,0
2025-03-06 12:30:35.263,PA02,1741275035256,1741275035263,CNP-1741275035256,No hubieron propuestas,7,null,0,15,0,0
2025-03-06 12:30:37.272,PA01,1741275037263,1741275037272,CNP-1741275037263,No hubieron propuestas,9,null,0,15,0,0
2025-03-06 12:30:37.272,PA03,1741275037263,1741275037272,CNP-1741275037263,No hubieron propuestas,9,null,0,15,0,0
2025-03-06 12:30:37.272,PA02,1741275037264,1741275037272,CNP-1741275037263,No hubieron propuestas,8,null,0,15,0,0
2025-03-06 12:30:37.272,PA05,1741275037263,1741275037272,CNP-1741275037263,No hubieron propuestas,9,null,0,15,0,0
2025-03-06 12:30:39.276,PA03,1741275039267,1741275039276,CNP-1741275039266,No hubieron propuestas,9,null,0,15,0,0
2025-03-06 12:30:39.276,PA05,1741275039268,1741275039276,CNP-1741275039268,No hubieron propuestas,8,null,0,15,0,0
2025-03-06 12:30:39.276,PA01,1741275039268,1741275039276,CNP-1741275039268,No hubieron propuestas,8,null,0,15,0,0
2025-03-06 12:30:39.276,PA02,1741275039267,1741275039276,CNP-1741275039266,No hubieron propuestas,9,null,0,15,0,0
2025-03-06 12:30:41.285,PA05,1741275041276,1741275041285,CNP-1741275041276,No hubieron propuestas,9,null,0,15,0,0
2025-03-06 12:30:41.285,PA03,1741275041276,1741275041285,CNP-1741275041276,No hubieron propuestas,9,null,0,15,0,0
2025-03-06 12:30:41.285,PA01,1741275041276,1741275041285,CNP-1741275041276,No hubieron propuestas,9,null,0,15,0,0
2025-03-06 12:30:41.285,PA02,1741275041276,1741275041285,CNP-1741275041276,No hubieron propuestas,9,null,0,15,0,0
2025-03-06 12:30:43.286,PA02,1741275043280,1741275043286,CNP-1741275043280,No hubieron propuestas,6,null,0,15,0,0
2025-03-06 12:30:43.286,PA05,1741275043277,1741275043286,CNP-1741275043277,No hubieron propuestas,9,null,0,15,0,0
2025-03-06 12:30:43.286,PA03,1741275043280,1741275043286,CNP-1741275043280,No hubieron propuestas,6,null,0,15,0,0
2025-03-06 12:30:43.286,PA01,1741275043279,1741275043286,CNP-1741275043279,No hubieron propuestas,7,null,0,15,0,0
2025-03-06 12:30:45.293,PA01,1741275045288,1741275045293,CNP-1741275045287,No hubieron propuestas,5,null,0,15,0,0
2025-03-06 12:30:45.294,PA03,1741275045288,1741275045294,CNP-1741275045287,No hubieron propuestas,6,null,0,15,0,0
2025-03-06 12:30:45.294,PA05,1741275045288,1741275045294,CNP-1741275045287,No hubieron propuestas,6,null,0,15,0,0
2025-03-06 12:30:45.294,PA02,1741275045288,1741275045294,CNP-1741275045287,No hubieron propuestas,6,null,0,15,0,0
2025-03-06 12:30:47.297,PA05,1741275047289,1741275047297,CNP-1741275047289,No hubieron propuestas,8,null,0,15,0,0
2025-03-06 12:30:47.297,PA03,1741275047290,1741275047297,CNP-1741275047290,No hubieron propuestas,7,null,0,15,0,0
2025-03-06 12:30:47.297,PA01,1741275047292,1741275047297,CNP-1741275047292,No hubieron propuestas,5,null,0,15,0,0
2025-03-06 12:30:47.297,PA02,1741275047292,1741275047297,CNP-1741275047292,No hubieron propuestas,5,null,0,15,0,0
2025-03-06 12:30:49.308,PA05,1741275049299,1741275049308,CNP-1741275049299,No hubieron propuestas,9,null,0,15,0,0
2025-03-06 12:30:49.308,PA02,1741275049299,1741275049308,CNP-1741275049299,No hubieron propuestas,9,null,0,15,0,0
2025-03-06 12:30:49.308,PA01,1741275049299,1741275049308,CNP-1741275049299,No hubieron propuestas,9,null,0,15,0,0
2025-03-06 12:30:49.308,PA03,1741275049299,1741275049308,CNP-1741275049299,No hubieron propuestas,9,null,0,15,0,0
2025-03-06 12:30:51.311,PA03,1741275051302,1741275051311,CNP-1741275051302,No hubieron propuestas,9,null,0,15,0,0
2025-03-06 12:30:51.311,PA05,1741275051301,1741275051311,CNP-1741275051300,No hubieron propuestas,10,null,0,15,0,0
2025-03-06 12:30:51.311,PA01,1741275051302,1741275051311,CNP-1741275051302,No hubieron propuestas,9,null,0,15,0,0
2025-03-06 12:30:51.311,PA02,1741275051304,1741275051311,CNP-1741275051304,No hubieron propuestas,7,null,0,15,0,0
2025-03-06 12:30:53.322,PA05,1741275053310,1741275053322,CNP-1741275053309,No hubieron propuestas,12,null,0,15,0,0
2025-03-06 12:30:53.322,PA02,1741275053309,1741275053322,CNP-1741275053309,No hubieron propuestas,13,null,0,15,0,0
2025-03-06 12:30:53.322,PA01,1741275053309,1741275053322,CNP-1741275053309,No hubieron propuestas,13,null,0,15,0,0
2025-03-06 12:30:53.323,PA03,1741275053310,1741275053323,CNP-1741275053309,No hubieron propuestas,13,null,0,15,0,0
2025-03-06 12:30:55.322,PA02,1741275055315,1741275055322,CNP-1741275055315,No hubieron propuestas,7,null,0,15,0,0
2025-03-06 12:30:55.322,PA03,1741275055315,1741275055322,CNP-1741275055315,No hubieron propuestas,7,null,0,15,0,0
2025-03-06 12:30:55.322,PA05,1741275055311,1741275055322,CNP-1741275055311,No hubieron propuestas,11,null,0,15,0,0
2025-03-06 12:30:55.322,PA01,1741275055315,1741275055322,CNP-1741275055315,No hubieron propuestas,7,null,0,15,0,0
2025-03-06 12:30:57.334,PA05,1741275057322,1741275057334,CNP-1741275057321,No hubieron propuestas,12,null,0,15,0,0
2025-03-06 12:30:57.334,PA02,1741275057322,1741275057334,CNP-1741275057321,No hubieron propuestas,12,null,0,15,0,0
2025-03-06 12:30:57.334,PA01,1741275057322,1741275057334,CNP-1741275057321,No hubieron propuestas,12,null,0,15,0,0
2025-03-06 12:30:57.334,PA03,1741275057325,1741275057334,CNP-1741275057325,No hubieron propuestas,9,null,0,15,0,0
2025-03-06 12:30:59.335,PA02,1741275059325,1741275059335,CNP-1741275059325,No hubieron propuestas,10,null,0,15,0,0
2025-03-06 12:30:59.335,PA01,1741275059325,1741275059335,CNP-1741275059325,No hubieron propuestas,10,null,0,15,0,0
2025-03-06 12:30:59.335,PA05,1741275059325,1741275059335,CNP-1741275059325,No hubieron propuestas,10,null,0,15,0,0
2025-03-06 12:30:59.335,PA03,1741275059328,1741275059335,CNP-1741275059327,No hubieron propuestas,7,null,0,15,0,0
2025-03-06 12:31:01.345,PA02,1741275061336,1741275061345,CNP-1741275061336,No hubieron propuestas,9,null,0,15,0,0
2025-03-06 12:31:01.346,PA01,1741275061336,1741275061346,CNP-1741275061336,No hubieron propuestas,10,null,0,15,0,0
2025-03-06 12:31:01.346,PA05,1741275061336,1741275061346,CNP-1741275061336,No hubieron propuestas,10,null,0,15,0,0
2025-03-06 12:31:01.346,PA03,1741275061336,1741275061346,CNP-1741275061336,No hubieron propuestas,10,null,0,15,0,0
2025-03-06 12:31:03.348,PA02,1741275063339,1741275063348,CNP-1741275063339,No hubieron propuestas,9,null,0,15,0,0
2025-03-06 12:31:03.348,PA03,1741275063341,1741275063348,CNP-1741275063341,No hubieron propuestas,7,null,0,15,0,0
2025-03-06 12:31:03.348,PA05,1741275063339,1741275063348,CNP-1741275063339,No hubieron propuestas,9,null,0,15,0,0
2025-03-06 12:31:03.348,PA01,1741275063339,1741275063348,CNP-1741275063339,No hubieron propuestas,9,null,0,15,0,0
2025-03-06 12:31:05.359,PA02,1741275065347,1741275065359,CNP-1741275065347,No hubieron propuestas,12,null,0,15,0,0
2025-03-06 12:31:05.360,PA03,1741275065347,1741275065360,CNP-1741275065347,No hubieron propuestas,13,null,0,15,0,0
2025-03-06 12:31:05.360,PA01,1741275065348,1741275065360,CNP-1741275065347,No hubieron propuestas,12,null,0,15,0,0
2025-03-06 12:31:05.360,PA05,1741275065348,1741275065360,CNP-1741275065347,No hubieron propuestas,12,null,0,15,0,0
2025-03-06 12:31:07.363,PA03,1741275067351,1741275067363,CNP-1741275067351,No hubieron propuestas,12,null,0,15,0,0
2025-03-06 12:31:07.363,PA02,1741275067351,1741275067363,CNP-1741275067351,No hubieron propuestas,12,null,0,15,0,0
2025-03-06 12:31:07.363,PA01,1741275067351,1741275067363,CNP-1741275067351,No hubieron propuestas,12,null,0,15,0,0
2025-03-06 12:31:07.363,PA05,1741275067353,1741275067363,CNP-1741275067352,No hubieron propuestas,10,null,0,15,0,0
2025-03-06 12:31:09.364,PA01,1741275069355,1741275069364,CNP-1741275069354,No hubieron propuestas,9,null,0,15,0,0
2025-03-06 12:31:09.365,PA02,1741275069355,1741275069365,CNP-1741275069354,No hubieron propuestas,10,null,0,15,0,0
2025-03-06 12:31:09.365,PA03,1741275069355,1741275069365,CNP-1741275069354,No hubieron propuestas,10,null,0,15,0,0
2025-03-06 12:31:09.365,PA05,1741275069359,1741275069365,CNP-1741275069359,No hubieron propuestas,6,null,0,15,0,0
2025-03-06 12:31:11.372,PA03,1741275071363,1741275071372,CNP-1741275071363,No hubieron propuestas,9,null,0,15,0,0
2025-03-06 12:31:11.372,PA02,1741275071363,1741275071372,CNP-1741275071363,No hubieron propuestas,9,null,0,15,0,0
2025-03-06 12:31:11.372,PA01,1741275071363,1741275071372,CNP-1741275071363,No hubieron propuestas,9,null,0,15,0,0
2025-03-06 12:31:11.372,PA05,1741275071364,1741275071372,CNP-1741275071363,No hubieron propuestas,8,null,0,15,0,0
2025-03-06 12:31:13.374,PA03,1741275073367,1741275073374,CNP-1741275073367,No hubieron propuestas,7,null,0,15,0,0
2025-03-06 12:31:13.374,PA01,1741275073365,1741275073374,CNP-1741275073365,No hubieron propuestas,9,null,0,15,0,0
2025-03-06 12:31:13.375,PA05,1741275073365,1741275073375,CNP-1741275073365,No hubieron propuestas,10,null,0,15,0,0
2025-03-06 12:31:13.375,PA02,1741275073368,1741275073375,CNP-1741275073367,No hubieron propuestas,7,null,0,15,0,0
2025-03-06 12:31:15.379,PA01,1741275075370,1741275075379,CNP-1741275075370,No hubieron propuestas,9,null,0,15,0,0
2025-03-06 12:31:15.379,PA03,1741275075370,1741275075379,CNP-1741275075370,No hubieron propuestas,9,null,0,15,0,0
2025-03-06 12:31:15.380,PA02,1741275075373,1741275075380,CNP-1741275075373,No hubieron propuestas,7,null,0,15,0,0
2025-03-06 12:31:15.380,PA05,1741275075370,1741275075380,CNP-1741275075370,No hubieron propuestas,10,null,0,15,0,0
2025-03-06 12:31:17.383,PA01,1741275077372,1741275077383,CNP-1741275077372,No hubieron propuestas,11,null,0,15,0,0
2025-03-06 12:31:17.383,PA05,1741275077374,1741275077383,CNP-1741275077373,No hubieron propuestas,9,null,0,15,0,0
2025-03-06 12:31:17.383,PA03,1741275077372,1741275077383,CNP-1741275077372,No hubieron propuestas,11,null,0,15,0,0
2025-03-06 12:31:17.383,PA02,1741275077376,1741275077383,CNP-1741275077376,No hubieron propuestas,7,null,0,15,0,0
2025-03-06 12:31:19.387,PA05,1741275079380,1741275079387,CNP-1741275079380,No hubieron propuestas,7,null,0,15,0,0
2025-03-06 12:31:19.388,PA02,1741275079380,1741275079388,CNP-1741275079380,No hubieron propuestas,8,null,0,15,0,0
2025-03-06 12:31:19.388,PA03,1741275079380,1741275079388,CNP-1741275079380,No hubieron propuestas,8,null,0,15,0,0
2025-03-06 12:31:19.388,PA01,1741275079380,1741275079388,CNP-1741275079380,No hubieron propuestas,8,null,0,15,0,0
2025-03-06 12:31:21.391,PA03,1741275081383,1741275081391,CNP-1741275081383,No hubieron propuestas,8,null,0,15,0,0
2025-03-06 12:31:21.391,PA05,1741275081381,1741275081391,CNP-1741275081381,No hubieron propuestas,10,null,0,15,0,0
2025-03-06 12:31:21.391,PA02,1741275081383,1741275081391,CNP-1741275081383,No hubieron propuestas,8,null,0,15,0,0
2025-03-06 12:31:21.391,PA01,1741275081385,1741275081391,CNP-1741275081384,No hubieron propuestas,6,null,0,15,0,0
2025-03-06 12:31:23.392,PA05,1741275083384,1741275083392,CNP-1741275083384,No hubieron propuestas,8,null,0,15,0,0
2025-03-06 12:31:23.392,PA03,1741275083386,1741275083392,CNP-1741275083386,No hubieron propuestas,6,null,0,15,0,0
2025-03-06 12:31:23.392,PA02,1741275083386,1741275083392,CNP-1741275083386,No hubieron propuestas,6,null,0,15,0,0
2025-03-06 12:31:23.392,PA01,1741275083389,1741275083392,CNP-1741275083389,No hubieron propuestas,3,null,0,15,0,0
2025-03-06 12:31:25.398,PA03,1741275085389,1741275085398,CNP-1741275085389,No hubieron propuestas,9,null,0,15,0,0
2025-03-06 12:31:25.398,PA02,1741275085389,1741275085398,CNP-1741275085389,No hubieron propuestas,9,null,0,15,0,0
2025-03-06 12:31:25.398,PA05,1741275085389,1741275085398,CNP-1741275085389,No hubieron propuestas,9,null,0,15,0,0
2025-03-06 12:31:25.399,PA01,1741275085392,1741275085399,CNP-1741275085392,No hubieron propuestas,7,null,0,15,0,0
2025-03-06 12:31:27.407,PA05,1741275087397,1741275087407,CNP-1741275087397,No hubieron propuestas,10,null,0,15,0,0
2025-03-06 12:31:27.407,PA03,1741275087397,1741275087407,CNP-1741275087397,No hubieron propuestas,10,null,0,15,0,0
2025-03-06 12:31:27.407,PA02,1741275087397,1741275087407,CNP-1741275087397,No hubieron propuestas,10,null,0,15,0,0
2025-03-06 12:31:27.408,PA01,1741275087398,1741275087408,CNP-1741275087397,No hubieron propuestas,10,null,0,15,0,0
2025-03-06 12:31:29.408,PA05,1741275089399,1741275089408,CNP-1741275089399,No hubieron propuestas,9,null,0,15,0,0
2025-03-06 12:31:29.408,PA03,1741275089399,1741275089408,CNP-1741275089399,No hubieron propuestas,9,null,0,15,0,0
2025-03-06 12:31:29.409,PA01,1741275089401,1741275089409,CNP-1741275089401,No hubieron propuestas,8,null,0,15,0,0
2025-03-06 12:31:29.409,PA02,1741275089401,1741275089409,CNP-1741275089401,No hubieron propuestas,8,null,0,15,0,0
2025-03-06 12:31:31.412,PA05,1741275091403,1741275091412,CNP-1741275091402,No hubieron propuestas,9,null,0,15,0,0
2025-03-06 12:31:31.412,PA03,1741275091403,1741275091412,CNP-1741275091402,No hubieron propuestas,9,null,0,15,0,0
2025-03-06 12:31:31.412,PA01,1741275091403,1741275091412,CNP-1741275091402,No hubieron propuestas,9,null,0,15,0,0
2025-03-06 12:31:31.412,PA02,1741275091408,1741275091412,CNP-1741275091408,No hubieron propuestas,4,null,0,15,0,0
2025-03-06 12:31:33.417,PA01,1741275093410,1741275093417,CNP-1741275093409,No hubieron propuestas,7,null,0,15,0,0
2025-03-06 12:31:33.417,PA05,1741275093410,1741275093417,CNP-1741275093409,No hubieron propuestas,7,null,0,15,0,0
2025-03-06 12:31:33.417,PA02,1741275093410,1741275093417,CNP-1741275093409,No hubieron propuestas,7,null,0,15,0,0
2025-03-06 12:31:33.418,PA03,1741275093410,1741275093418,CNP-1741275093409,No hubieron propuestas,8,null,0,15,0,0
2025-03-06 12:31:35.421,PA03,1741275095413,1741275095421,CNP-1741275095413,No hubieron propuestas,8,null,0,15,0,0
2025-03-06 12:31:35.421,PA01,1741275095413,1741275095421,CNP-1741275095413,No hubieron propuestas,8,null,0,15,0,0
2025-03-06 12:31:35.421,PA05,1741275095415,1741275095421,CNP-1741275095415,No hubieron propuestas,6,null,0,15,0,0
2025-03-06 12:31:35.421,PA02,1741275095413,1741275095421,CNP-1741275095413,No hubieron propuestas,8,null,0,15,0,0
2025-03-06 12:31:37.426,PA01,1741275097418,1741275097426,CNP-1741275097418,No hubieron propuestas,8,null,0,15,0,0
2025-03-06 12:31:37.426,PA05,1741275097418,1741275097426,CNP-1741275097418,No hubieron propuestas,8,null,0,15,0,0
2025-03-06 12:31:37.426,PA02,1741275097418,1741275097426,CNP-1741275097418,No hubieron propuestas,8,null,0,15,0,0
2025-03-06 12:31:37.427,PA03,1741275097418,1741275097427,CNP-1741275097418,No hubieron propuestas,9,null,0,15,0,0
2025-03-06 12:31:39.429,PA01,1741275099422,1741275099429,CNP-1741275099422,No hubieron propuestas,7,null,0,15,0,0
2025-03-06 12:31:39.429,PA05,1741275099424,1741275099429,CNP-1741275099424,No hubieron propuestas,5,null,0,15,0,0
2025-03-06 12:31:39.429,PA02,1741275099421,1741275099429,CNP-1741275099420,No hubieron propuestas,8,null,0,15,0,0
2025-03-06 12:31:39.429,PA03,1741275099422,1741275099429,CNP-1741275099422,No hubieron propuestas,7,null,0,15,0,0
2025-03-06 12:31:41.438,PA02,1741275101427,1741275101438,CNP-1741275101427,No hubieron propuestas,11,null,0,15,0,0
2025-03-06 12:31:41.438,PA03,1741275101427,1741275101438,CNP-1741275101427,No hubieron propuestas,11,null,0,15,0,0
2025-03-06 12:31:41.438,PA05,1741275101427,1741275101438,CNP-1741275101427,No hubieron propuestas,11,null,0,15,0,0
2025-03-06 12:31:41.438,PA01,1741275101427,1741275101438,CNP-1741275101427,No hubieron propuestas,11,null,0,15,0,0
2025-03-06 12:31:43.437,PA03,1741275103429,1741275103437,CNP-1741275103429,No hubieron propuestas,8,null,0,15,0,0
2025-03-06 12:31:43.437,PA01,1741275103430,1741275103437,CNP-1741275103430,No hubieron propuestas,7,null,0,15,0,0
2025-03-06 12:31:43.437,PA05,1741275103432,1741275103437,CNP-1741275103432,No hubieron propuestas,5,null,0,15,0,0
2025-03-06 12:31:43.437,PA02,1741275103430,1741275103437,CNP-1741275103430,No hubieron propuestas,7,null,0,15,0,0
2025-03-06 12:31:45.448,PA05,1741275105438,1741275105448,CNP-1741275105438,No hubieron propuestas,10,null,0,15,0,0
2025-03-06 12:31:45.448,PA01,1741275105438,1741275105448,CNP-1741275105438,No hubieron propuestas,10,null,0,15,0,0
2025-03-06 12:31:45.449,PA03,1741275105438,1741275105449,CNP-1741275105438,No hubieron propuestas,11,null,0,15,0,0
2025-03-06 12:31:45.449,PA02,1741275105438,1741275105449,CNP-1741275105438,No hubieron propuestas,11,null,0,15,0,0
2025-03-06 12:31:47.448,PA03,1741275107440,1741275107448,CNP-1741275107440,No hubieron propuestas,8,null,0,15,0,0
2025-03-06 12:31:47.448,PA02,1741275107442,1741275107448,CNP-1741275107442,No hubieron propuestas,6,null,0,15,0,0
2025-03-06 12:31:47.448,PA01,1741275107442,1741275107448,CNP-1741275107442,No hubieron propuestas,6,null,0,15,0,0
2025-03-06 12:31:47.449,PA05,1741275107440,1741275107449,CNP-1741275107440,No hubieron propuestas,9,null,0,15,0,0
2025-03-06 12:31:49.458,PA01,1741275109450,1741275109458,CNP-1741275109449,No hubieron propuestas,8,null,0,15,0,0
2025-03-06 12:31:49.458,PA03,1741275109450,1741275109458,CNP-1741275109449,No hubieron propuestas,8,null,0,15,0,0
2025-03-06 12:31:49.458,PA05,1741275109450,1741275109458,CNP-1741275109449,No hubieron propuestas,8,null,0,15,0,0
2025-03-06 12:31:49.458,PA02,1741275109450,1741275109458,CNP-1741275109449,No hubieron propuestas,8,null,0,15,0,0
2025-03-06 12:31:51.460,PA03,1741275111453,1741275111460,CNP-1741275111453,No hubieron propuestas,7,null,0,15,0,0
2025-03-06 12:31:51.460,PA02,1741275111452,1741275111460,CNP-1741275111452,No hubieron propuestas,8,null,0,15,0,0
2025-03-06 12:31:51.460,PA01,1741275111454,1741275111460,CNP-1741275111454,No hubieron propuestas,6,null,0,15,0,0
2025-03-06 12:31:51.461,PA05,1741275111455,1741275111461,CNP-1741275111455,No hubieron propuestas,6,null,0,15,0,0
2025-03-06 12:31:53.472,PA05,1741275113463,1741275113472,CNP-1741275113462,No hubieron propuestas,9,null,0,15,0,0
2025-03-06 12:31:53.472,PA01,1741275113463,1741275113472,CNP-1741275113462,No hubieron propuestas,9,null,0,15,0,0
2025-03-06 12:31:53.472,PA02,1741275113463,1741275113472,CNP-1741275113462,No hubieron propuestas,9,null,0,15,0,0
2025-03-06 12:31:53.472,PA03,1741275113463,1741275113472,CNP-1741275113462,No hubieron propuestas,9,null,0,15,0,0
2025-03-06 12:31:55.474,PA02,1741275115465,1741275115474,CNP-1741275115465,No hubieron propuestas,9,null,0,15,0,0
2025-03-06 12:31:55.475,PA05,1741275115465,1741275115474,CNP-1741275115465,No hubieron propuestas,9,null,0,15,0,0
2025-03-06 12:31:55.475,PA01,1741275115467,1741275115475,CNP-1741275115466,No hubieron propuestas,8,null,0,15,0,0
2025-03-06 12:31:55.475,PA03,1741275115468,1741275115475,CNP-1741275115468,No hubieron propuestas,7,null,0,15,0,0
2025-03-06 12:31:57.486,PA01,1741275117476,1741275117486,CNP-1741275117476,No hubieron propuestas,10,null,0,15,0,0
2025-03-06 12:31:57.486,PA02,1741275117476,1741275117486,CNP-1741275117475,No hubieron propuestas,10,null,0,15,0,0
2025-03-06 12:31:57.486,PA03,1741275117476,1741275117486,CNP-1741275117476,No hubieron propuestas,10,null,0,15,0,0
2025-03-06 12:31:57.486,PA05,1741275117476,1741275117486,CNP-1741275117476,No hubieron propuestas,10,null,0,15,0,0
2025-03-06 12:31:59.486,PA02,1741275119479,1741275119486,CNP-1741275119478,No hubieron propuestas,7,null,0,15,0,0
2025-03-06 12:31:59.486,PA01,1741275119477,1741275119486,CNP-1741275119477,No hubieron propuestas,9,null,0,15,0,0
2025-03-06 12:31:59.486,PA05,1741275119480,1741275119486,CNP-1741275119480,No hubieron propuestas,6,null,0,15,0,0
2025-03-06 12:31:59.486,PA03,1741275119480,1741275119486,CNP-1741275119480,No hubieron propuestas,6,null,0,15,0,0
2025-03-06 12:32:01.500,PA02,1741275121486,1741275121500,CNP-1741275121486,No hubieron propuestas,14,null,0,15,0,0
2025-03-06 12:32:01.501,PA03,1741275121486,1741275121501,CNP-1741275121486,No hubieron propuestas,15,null,0,15,0,0
2025-03-06 12:32:01.501,PA05,1741275121486,1741275121501,CNP-1741275121486,No hubieron propuestas,15,null,0,15,0,0
2025-03-06 12:32:01.501,PA01,1741275121486,1741275121501,CNP-1741275121486,No hubieron propuestas,15,null,0,15,0,0
2025-03-06 12:32:03.499,PA01,1741275123489,1741275123499,CNP-1741275123489,No hubieron propuestas,10,null,0,15,0,0
2025-03-06 12:32:03.499,PA05,1741275123489,1741275123499,CNP-1741275123489,No hubieron propuestas,10,null,0,15,0,0
2025-03-06 12:32:03.500,PA02,1741275123489,1741275123499,CNP-1741275123489,No hubieron propuestas,10,null,0,15,0,0
2025-03-06 12:32:03.500,PA03,1741275123491,1741275123500,CNP-1741275123491,No hubieron propuestas,9,null,0,15,0,0
2025-03-06 12:32:05.509,PA02,1741275125496,1741275125509,CNP-1741275125495,No hubieron propuestas,13,null,0,15,0,0
2025-03-06 12:32:05.509,PA01,1741275125496,1741275125509,CNP-1741275125495,No hubieron propuestas,13,null,0,15,0,0
2025-03-06 12:32:05.510,PA03,1741275125496,1741275125510,CNP-1741275125495,No hubieron propuestas,14,null,0,15,0,0
2025-03-06 12:32:05.510,PA05,1741275125496,1741275125510,CNP-1741275125495,No hubieron propuestas,14,null,0,15,0,0
2025-03-06 12:32:07.508,PA05,1741275127499,1741275127508,CNP-1741275127499,No hubieron propuestas,9,null,0,15,0,0
2025-03-06 12:32:07.508,PA02,1741275127498,1741275127508,CNP-1741275127498,No hubieron propuestas,10,null,0,15,0,0
2025-03-06 12:32:07.508,PA03,1741275127498,1741275127508,CNP-1741275127498,No hubieron propuestas,10,null,0,15,0,0
2025-03-06 12:32:07.508,PA01,1741275127501,1741275127508,CNP-1741275127501,No hubieron propuestas,7,null,0,15,0,0
2025-03-06 12:32:09.511,PA02,1741275129502,1741275129511,CNP-1741275129502,No hubieron propuestas,9,null,0,15,0,0
2025-03-06 12:32:09.512,PA05,1741275129502,1741275129512,CNP-1741275129502,No hubieron propuestas,10,null,0,15,0,0
2025-03-06 12:32:09.512,PA03,1741275129502,1741275129512,CNP-1741275129502,No hubieron propuestas,10,null,0,15,0,0
2025-03-06 12:32:09.512,PA01,1741275129504,1741275129512,CNP-1741275129504,No hubieron propuestas,8,null,0,15,0,0
2025-03-06 12:32:11.518,PA02,1741275131511,1741275131518,CNP-1741275131510,No hubieron propuestas,7,null,0,15,0,0
2025-03-06 12:32:11.519,PA03,1741275131511,1741275131519,CNP-1741275131510,No hubieron propuestas,8,null,0,15,0,0
2025-03-06 12:32:11.519,PA01,1741275131511,1741275131519,CNP-1741275131510,No hubieron propuestas,8,null,0,15,0,0
2025-03-06 12:32:11.519,PA05,1741275131511,1741275131519,CNP-1741275131510,No hubieron propuestas,8,null,0,15,0,0
2025-03-06 12:32:13.521,PA01,1741275133514,1741275133521,CNP-1741275133514,No hubieron propuestas,7,null,0,15,0,0
2025-03-06 12:32:13.521,PA02,1741275133513,1741275133521,CNP-1741275133512,No hubieron propuestas,8,null,0,15,0,0
2025-03-06 12:32:13.521,PA05,1741275133516,1741275133521,CNP-1741275133515,No hubieron propuestas,5,null,0,15,0,0
2025-03-06 12:32:13.521,PA03,1741275133514,1741275133521,CNP-1741275133514,No hubieron propuestas,7,null,0,15,0,0
2025-03-06 12:32:15.528,PA02,1741275135516,1741275135528,CNP-1741275135516,No hubieron propuestas,12,null,0,15,0,0
2025-03-06 12:32:15.528,PA03,1741275135516,1741275135528,CNP-1741275135516,No hubieron propuestas,12,null,0,15,0,0
2025-03-06 12:32:15.528,PA01,1741275135518,1741275135528,CNP-1741275135517,No hubieron propuestas,10,null,0,15,0,0
2025-03-06 12:32:15.528,PA05,1741275135519,1741275135528,CNP-1741275135519,No hubieron propuestas,9,null,0,15,0,0
2025-03-06 12:32:17.527,PA01,1741275137521,1741275137527,CNP-1741275137521,No hubieron propuestas,6,null,0,15,0,0
2025-03-06 12:32:17.528,PA02,1741275137518,1741275137528,CNP-1741275137518,No hubieron propuestas,10,null,0,15,0,0
2025-03-06 12:32:17.528,PA05,1741275137523,1741275137528,CNP-1741275137523,No hubieron propuestas,5,null,0,15,0,0
2025-03-06 12:32:17.528,PA03,1741275137520,1741275137528,CNP-1741275137520,No hubieron propuestas,8,null,0,15,0,0
2025-03-06 12:32:19.536,PA02,1741275139527,1741275139535,CNP-1741275139526,No hubieron propuestas,8,null,0,15,0,0
2025-03-06 12:32:19.537,PA03,1741275139527,1741275139537,CNP-1741275139526,No hubieron propuestas,10,null,0,15,0,0
2025-03-06 12:32:19.537,PA01,1741275139527,1741275139537,CNP-1741275139527,No hubieron propuestas,10,null,0,15,0,0
2025-03-06 12:32:19.537,PA05,1741275139527,1741275139537,CNP-1741275139527,No hubieron propuestas,10,null,0,15,0,0
2025-03-06 12:32:21.540,PA05,1741275141531,1741275141540,CNP-1741275141531,No hubieron propuestas,9,null,0,15,0,0
2025-03-06 12:32:21.541,PA01,1741275141531,1741275141541,CNP-1741275141531,No hubieron propuestas,10,null,0,15,0,0
2025-03-06 12:32:21.541,PA02,1741275141531,1741275141541,CNP-1741275141531,No hubieron propuestas,10,null,0,15,0,0
2025-03-06 12:32:21.541,PA03,1741275141531,1741275141541,CNP-1741275141531,No hubieron propuestas,10,null,0,15,0,0
2025-03-06 12:32:23.547,PA03,1741275143537,1741275143547,CNP-1741275143537,No hubieron propuestas,10,null,0,15,0,0
2025-03-06 12:32:23.548,PA01,1741275143538,1741275143547,CNP-1741275143537,No hubieron propuestas,9,null,0,15,0,0
2025-03-06 12:32:23.548,PA02,1741275143538,1741275143548,CNP-1741275143537,No hubieron propuestas,10,null,0,15,0,0
2025-03-06 12:32:23.548,PA05,1741275143539,1741275143548,CNP-1741275143537,No hubieron propuestas,9,null,0,15,0,0
2025-03-06 12:32:25.548,PA03,1741275145540,1741275145548,CNP-1741275145539,No hubieron propuestas,8,null,0,15,0,0
2025-03-06 12:32:25.549,PA01,1741275145541,1741275145549,CNP-1741275145541,No hubieron propuestas,8,null,0,15,0,0
2025-03-06 12:32:25.549,PA02,1741275145541,1741275145549,CNP-1741275145541,No hubieron propuestas,8,null,0,15,0,0
2025-03-06 12:32:25.549,PA05,1741275145543,1741275145549,CNP-1741275145543,No hubieron propuestas,6,null,0,15,0,0
2025-03-06 12:32:27.562,PA03,1741275147551,1741275147562,CNP-1741275147550,No hubieron propuestas,11,null,0,15,0,0
2025-03-06 12:32:27.564,PA02,1741275147551,1741275147564,CNP-1741275147550,No hubieron propuestas,13,null,0,15,0,0
2025-03-06 12:32:27.564,PA01,1741275147551,1741275147564,CNP-1741275147550,No hubieron propuestas,13,null,0,15,0,0
2025-03-06 12:32:27.564,PA05,1741275147551,1741275147564,CNP-1741275147550,No hubieron propuestas,13,null,0,15,0,0
2025-03-06 12:32:29.562,PA03,1741275149552,1741275149562,CNP-1741275149552,No hubieron propuestas,10,null,0,15,0,0
2025-03-06 12:32:29.562,PA01,1741275149554,1741275149562,CNP-1741275149554,No hubieron propuestas,8,null,0,15,0,0
2025-03-06 12:32:29.562,PA02,1741275149554,1741275149562,CNP-1741275149554,No hubieron propuestas,8,null,0,15,0,0
2025-03-06 12:32:29.562,PA05,1741275149555,1741275149562,CNP-1741275149555,No hubieron propuestas,7,null,0,15,0,0
2025-03-06 12:32:31.571,PA03,1741275151564,1741275151571,CNP-1741275151564,No hubieron propuestas,7,null,0,15,0,0
2025-03-06 12:32:31.572,PA02,1741275151564,1741275151572,CNP-1741275151564,No hubieron propuestas,8,null,0,15,0,0
2025-03-06 12:32:31.572,PA05,1741275151564,1741275151572,CNP-1741275151564,No hubieron propuestas,8,null,0,15,0,0
2025-03-06 12:32:31.572,PA01,1741275151564,1741275151572,CNP-1741275151564,No hubieron propuestas,8,null,0,15,0,0
2025-03-06 12:32:33.576,PA01,1741275153567,1741275153575,CNP-1741275153567,No hubieron propuestas,8,null,0,15,0,0
2025-03-06 12:32:33.576,PA02,1741275153567,1741275153576,CNP-1741275153567,No hubieron propuestas,9,null,0,15,0,0
2025-03-06 12:32:33.576,PA03,1741275153567,1741275153576,CNP-1741275153567,No hubieron propuestas,9,null,0,15,0,0
2025-03-06 12:32:33.576,PA05,1741275153568,1741275153576,CNP-1741275153568,No hubieron propuestas,8,null,0,15,0,0
2025-03-06 12:32:35.584,PA03,1741275155576,1741275155584,CNP-1741275155575,No hubieron propuestas,8,null,0,15,0,0
2025-03-06 12:32:35.585,PA02,1741275155576,1741275155585,CNP-1741275155575,No hubieron propuestas,9,null,0,15,0,0
2025-03-06 12:32:35.585,PA05,1741275155576,1741275155585,CNP-1741275155575,No hubieron propuestas,9,null,0,15,0,0
2025-03-06 12:32:35.585,PA01,1741275155576,1741275155585,CNP-1741275155575,No hubieron propuestas,9,null,0,15,0,0
2025-03-06 12:32:37.589,PA03,1741275157579,1741275157589,CNP-1741275157579,No hubieron propuestas,10,null,0,15,0,0
2025-03-06 12:32:37.589,PA02,1741275157580,1741275157589,CNP-1741275157579,No hubieron propuestas,9,null,0,15,0,0
2025-03-06 12:32:37.589,PA01,1741275157578,1741275157589,CNP-1741275157578,No hubieron propuestas,11,null,0,15,0,0
2025-03-06 12:32:37.589,PA05,1741275157581,1741275157589,CNP-1741275157581,No hubieron propuestas,8,null,0,15,0,0
2025-03-06 12:32:39.595,PA01,1741275159589,1741275159595,CNP-1741275159589,No hubieron propuestas,6,null,0,15,0,0
2025-03-06 12:32:39.595,PA02,1741275159589,1741275159595,CNP-1741275159589,No hubieron propuestas,6,null,0,15,0,0
2025-03-06 12:32:39.596,PA03,1741275159589,1741275159596,CNP-1741275159589,No hubieron propuestas,7,null,0,15,0,0
2025-03-06 12:32:39.596,PA05,1741275159589,1741275159596,CNP-1741275159589,No hubieron propuestas,7,null,0,15,0,0
2025-03-06 12:32:41.600,PA05,1741275161591,1741275161600,CNP-1741275161591,No hubieron propuestas,9,null,0,15,0,0
2025-03-06 12:32:41.600,PA02,1741275161592,1741275161600,CNP-1741275161592,No hubieron propuestas,8,null,0,15,0,0
2025-03-06 12:32:41.601,PA01,1741275161591,1741275161601,CNP-1741275161591,No hubieron propuestas,10,null,0,15,0,0
2025-03-06 12:32:41.601,PA03,1741275161594,1741275161600,CNP-1741275161594,No hubieron propuestas,6,null,0,15,0,0
2025-03-06 12:32:43.606,PA01,1741275163601,1741275163606,CNP-1741275163601,No hubieron propuestas,5,null,0,15,0,0
2025-03-06 12:32:43.606,PA02,1741275163601,1741275163606,CNP-1741275163601,No hubieron propuestas,5,null,0,15,0,0
2025-03-06 12:32:43.606,PA03,1741275163602,1741275163606,CNP-1741275163601,No hubieron propuestas,4,null,0,15,0,0
2025-03-06 12:32:43.606,PA05,1741275163601,1741275163606,CNP-1741275163601,No hubieron propuestas,5,null,0,15,0,0
2025-03-06 12:32:45.613,PA03,1741275165606,1741275165613,CNP-1741275165606,No hubieron propuestas,7,null,0,15,0,0
2025-03-06 12:32:45.614,PA05,1741275165606,1741275165614,CNP-1741275165606,No hubieron propuestas,8,null,0,15,0,0
2025-03-06 12:32:45.614,PA02,1741275165604,1741275165614,CNP-1741275165604,No hubieron propuestas,10,null,0,15,0,0
2025-03-06 12:32:45.614,PA01,1741275165604,1741275165613,CNP-1741275165604,No hubieron propuestas,9,null,0,15,0,0
2025-03-06 12:32:47.622,PA01,1741275167613,1741275167622,CNP-1741275167613,No hubieron propuestas,9,null,0,15,0,0
2025-03-06 12:32:47.622,PA02,1741275167613,1741275167622,CNP-1741275167613,No hubieron propuestas,9,null,0,15,0,0
2025-03-06 12:32:47.622,PA05,1741275167613,1741275167622,CNP-1741275167613,No hubieron propuestas,9,null,0,15,0,0
2025-03-06 12:32:47.622,PA03,1741275167613,1741275167622,CNP-1741275167613,No hubieron propuestas,9,null,0,15,0,0
2025-03-06 12:32:49.627,PA01,1741275169614,1741275169627,CNP-1741275169614,No hubieron propuestas,13,null,0,15,0,0
2025-03-06 12:32:49.627,PA03,1741275169617,1741275169627,CNP-1741275169617,No hubieron propuestas,10,null,0,15,0,0
2025-03-06 12:32:49.627,PA02,1741275169616,1741275169627,CNP-1741275169615,No hubieron propuestas,11,null,0,15,0,0
2025-03-06 12:32:49.627,PA05,1741275169617,1741275169627,CNP-1741275169617,No hubieron propuestas,10,null,0,15,0,0
2025-03-06 12:32:51.634,PA05,1741275171625,1741275171634,CNP-1741275171624,No hubieron propuestas,9,null,0,15,0,0
2025-03-06 12:32:51.635,PA02,1741275171624,1741275171635,CNP-1741275171624,No hubieron propuestas,11,null,0,15,0,0
2025-03-06 12:32:51.635,PA03,1741275171624,1741275171635,CNP-1741275171624,No hubieron propuestas,11,null,0,15,0,0
2025-03-06 12:32:51.635,PA01,1741275171624,1741275171635,CNP-1741275171624,No hubieron propuestas,11,null,0,15,0,0
2025-03-06 12:32:53.638,PA03,1741275173627,1741275173638,CNP-1741275173627,No hubieron propuestas,11,null,0,15,0,0
2025-03-06 12:32:53.638,PA05,1741275173631,1741275173638,CNP-1741275173631,No hubieron propuestas,7,null,0,15,0,0
2025-03-06 12:32:53.638,PA01,1741275173631,1741275173638,CNP-1741275173631,No hubieron propuestas,7,null,0,15,0,0
2025-03-06 12:32:53.638,PA02,1741275173627,1741275173638,CNP-1741275173627,No hubieron propuestas,11,null,0,15,0,0
2025-03-06 12:32:55.647,PA03,1741275175638,1741275175647,CNP-1741275175637,No hubieron propuestas,9,null,0,15,0,0
2025-03-06 12:32:55.647,PA01,1741275175638,1741275175647,CNP-1741275175637,No hubieron propuestas,9,null,0,15,0,0
2025-03-06 12:32:55.647,PA05,1741275175638,1741275175647,CNP-1741275175637,No hubieron propuestas,9,null,0,15,0,0
2025-03-06 12:32:55.647,PA02,1741275175638,1741275175647,CNP-1741275175637,No hubieron propuestas,9,null,0,15,0,0
2025-03-06 12:32:57.649,PA03,1741275177640,1741275177649,CNP-1741275177640,No hubieron propuestas,9,null,0,15,0,0
2025-03-06 12:32:57.649,PA01,1741275177640,1741275177649,CNP-1741275177640,No hubieron propuestas,9,null,0,15,0,0
2025-03-06 12:32:57.650,PA05,1741275177641,1741275177650,CNP-1741275177641,No hubieron propuestas,9,null,0,15,0,0
2025-03-06 12:32:57.650,PA02,1741275177643,1741275177650,CNP-1741275177643,No hubieron propuestas,7,null,0,15,0,0
2025-03-06 12:32:59.655,PA03,1741275179646,1741275179655,CNP-1741275179646,No hubieron propuestas,9,null,0,15,0,0
2025-03-06 12:32:59.655,PA05,1741275179646,1741275179655,CNP-1741275179646,No hubieron propuestas,9,null,0,15,0,0
2025-03-06 12:32:59.656,PA02,1741275179647,1741275179656,CNP-1741275179646,No hubieron propuestas,9,null,0,15,0,0
2025-03-06 12:32:59.656,PA01,1741275179646,1741275179656,CNP-1741275179646,No hubieron propuestas,10,null,0,15,0,0
2025-03-06 12:33:01.657,PA01,1741275181649,1741275181657,CNP-1741275181649,No hubieron propuestas,8,null,0,15,0,0
2025-03-06 12:33:01.658,PA02,1741275181652,1741275181658,CNP-1741275181652,No hubieron propuestas,6,null,0,15,0,0
2025-03-06 12:33:01.658,PA03,1741275181649,1741275181657,CNP-1741275181649,No hubieron propuestas,8,null,0,15,0,0
2025-03-06 12:33:01.658,PA05,1741275181651,1741275181658,CNP-1741275181650,No hubieron propuestas,7,null,0,15,0,0
2025-03-06 12:33:03.669,PA01,1741275183658,1741275183669,CNP-1741275183658,No hubieron propuestas,11,null,0,15,0,0
2025-03-06 12:33:03.670,PA02,1741275183658,1741275183670,CNP-1741275183658,No hubieron propuestas,12,null,0,15,0,0
2025-03-06 12:33:03.670,PA03,1741275183659,1741275183670,CNP-1741275183658,No hubieron propuestas,11,null,0,15,0,0
2025-03-06 12:33:03.670,PA05,1741275183658,1741275183670,CNP-1741275183658,No hubieron propuestas,12,null,0,15,0,0
2025-03-06 12:33:05.671,PA02,1741275185661,1741275185671,CNP-1741275185661,No hubieron propuestas,10,null,0,15,0,0
2025-03-06 12:33:05.671,PA05,1741275185661,1741275185671,CNP-1741275185661,No hubieron propuestas,10,null,0,15,0,0
2025-03-06 12:33:05.671,PA01,1741275185662,1741275185671,CNP-1741275185662,No hubieron propuestas,9,null,0,15,0,0
2025-03-06 12:33:05.671,PA03,1741275185664,1741275185671,CNP-1741275185664,No hubieron propuestas,7,null,0,15,0,0
2025-03-06 12:33:07.677,PA02,1741275187669,1741275187677,CNP-1741275187669,No hubieron propuestas,8,null,0,15,0,0
2025-03-06 12:33:07.678,PA03,1741275187669,1741275187678,CNP-1741275187669,No hubieron propuestas,9,null,0,15,0,0
2025-03-06 12:33:07.678,PA05,1741275187669,1741275187678,CNP-1741275187669,No hubieron propuestas,9,null,0,15,0,0
2025-03-06 12:33:07.678,PA01,1741275187670,1741275187678,CNP-1741275187669,No hubieron propuestas,8,null,0,15,0,0
2025-03-06 12:33:09.682,PA02,1741275189673,1741275189682,CNP-1741275189673,No hubieron propuestas,9,null,0,15,0,0
2025-03-06 12:33:09.682,PA05,1741275189673,1741275189682,CNP-1741275189673,No hubieron propuestas,9,null,0,15,0,0
2025-03-06 12:33:09.682,PA03,1741275189673,1741275189682,CNP-1741275189673,No hubieron propuestas,9,null,0,15,0,0
2025-03-06 12:33:09.682,PA01,1741275189673,1741275189682,CNP-1741275189673,No hubieron propuestas,9,null,0,15,0,0
2025-03-06 12:33:11.691,PA03,1741275191681,1741275191691,CNP-1741275191681,No hubieron propuestas,10,null,0,15,0,0
2025-03-06 12:33:11.692,PA05,1741275191681,1741275191691,CNP-1741275191681,No hubieron propuestas,10,null,0,15,0,0
2025-03-06 12:33:11.692,PA02,1741275191681,1741275191692,CNP-1741275191681,No hubieron propuestas,11,null,0,15,0,0
2025-03-06 12:33:11.692,PA01,1741275191682,1741275191692,CNP-1741275191681,No hubieron propuestas,10,null,0,15,0,0
2025-03-06 12:33:13.695,PA05,1741275193684,1741275193695,CNP-1741275193684,No hubieron propuestas,11,null,0,15,0,0
2025-03-06 12:33:13.695,PA03,1741275193684,1741275193695,CNP-1741275193684,No hubieron propuestas,11,null,0,15,0,0
2025-03-06 12:33:13.695,PA02,1741275193684,1741275193695,CNP-1741275193684,No hubieron propuestas,11,null,0,15,0,0
2025-03-06 12:33:13.696,PA01,1741275193686,1741275193696,CNP-1741275193685,No hubieron propuestas,10,null,0,15,0,0
2025-03-06 12:33:15.694,PA05,1741275195686,1741275195694,CNP-1741275195686,No hubieron propuestas,8,null,0,15,0,0
2025-03-06 12:33:15.694,PA03,1741275195686,1741275195694,CNP-1741275195686,No hubieron propuestas,8,null,0,15,0,0
2025-03-06 12:33:15.695,PA02,1741275195689,1741275195695,CNP-1741275195689,No hubieron propuestas,6,null,0,15,0,0
2025-03-06 12:33:15.696,PA01,1741275195693,1741275195696,CNP-1741275195692,No hubieron propuestas,3,null,0,15,0,0
2025-03-06 12:33:17.703,PA02,1741275197695,1741275197703,CNP-1741275197694,No hubieron propuestas,8,null,0,15,0,0
2025-03-06 12:33:17.704,PA03,1741275197695,1741275197704,CNP-1741275197694,No hubieron propuestas,9,null,0,15,0,0
2025-03-06 12:33:17.704,PA05,1741275197695,1741275197704,CNP-1741275197694,No hubieron propuestas,9,null,0,15,0,0
2025-03-06 12:33:17.704,PA01,1741275197695,1741275197704,CNP-1741275197694,No hubieron propuestas,9,null,0,15,0,0
2025-03-06 12:33:19.708,PA05,1741275199700,1741275199708,CNP-1741275199700,No hubieron propuestas,8,null,0,15,0,0
2025-03-06 12:33:19.708,PA02,1741275199698,1741275199708,CNP-1741275199698,No hubieron propuestas,10,null,0,15,0,0
2025-03-06 12:33:19.708,PA01,1741275199697,1741275199708,CNP-1741275199697,No hubieron propuestas,11,null,0,15,0,0
2025-03-06 12:33:19.709,PA03,1741275199699,1741275199708,CNP-1741275199699,No hubieron propuestas,9,null,0,15,0,0
2025-03-06 12:33:21.717,PA05,1741275201707,1741275201717,CNP-1741275201707,No hubieron propuestas,10,null,0,15,0,0
2025-03-06 12:33:21.717,PA01,1741275201707,1741275201717,CNP-1741275201707,No hubieron propuestas,10,null,0,15,0,0
2025-03-06 12:33:21.717,PA03,1741275201708,1741275201717,CNP-1741275201707,No hubieron propuestas,9,null,0,15,0,0
2025-03-06 12:33:21.717,PA02,1741275201707,1741275201717,CNP-1741275201707,No hubieron propuestas,10,null,0,15,0,0
2025-03-06 12:33:23.720,PA05,1741275203709,1741275203720,CNP-1741275203709,No hubieron propuestas,11,null,0,15,0,0
2025-03-06 12:33:23.720,PA01,1741275203711,1741275203720,CNP-1741275203711,No hubieron propuestas,9,null,0,15,0,0
2025-03-06 12:33:23.720,PA02,1741275203709,1741275203720,CNP-1741275203709,No hubieron propuestas,11,null,0,15,0,0
2025-03-06 12:33:23.721,PA03,1741275203711,1741275203721,CNP-1741275203711,recibi inform. ganador acepto,10,Truck12,1,14,1,0
2025-03-06 12:33:25.729,PA02,1741275205716,1741275205729,CNP-1741275205716,No hubieron propuestas,13,null,0,15,0,0
2025-03-06 12:33:25.729,PA05,1741275205716,1741275205729,CNP-1741275205716,No hubieron propuestas,13,null,0,15,0,0
2025-03-06 12:33:25.729,PA01,1741275205716,1741275205729,CNP-1741275205716,No hubieron propuestas,13,null,0,15,0,0
2025-03-06 12:33:27.728,PA02,1741275207720,1741275207728,CNP-1741275207720,No hubieron propuestas,8,null,0,15,0,0
2025-03-06 12:33:27.729,PA01,1741275207720,1741275207728,CNP-1741275207720,No hubieron propuestas,8,null,0,15,0,0
2025-03-06 12:33:27.729,PA05,1741275207722,1741275207729,CNP-1741275207722,No hubieron propuestas,7,null,0,15,0,0
2025-03-06 12:33:29.735,PA05,1741275209727,1741275209735,CNP-1741275209727,No hubieron propuestas,8,null,0,15,0,0
2025-03-06 12:33:29.736,PA02,1741275209727,1741275209736,CNP-1741275209727,No hubieron propuestas,9,null,0,15,0,0
2025-03-06 12:33:29.736,PA01,1741275209727,1741275209736,CNP-1741275209727,No hubieron propuestas,9,null,0,15,0,0
2025-03-06 12:33:31.741,PA01,1741275211730,1741275211741,CNP-1741275211730,No hubieron propuestas,11,null,0,15,0,0
2025-03-06 12:33:31.741,PA02,1741275211730,1741275211741,CNP-1741275211730,No hubieron propuestas,11,null,0,15,0,0
2025-03-06 12:33:31.741,PA05,1741275211732,1741275211741,CNP-1741275211732,No hubieron propuestas,9,null,0,15,0,0
2025-03-06 12:33:33.746,PA01,1741275213739,1741275213746,CNP-1741275213738,No hubieron propuestas,7,null,0,15,0,0
2025-03-06 12:33:33.746,PA05,1741275213739,1741275213746,CNP-1741275213738,No hubieron propuestas,7,null,0,15,0,0
2025-03-06 12:33:33.746,PA02,1741275213739,1741275213746,CNP-1741275213738,No hubieron propuestas,7,null,0,15,0,0
2025-03-06 12:33:35.749,PA05,1741275215742,1741275215749,CNP-1741275215742,No hubieron propuestas,7,null,0,15,0,0
2025-03-06 12:33:35.749,PA01,1741275215743,1741275215749,CNP-1741275215743,No hubieron propuestas,6,null,0,15,0,0
2025-03-06 12:33:35.749,PA02,1741275215742,1741275215749,CNP-1741275215742,No hubieron propuestas,7,null,0,15,0,0
2025-03-06 12:33:37.753,PA02,1741275217746,1741275217753,CNP-1741275217743,No hubieron propuestas,7,null,0,15,0,0
2025-03-06 12:33:37.753,PA05,1741275217746,1741275217753,CNP-1741275217746,No hubieron propuestas,7,null,0,15,0,0
2025-03-06 12:33:37.753,PA01,1741275217746,1741275217753,CNP-1741275217746,No hubieron propuestas,7,null,0,15,0,0
2025-03-06 12:33:39.759,PA01,1741275219753,1741275219759,CNP-1741275219752,No hubieron propuestas,6,null,0,15,0,0
2025-03-06 12:33:39.759,PA02,1741275219753,1741275219759,CNP-1741275219752,No hubieron propuestas,6,null,0,15,0,0
2025-03-06 12:33:39.759,PA05,1741275219753,1741275219759,CNP-1741275219752,No hubieron propuestas,6,null,0,15,0,0
2025-03-06 12:33:41.762,PA05,1741275221755,1741275221762,CNP-1741275221755,No hubieron propuestas,7,null,0,15,0,0
2025-03-06 12:33:41.762,PA01,1741275221757,1741275221762,CNP-1741275221757,No hubieron propuestas,5,null,0,15,0,0
2025-03-06 12:33:41.762,PA02,1741275221755,1741275221762,CNP-1741275221755,No hubieron propuestas,7,null,0,15,0,0
2025-03-06 12:33:43.770,PA05,1741275223763,1741275223770,CNP-1741275223763,No hubieron propuestas,7,null,0,15,0,0
2025-03-06 12:33:43.770,PA02,1741275223763,1741275223770,CNP-1741275223763,No hubieron propuestas,7,null,0,15,0,0
2025-03-06 12:33:43.770,PA01,1741275223763,1741275223770,CNP-1741275223763,No hubieron propuestas,7,null,0,15,0,0
2025-03-06 12:33:45.772,PA01,1741275225765,1741275225772,CNP-1741275225765,No hubieron propuestas,7,null,0,15,0,0
2025-03-06 12:33:45.772,PA02,1741275225765,1741275225772,CNP-1741275225765,No hubieron propuestas,7,null,0,15,0,0
2025-03-06 12:33:45.772,PA05,1741275225767,1741275225772,CNP-1741275225767,No hubieron propuestas,5,null,0,15,0,0
2025-03-06 12:33:47.774,PA01,1741275227767,1741275227774,CNP-1741275227766,No hubieron propuestas,7,null,0,15,0,0
2025-03-06 12:33:47.774,PA05,1741275227768,1741275227774,CNP-1741275227768,No hubieron propuestas,6,null,0,15,0,0
2025-03-06 12:33:47.774,PA02,1741275227768,1741275227774,CNP-1741275227768,No hubieron propuestas,6,null,0,15,0,0
2025-03-06 12:33:49.782,PA05,1741275229775,1741275229782,CNP-1741275229775,No hubieron propuestas,7,null,0,15,0,0
2025-03-06 12:33:49.783,PA01,1741275229775,1741275229783,CNP-1741275229775,No hubieron propuestas,8,null,0,15,0,0
2025-03-06 12:33:49.783,PA02,1741275229775,1741275229783,CNP-1741275229775,No hubieron propuestas,8,null,0,15,0,0
2025-03-06 12:33:51.788,PA01,1741275231777,1741275231788,CNP-1741275231777,No hubieron propuestas,11,null,0,15,0,0
2025-03-06 12:33:51.788,PA02,1741275231780,1741275231788,CNP-1741275231780,No hubieron propuestas,8,null,0,15,0,0
2025-03-06 12:33:51.788,PA05,1741275231780,1741275231788,CNP-1741275231780,No hubieron propuestas,8,null,0,15,0,0
2025-03-06 12:33:53.790,PA02,1741275233783,1741275233790,CNP-1741275233782,No hubieron propuestas,7,null,0,15,0,0
2025-03-06 12:33:53.790,PA01,1741275233779,1741275233790,CNP-1741275233779,No hubieron propuestas,11,null,0,15,0,0
2025-03-06 12:33:53.790,PA05,1741275233782,1741275233790,CNP-1741275233782,No hubieron propuestas,8,null,0,15,0,0
2025-03-06 12:33:55.795,PA01,1741275235790,1741275235795,CNP-1741275235790,No hubieron propuestas,5,null,0,15,0,0
2025-03-06 12:33:55.795,PA02,1741275235790,1741275235795,CNP-1741275235790,No hubieron propuestas,5,null,0,15,0,0
2025-03-06 12:33:55.795,PA05,1741275235790,1741275235795,CNP-1741275235790,No hubieron propuestas,5,null,0,15,0,0
2025-03-06 12:33:57.801,PA05,1741275237793,1741275237801,CNP-1741275237793,No hubieron propuestas,8,null,0,15,0,0
2025-03-06 12:33:57.801,PA02,1741275237791,1741275237801,CNP-1741275237791,No hubieron propuestas,10,null,0,15,0,0
2025-03-06 12:33:57.801,PA01,1741275237793,1741275237801,CNP-1741275237793,No hubieron propuestas,8,null,0,15,0,0
2025-03-06 12:33:59.806,PA05,1741275239797,1741275239806,CNP-1741275239797,No hubieron propuestas,9,null,0,15,0,0
2025-03-06 12:33:59.806,PA02,1741275239797,1741275239806,CNP-1741275239797,No hubieron propuestas,9,null,0,15,0,0
2025-03-06 12:33:59.807,PA01,1741275239797,1741275239807,CNP-1741275239797,No hubieron propuestas,10,null,0,15,0,0
2025-03-06 12:34:01.810,PA01,1741275241802,1741275241810,CNP-1741275241802,No hubieron propuestas,8,null,0,15,0,0
2025-03-06 12:34:01.810,PA05,1741275241802,1741275241810,CNP-1741275241802,No hubieron propuestas,8,null,0,15,0,0
2025-03-06 12:34:01.810,PA02,1741275241802,1741275241810,CNP-1741275241802,No hubieron propuestas,8,null,0,15,0,0
2025-03-06 12:34:03.821,PA01,1741275243811,1741275243821,CNP-1741275243811,No hubieron propuestas,10,null,0,15,0,0
2025-03-06 12:34:03.822,PA05,1741275243811,1741275243822,CNP-1741275243811,No hubieron propuestas,11,null,0,15,0,0
2025-03-06 12:34:03.822,PA02,1741275243811,1741275243822,CNP-1741275243811,No hubieron propuestas,11,null,0,15,0,0
2025-03-06 12:34:05.819,PA05,1741275245813,1741275245819,CNP-1741275245813,No hubieron propuestas,6,null,0,15,0,0
2025-03-06 12:34:05.819,PA01,1741275245812,1741275245819,CNP-1741275245812,No hubieron propuestas,7,null,0,15,0,0
2025-03-06 12:34:05.819,PA02,1741275245815,1741275245819,CNP-1741275245815,No hubieron propuestas,4,null,0,15,0,0
2025-03-06 12:34:07.828,PA02,1741275247821,1741275247828,CNP-1741275247821,No hubieron propuestas,7,null,0,15,0,0
2025-03-06 12:34:07.828,PA01,1741275247821,1741275247828,CNP-1741275247821,No hubieron propuestas,7,null,0,15,0,0
2025-03-06 12:34:07.828,PA05,1741275247821,1741275247828,CNP-1741275247821,No hubieron propuestas,7,null,0,15,0,0
2025-03-06 12:34:09.831,PA01,1741275249824,1741275249831,CNP-1741275249824,No hubieron propuestas,7,null,0,15,0,0
2025-03-06 12:34:09.831,PA02,1741275249826,1741275249831,CNP-1741275249825,No hubieron propuestas,5,null,0,15,0,0
2025-03-06 12:34:09.831,PA05,1741275249824,1741275249831,CNP-1741275249824,No hubieron propuestas,7,null,0,15,0,0
2025-03-06 12:34:11.837,PA01,1741275251829,1741275251837,CNP-1741275251829,No hubieron propuestas,8,null,0,15,0,0
2025-03-06 12:34:11.837,PA05,1741275251829,1741275251837,CNP-1741275251829,No hubieron propuestas,8,null,0,15,0,0
2025-03-06 12:34:11.838,PA02,1741275251830,1741275251838,CNP-1741275251829,No hubieron propuestas,8,null,0,15,0,0
2025-03-06 12:34:13.844,PA02,1741275253835,1741275253844,CNP-1741275253834,No hubieron propuestas,9,null,0,15,0,0
2025-03-06 12:34:13.844,PA01,1741275253835,1741275253844,CNP-1741275253834,No hubieron propuestas,9,null,0,15,0,0
2025-03-06 12:34:13.844,PA05,1741275253835,1741275253844,CNP-1741275253834,No hubieron propuestas,9,null,0,15,0,0
2025-03-06 12:34:15.845,PA02,1741275255838,1741275255845,CNP-1741275255837,No hubieron propuestas,7,null,0,15,0,0
2025-03-06 12:34:15.845,PA01,1741275255838,1741275255845,CNP-1741275255837,No hubieron propuestas,7,null,0,15,0,0
2025-03-06 12:34:15.845,PA05,1741275255839,1741275255845,CNP-1741275255839,No hubieron propuestas,6,null,0,15,0,0
2025-03-06 12:34:17.853,PA02,1741275257845,1741275257853,CNP-1741275257845,No hubieron propuestas,8,null,0,15,0,0
2025-03-06 12:34:17.853,PA05,1741275257846,1741275257853,CNP-1741275257845,No hubieron propuestas,7,null,0,15,0,0
2025-03-06 12:34:17.853,PA01,1741275257845,1741275257853,CNP-1741275257845,No hubieron propuestas,8,null,0,15,0,0
2025-03-06 12:34:19.854,PA02,1741275259847,1741275259854,CNP-1741275259847,No hubieron propuestas,7,null,0,15,0,0
2025-03-06 12:34:19.854,PA05,1741275259848,1741275259854,CNP-1741275259848,No hubieron propuestas,6,null,0,15,0,0
2025-03-06 12:34:19.854,PA01,1741275259850,1741275259854,CNP-1741275259850,No hubieron propuestas,4,null,0,15,0,0
2025-03-06 12:34:21.860,PA05,1741275261853,1741275261860,CNP-1741275261853,No hubieron propuestas,7,null,0,15,0,0
2025-03-06 12:34:21.860,PA02,1741275261853,1741275261860,CNP-1741275261853,No hubieron propuestas,7,null,0,15,0,0
2025-03-06 12:34:21.860,PA01,1741275261853,1741275261860,CNP-1741275261853,No hubieron propuestas,7,null,0,15,0,0
2025-03-06 12:34:23.861,PA01,1741275263857,1741275263861,CNP-1741275263857,No hubieron propuestas,4,null,0,15,0,0
2025-03-06 12:34:23.861,PA05,1741275263856,1741275263861,CNP-1741275263856,No hubieron propuestas,5,null,0,15,0,0
2025-03-06 12:34:23.861,PA02,1741275263854,1741275263861,CNP-1741275263854,No hubieron propuestas,7,null,0,15,0,0
2025-03-06 12:34:25.863,PA02,1741275265856,1741275265863,CNP-1741275265856,No hubieron propuestas,7,null,0,15,0,0
2025-03-06 12:34:25.863,PA05,1741275265858,1741275265863,CNP-1741275265858,No hubieron propuestas,5,null,0,15,0,0
2025-03-06 12:34:25.863,PA01,1741275265859,1741275265863,CNP-1741275265859,No hubieron propuestas,4,null,0,15,0,0
2025-03-06 12:34:27.875,PA02,1741275267867,1741275267875,CNP-1741275267866,No hubieron propuestas,8,null,0,15,0,0
2025-03-06 12:34:27.875,PA05,1741275267867,1741275267875,CNP-1741275267867,No hubieron propuestas,8,null,0,15,0,0
2025-03-06 12:34:27.875,PA01,1741275267867,1741275267875,CNP-1741275267867,No hubieron propuestas,8,null,0,15,0,0
2025-03-06 12:34:29.877,PA01,1741275269870,1741275269877,CNP-1741275269869,No hubieron propuestas,7,null,0,15,0,0
2025-03-06 12:34:29.877,PA02,1741275269870,1741275269877,CNP-1741275269869,No hubieron propuestas,7,null,0,15,0,0
2025-03-06 12:34:29.877,PA05,1741275269872,1741275269877,CNP-1741275269871,No hubieron propuestas,5,null,0,15,0,0
2025-03-06 12:34:31.885,PA01,1741275271878,1741275271885,CNP-1741275271877,No hubieron propuestas,7,null,0,15,0,0
2025-03-06 12:34:31.885,PA05,1741275271878,1741275271885,CNP-1741275271877,No hubieron propuestas,7,null,0,15,0,0
2025-03-06 12:34:31.885,PA02,1741275271878,1741275271885,CNP-1741275271877,No hubieron propuestas,7,null,0,15,0,0
2025-03-06 12:34:33.890,PA02,1741275273880,1741275273890,CNP-1741275273879,No hubieron propuestas,10,null,0,15,0,0
2025-03-06 12:34:33.890,PA01,1741275273882,1741275273890,CNP-1741275273881,No hubieron propuestas,8,null,0,15,0,0
2025-03-06 12:34:33.890,PA05,1741275273881,1741275273890,CNP-1741275273881,No hubieron propuestas,9,null,0,15,0,0
2025-03-06 12:34:35.892,PA01,1741275275885,1741275275892,CNP-1741275275885,No hubieron propuestas,7,null,0,15,0,0
2025-03-06 12:34:35.892,PA05,1741275275885,1741275275892,CNP-1741275275885,No hubieron propuestas,7,null,0,15,0,0
2025-03-06 12:34:35.892,PA02,1741275275885,1741275275892,CNP-1741275275885,No hubieron propuestas,7,null,0,15,0,0
2025-03-06 12:34:37.897,PA02,1741275277893,1741275277897,CNP-1741275277893,No hubieron propuestas,4,null,0,15,0,0
2025-03-06 12:34:37.897,PA05,1741275277893,1741275277897,CNP-1741275277893,No hubieron propuestas,4,null,0,15,0,0
2025-03-06 12:34:37.897,PA01,1741275277886,1741275277897,CNP-1741275277886,No hubieron propuestas,11,null,0,15,0,0
2025-03-06 12:34:39.892,PA01,1741275279888,1741275279892,CNP-1741275279888,No hubieron propuestas,4,null,0,15,0,0
2025-03-06 12:34:39.901,PA02,1741275279896,1741275279901,CNP-1741275279896,No hubieron propuestas,5,null,0,15,0,0
2025-03-06 12:34:39.901,PA05,1741275279894,1741275279901,CNP-1741275279894,No hubieron propuestas,7,null,0,15,0,0
2025-03-06 12:34:41.898,PA01,1741275281894,1741275281898,CNP-1741275281894,No hubieron propuestas,4,null,0,15,0,0
2025-03-06 12:34:41.902,PA02,1741275281898,1741275281902,CNP-1741275281898,No hubieron propuestas,4,null,0,15,0,0
2025-03-06 12:34:41.902,PA05,1741275281898,1741275281902,CNP-1741275281898,No hubieron propuestas,4,null,0,15,0,0
2025-03-06 12:34:43.907,PA01,1741275283900,1741275283907,CNP-1741275283900,No hubieron propuestas,7,null,0,15,0,0
2025-03-06 12:34:43.907,PA02,1741275283900,1741275283907,CNP-1741275283900,No hubieron propuestas,7,null,0,15,0,0
2025-03-06 12:34:43.907,PA05,1741275283902,1741275283907,CNP-1741275283902,No hubieron propuestas,5,null,0,15,0,0
2025-03-06 12:34:45.911,PA01,1741275285903,1741275285911,CNP-1741275285903,No hubieron propuestas,8,null,0,15,0,0
2025-03-06 12:34:45.911,PA02,1741275285903,1741275285911,CNP-1741275285903,No hubieron propuestas,8,null,0,15,0,0
2025-03-06 12:34:45.911,PA05,1741275285903,1741275285911,CNP-1741275285903,No hubieron propuestas,8,null,0,15,0,0
2025-03-06 12:34:47.921,PA02,1741275287913,1741275287921,CNP-1741275287913,No hubieron propuestas,8,null,0,15,0,0
2025-03-06 12:34:47.921,PA01,1741275287913,1741275287921,CNP-1741275287913,No hubieron propuestas,8,null,0,15,0,0
2025-03-06 12:34:47.921,PA05,1741275287913,1741275287921,CNP-1741275287913,No hubieron propuestas,8,null,0,15,0,0
2025-03-06 12:34:49.923,PA02,1741275289915,1741275289923,CNP-1741275289915,No hubieron propuestas,8,null,0,15,0,0
2025-03-06 12:34:49.923,PA01,1741275289915,1741275289923,CNP-1741275289915,No hubieron propuestas,8,null,0,15,0,0
2025-03-06 12:34:49.923,PA05,1741275289917,1741275289923,CNP-1741275289917,No hubieron propuestas,6,null,0,15,0,0
2025-03-06 12:34:51.929,PA05,1741275291921,1741275291929,CNP-1741275291921,No hubieron propuestas,8,null,0,15,0,0
2025-03-06 12:34:51.929,PA01,1741275291921,1741275291929,CNP-1741275291921,No hubieron propuestas,8,null,0,15,0,0
2025-03-06 12:34:51.929,PA02,1741275291921,1741275291929,CNP-1741275291921,No hubieron propuestas,8,null,0,15,0,0
2025-03-06 12:34:53.934,PA05,1741275293926,1741275293934,CNP-1741275293925,No hubieron propuestas,8,null,0,15,0,0
2025-03-06 12:34:53.934,PA02,1741275293926,1741275293933,CNP-1741275293925,No hubieron propuestas,7,null,0,15,0,0
2025-03-06 12:34:53.934,PA01,1741275293926,1741275293934,CNP-1741275293925,No hubieron propuestas,8,null,0,15,0,0
2025-03-06 12:34:55.935,PA02,1741275295929,1741275295935,CNP-1741275295929,No hubieron propuestas,6,null,0,15,0,0
2025-03-06 12:34:55.935,PA05,1741275295928,1741275295935,CNP-1741275295927,No hubieron propuestas,7,null,0,15,0,0
2025-03-06 12:34:55.935,PA01,1741275295930,1741275295935,CNP-1741275295929,No hubieron propuestas,5,null,0,15,0,0
2025-03-06 12:34:57.941,PA01,1741275297933,1741275297941,CNP-1741275297933,No hubieron propuestas,8,null,0,15,0,0
2025-03-06 12:34:57.941,PA05,1741275297933,1741275297941,CNP-1741275297933,No hubieron propuestas,8,null,0,15,0,0
2025-03-06 12:34:57.941,PA02,1741275297933,1741275297941,CNP-1741275297933,No hubieron propuestas,8,null,0,15,0,0
2025-03-06 12:34:59.943,PA01,1741275299937,1741275299943,CNP-1741275299937,No hubieron propuestas,6,null,0,15,0,0
2025-03-06 12:34:59.943,PA02,1741275299936,1741275299943,CNP-1741275299935,No hubieron propuestas,7,null,0,15,0,0
2025-03-06 12:34:59.943,PA05,1741275299937,1741275299943,CNP-1741275299937,No hubieron propuestas,6,null,0,15,0,0
2025-03-06 12:35:01.954,PA02,1741275301944,1741275301954,CNP-1741275301944,No hubieron propuestas,10,null,0,15,0,0
2025-03-06 12:35:01.954,PA05,1741275301944,1741275301954,CNP-1741275301944,No hubieron propuestas,10,null,0,15,0,0
2025-03-06 12:35:01.954,PA01,1741275301944,1741275301954,CNP-1741275301944,No hubieron propuestas,10,null,0,15,0,0
2025-03-06 12:35:03.954,PA01,1741275303945,1741275303954,CNP-1741275303945,No hubieron propuestas,9,null,0,15,0,0
2025-03-06 12:35:03.954,PA02,1741275303947,1741275303954,CNP-1741275303947,No hubieron propuestas,7,null,0,15,0,0
2025-03-06 12:35:03.954,PA05,1741275303947,1741275303954,CNP-1741275303947,No hubieron propuestas,7,null,0,15,0,0
2025-03-06 12:35:05.956,PA01,1741275305948,1741275305956,CNP-1741275305947,No hubieron propuestas,8,null,0,15,0,0
2025-03-06 12:35:05.957,PA02,1741275305950,1741275305957,CNP-1741275305949,No hubieron propuestas,7,null,0,15,0,0
2025-03-06 12:35:05.957,PA05,1741275305949,1741275305957,CNP-1741275305949,No hubieron propuestas,8,null,0,15,0,0
2025-03-06 12:35:07.959,PA05,1741275307954,1741275307959,CNP-1741275307954,No hubieron propuestas,5,null,0,15,0,0
2025-03-06 12:35:07.959,PA01,1741275307951,1741275307959,CNP-1741275307950,No hubieron propuestas,8,null,0,15,0,0
2025-03-06 12:35:07.959,PA02,1741275307952,1741275307959,CNP-1741275307952,No hubieron propuestas,7,null,0,15,0,0
2025-03-06 12:35:09.963,PA01,1741275309954,1741275309963,CNP-1741275309954,No hubieron propuestas,9,null,0,15,0,0
2025-03-06 12:35:09.963,PA05,1741275309956,1741275309963,CNP-1741275309956,No hubieron propuestas,7,null,0,15,0,0
2025-03-06 12:35:09.963,PA02,1741275309956,1741275309963,CNP-1741275309956,No hubieron propuestas,7,null,0,15,0,0
2025-03-06 12:35:11.974,PA02,1741275311964,1741275311974,CNP-1741275311964,No hubieron propuestas,10,null,0,15,0,0
2025-03-06 12:35:11.974,PA01,1741275311964,1741275311974,CNP-1741275311964,No hubieron propuestas,10,null,0,15,0,0
2025-03-06 12:35:11.974,PA05,1741275311964,1741275311974,CNP-1741275311964,No hubieron propuestas,10,null,0,15,0,0
2025-03-06 12:35:13.977,PA05,1741275313966,1741275313977,CNP-1741275313966,No hubieron propuestas,11,null,0,15,0,0
2025-03-06 12:35:13.977,PA01,1741275313966,1741275313977,CNP-1741275313966,No hubieron propuestas,11,null,0,15,0,0
2025-03-06 12:35:13.977,PA02,1741275313968,1741275313977,CNP-1741275313968,No hubieron propuestas,9,null,0,15,0,0
2025-03-06 12:35:15.980,PA01,1741275315969,1741275315980,CNP-1741275315969,No hubieron propuestas,11,null,0,15,0,0
2025-03-06 12:35:15.981,PA02,1741275315969,1741275315981,CNP-1741275315969,No hubieron propuestas,12,null,0,15,0,0
2025-03-06 12:35:15.981,PA05,1741275315969,1741275315981,CNP-1741275315969,No hubieron propuestas,12,null,0,15,0,0
2025-03-06 12:35:17.985,PA05,1741275317975,1741275317985,CNP-1741275317974,No hubieron propuestas,10,null,0,15,0,0
2025-03-06 12:35:17.985,PA02,1741275317975,1741275317985,CNP-1741275317974,No hubieron propuestas,10,null,0,15,0,0
2025-03-06 12:35:17.986,PA01,1741275317975,1741275317986,CNP-1741275317974,No hubieron propuestas,11,null,0,15,0,0
2025-03-06 12:35:19.992,PA05,1741275319979,1741275319992,CNP-1741275319979,No hubieron propuestas,13,null,0,15,0,0
2025-03-06 12:35:19.992,PA02,1741275319979,1741275319992,CNP-1741275319979,No hubieron propuestas,13,null,0,15,0,0
2025-03-06 12:35:19.993,PA01,1741275319982,1741275319993,CNP-1741275319981,No hubieron propuestas,11,null,0,15,0,0
2025-03-06 12:35:21.992,PA02,1741275321984,1741275321992,CNP-1741275321984,No hubieron propuestas,8,null,0,15,0,0
2025-03-06 12:35:21.992,PA05,1741275321981,1741275321992,CNP-1741275321981,No hubieron propuestas,11,null,0,15,0,0
2025-03-06 12:35:21.992,PA01,1741275321984,1741275321992,CNP-1741275321984,No hubieron propuestas,8,null,0,15,0,0
2025-03-06 12:35:23.995,PA02,1741275323986,1741275323995,CNP-1741275323986,No hubieron propuestas,9,null,0,15,0,0
2025-03-06 12:35:23.995,PA05,1741275323983,1741275323995,CNP-1741275323983,No hubieron propuestas,12,null,0,15,0,0
2025-03-06 12:35:23.995,PA01,1741275323987,1741275323995,CNP-1741275323986,No hubieron propuestas,8,null,0,15,0,0
2025-03-06 12:35:26.007,PA05,1741275325994,1741275326007,CNP-1741275325994,No hubieron propuestas,13,null,0,15,0,0
2025-03-06 12:35:26.007,PA02,1741275325994,1741275326007,CNP-1741275325994,No hubieron propuestas,13,null,0,15,0,0
2025-03-06 12:35:26.007,PA01,1741275325994,1741275326007,CNP-1741275325994,No hubieron propuestas,13,null,0,15,0,0
2025-03-06 12:35:28.009,PA05,1741275327997,1741275328009,CNP-1741275327997,No hubieron propuestas,12,null,0,15,0,0
2025-03-06 12:35:28.009,PA02,1741275327997,1741275328009,CNP-1741275327997,No hubieron propuestas,12,null,0,15,0,0
2025-03-06 12:35:28.010,PA01,1741275327997,1741275328010,CNP-1741275327997,No hubieron propuestas,13,null,0,15,0,0
2025-03-06 12:35:30.015,PA05,1741275330004,1741275330014,CNP-1741275330003,No hubieron propuestas,10,null,0,15,0,0
2025-03-06 12:35:30.015,PA01,1741275330004,1741275330014,CNP-1741275330003,No hubieron propuestas,10,null,0,15,0,0
2025-03-06 12:35:30.015,PA02,1741275330004,1741275330015,CNP-1741275330003,No hubieron propuestas,11,null,0,15,0,0
2025-03-06 12:35:32.025,PA02,1741275332009,1741275332025,CNP-1741275332008,No hubieron propuestas,16,null,0,15,0,0
2025-03-06 12:35:32.025,PA01,1741275332009,1741275332025,CNP-1741275332008,No hubieron propuestas,16,null,0,15,0,0
2025-03-06 12:35:32.025,PA05,1741275332009,1741275332025,CNP-1741275332008,No hubieron propuestas,16,null,0,15,0,0
2025-03-06 12:35:34.027,PA02,1741275334014,1741275334027,CNP-1741275334013,No hubieron propuestas,13,null,0,15,0,0
2025-03-06 12:35:34.027,PA01,1741275334014,1741275334027,CNP-1741275334013,No hubieron propuestas,13,null,0,15,0,0
2025-03-06 12:35:34.028,PA05,1741275334017,1741275334028,CNP-1741275334017,No hubieron propuestas,11,null,0,15,0,0
2025-03-06 12:35:36.031,PA02,1741275336016,1741275336031,CNP-1741275336016,No hubieron propuestas,15,null,0,15,0,0
2025-03-06 12:35:36.031,PA05,1741275336019,1741275336031,CNP-1741275336019,No hubieron propuestas,12,null,0,15,0,0
2025-03-06 12:35:36.031,PA01,1741275336016,1741275336031,CNP-1741275336016,No hubieron propuestas,15,null,0,15,0,0
2025-03-06 12:35:38.033,PA02,1741275338018,1741275338033,CNP-1741275338018,No hubieron propuestas,15,null,0,15,0,0
2025-03-06 12:35:38.033,PA05,1741275338020,1741275338033,CNP-1741275338020,No hubieron propuestas,13,null,0,15,0,0
2025-03-06 12:35:38.034,PA01,1741275338023,1741275338034,CNP-1741275338023,No hubieron propuestas,11,null,0,15,0,0
2025-03-06 12:35:40.057,PA02,1741275340029,1741275340057,CNP-1741275340028,No hubieron propuestas,28,null,0,15,0,0
2025-03-06 12:35:40.057,PA05,1741275340029,1741275340057,CNP-1741275340028,No hubieron propuestas,28,null,0,15,0,0
2025-03-06 12:35:40.057,PA01,1741275340029,1741275340057,CNP-1741275340028,No hubieron propuestas,28,null,0,15,0,0
2025-03-06 12:35:42.050,PA02,1741275342031,1741275342050,CNP-1741275342031,No hubieron propuestas,19,null,0,15,0,0
2025-03-06 12:35:42.050,PA01,1741275342031,1741275342050,CNP-1741275342031,No hubieron propuestas,19,null,0,15,0,0
2025-03-06 12:35:42.051,PA05,1741275342036,1741275342051,CNP-1741275342036,No hubieron propuestas,15,null,0,15,0,0
2025-03-06 12:35:44.058,PA01,1741275344042,1741275344058,CNP-1741275344041,No hubieron propuestas,16,null,0,15,0,0
2025-03-06 12:35:44.058,PA05,1741275344042,1741275344058,CNP-1741275344041,No hubieron propuestas,16,null,0,15,0,0
2025-03-06 12:35:44.058,PA02,1741275344042,1741275344058,CNP-1741275344042,No hubieron propuestas,16,null,0,15,0,0
2025-03-06 12:35:46.058,PA01,1741275346044,1741275346058,CNP-1741275346044,No hubieron propuestas,14,null,0,15,0,0
2025-03-06 12:35:46.058,PA02,1741275346044,1741275346058,CNP-1741275346044,No hubieron propuestas,14,null,0,15,0,0
2025-03-06 12:35:46.058,PA05,1741275346053,1741275346058,CNP-1741275346053,No hubieron propuestas,5,null,0,15,0,0
2025-03-06 12:35:48.063,PA02,1741275348050,1741275348063,CNP-1741275348050,No hubieron propuestas,13,null,0,15,0,0
2025-03-06 12:35:48.063,PA01,1741275348046,1741275348062,CNP-1741275348045,No hubieron propuestas,16,null,0,15,0,0
2025-03-06 12:35:48.063,PA05,1741275348056,1741275348063,CNP-1741275348056,No hubieron propuestas,7,null,0,15,0,0
2025-03-06 12:35:50.072,PA02,1741275350055,1741275350072,CNP-1741275350055,No hubieron propuestas,17,null,0,15,0,0
2025-03-06 12:35:50.072,PA01,1741275350055,1741275350072,CNP-1741275350055,No hubieron propuestas,17,null,0,15,0,0
2025-03-06 12:35:50.072,PA05,1741275350060,1741275350072,CNP-1741275350060,No hubieron propuestas,12,null,0,15,0,0
2025-03-06 12:35:52.075,PA02,1741275352062,1741275352075,CNP-1741275352062,No hubieron propuestas,13,null,0,15,0,0
2025-03-06 12:35:52.075,PA05,1741275352062,1741275352075,CNP-1741275352062,No hubieron propuestas,13,null,0,15,0,0
2025-03-06 12:35:52.075,PA01,1741275352062,1741275352075,CNP-1741275352062,No hubieron propuestas,13,null,0,15,0,0
2025-03-06 12:35:54.087,PA01,1741275354072,1741275354087,CNP-1741275354071,No hubieron propuestas,15,null,0,15,0,0
2025-03-06 12:35:54.087,PA05,1741275354072,1741275354087,CNP-1741275354071,No hubieron propuestas,15,null,0,15,0,0
2025-03-06 12:35:54.087,PA02,1741275354072,1741275354087,CNP-1741275354071,No hubieron propuestas,15,null,0,15,0,0
2025-03-06 12:35:56.089,PA01,1741275356074,1741275356089,CNP-1741275356074,No hubieron propuestas,15,null,0,15,0,0
2025-03-06 12:35:56.089,PA05,1741275356074,1741275356089,CNP-1741275356074,No hubieron propuestas,15,null,0,15,0,0
2025-03-06 12:35:56.089,PA02,1741275356083,1741275356089,CNP-1741275356083,No hubieron propuestas,6,null,0,15,0,0
2025-03-06 12:35:58.097,PA05,1741275358081,1741275358097,CNP-1741275358080,No hubieron propuestas,16,null,0,15,0,0
2025-03-06 12:35:58.097,PA01,1741275358081,1741275358097,CNP-1741275358080,No hubieron propuestas,16,null,0,15,0,0
2025-03-06 12:35:58.097,PA02,1741275358089,1741275358097,CNP-1741275358089,No hubieron propuestas,8,null,0,15,0,0
2025-03-06 12:36:00.097,PA05,1741275360083,1741275360097,CNP-1741275360083,No hubieron propuestas,14,null,0,15,0,0
2025-03-06 12:36:00.097,PA01,1741275360083,1741275360097,CNP-1741275360083,No hubieron propuestas,14,null,0,15,0,0
2025-03-06 12:36:00.097,PA02,1741275360091,1741275360097,CNP-1741275360091,No hubieron propuestas,6,null,0,15,0,0
2025-03-06 12:36:02.107,PA02,1741275362096,1741275362107,CNP-1741275362096,No hubieron propuestas,11,null,0,15,0,0
2025-03-06 12:36:02.107,PA01,1741275362091,1741275362107,CNP-1741275362091,No hubieron propuestas,16,null,0,15,0,0
2025-03-06 12:36:02.107,PA05,1741275362091,1741275362107,CNP-1741275362091,No hubieron propuestas,16,null,0,15,0,0
2025-03-06 12:36:04.111,PA01,1741275364096,1741275364111,CNP-1741275364096,No hubieron propuestas,15,null,0,15,0,0
2025-03-06 12:36:04.111,PA05,1741275364096,1741275364111,CNP-1741275364096,No hubieron propuestas,15,null,0,15,0,0
2025-03-06 12:36:04.111,PA02,1741275364100,1741275364111,CNP-1741275364100,No hubieron propuestas,11,null,0,15,0,0
2025-03-06 12:36:06.119,PA01,1741275366102,1741275366119,CNP-1741275366102,No hubieron propuestas,17,null,0,15,0,0
2025-03-06 12:36:06.119,PA02,1741275366102,1741275366119,CNP-1741275366102,No hubieron propuestas,17,null,0,15,0,0
2025-03-06 12:36:06.119,PA05,1741275366102,1741275366119,CNP-1741275366102,No hubieron propuestas,17,null,0,15,0,0
2025-03-06 12:36:08.118,PA02,1741275368104,1741275368118,CNP-1741275368104,No hubieron propuestas,14,null,0,15,0,0
2025-03-06 12:36:08.119,PA01,1741275368104,1741275368119,CNP-1741275368104,No hubieron propuestas,15,null,0,15,0,0
2025-03-06 12:36:08.119,PA05,1741275368111,1741275368119,CNP-1741275368111,No hubieron propuestas,8,null,0,15,0,0
2025-03-06 12:36:10.129,PA02,1741275370114,1741275370129,CNP-1741275370114,No hubieron propuestas,15,null,0,15,0,0
2025-03-06 12:36:10.129,PA05,1741275370114,1741275370129,CNP-1741275370114,No hubieron propuestas,15,null,0,15,0,0
2025-03-06 12:36:10.129,PA01,1741275370114,1741275370129,CNP-1741275370114,No hubieron propuestas,15,null,0,15,0,0
2025-03-06 12:36:12.131,PA05,1741275372122,1741275372131,CNP-1741275372122,No hubieron propuestas,9,null,0,15,0,0
2025-03-06 12:36:12.131,PA01,1741275372122,1741275372131,CNP-1741275372122,No hubieron propuestas,9,null,0,15,0,0
2025-03-06 12:36:12.131,PA02,1741275372116,1741275372131,CNP-1741275372116,No hubieron propuestas,15,null,0,15,0,0
2025-03-06 12:36:14.140,PA01,1741275374125,1741275374140,CNP-1741275374125,No hubieron propuestas,15,null,0,15,0,0
2025-03-06 12:36:14.140,PA05,1741275374125,1741275374140,CNP-1741275374125,No hubieron propuestas,15,null,0,15,0,0
2025-03-06 12:36:14.141,PA02,1741275374125,1741275374141,CNP-1741275374125,No hubieron propuestas,16,null,0,15,0,0
2025-03-06 12:36:16.150,PA02,1741275376134,1741275376150,CNP-1741275376133,No hubieron propuestas,16,null,0,15,0,0
2025-03-06 12:36:16.150,PA01,1741275376134,1741275376150,CNP-1741275376133,No hubieron propuestas,16,null,0,15,0,0
2025-03-06 12:36:16.150,PA05,1741275376134,1741275376150,CNP-1741275376133,No hubieron propuestas,16,null,0,15,0,0
2025-03-06 12:36:18.151,PA05,1741275378141,1741275378151,CNP-1741275378141,No hubieron propuestas,10,null,0,15,0,0
2025-03-06 12:36:18.151,PA01,1741275378135,1741275378151,CNP-1741275378135,No hubieron propuestas,16,null,0,15,0,0
2025-03-06 12:36:18.151,PA02,1741275378141,1741275378151,CNP-1741275378141,No hubieron propuestas,10,null,0,15,0,0
2025-03-06 12:36:20.156,PA01,1741275380140,1741275380155,CNP-1741275380139,No hubieron propuestas,15,null,0,15,0,0
2025-03-06 12:36:20.156,PA05,1741275380144,1741275380156,CNP-1741275380144,No hubieron propuestas,12,null,0,15,0,0
2025-03-06 12:36:20.156,PA02,1741275380144,1741275380156,CNP-1741275380144,No hubieron propuestas,12,null,0,15,0,0
2025-03-06 12:36:22.162,PA01,1741275382142,1741275382161,CNP-1741275382142,No hubieron propuestas,19,null,0,15,0,0
2025-03-06 12:36:22.162,PA02,1741275382148,1741275382162,CNP-1741275382148,No hubieron propuestas,14,null,0,15,0,0
2025-03-06 12:36:22.162,PA05,1741275382147,1741275382162,CNP-1741275382146,No hubieron propuestas,15,null,0,15,0,0
2025-03-06 12:36:24.168,PA01,1741275384153,1741275384168,CNP-1741275384153,No hubieron propuestas,15,null,0,15,0,0
2025-03-06 12:36:24.168,PA02,1741275384153,1741275384168,CNP-1741275384153,No hubieron propuestas,15,null,0,15,0,0
2025-03-06 12:36:24.168,PA05,1741275384153,1741275384168,CNP-1741275384153,No hubieron propuestas,15,null,0,15,0,0
2025-03-06 12:36:26.172,PA01,1741275386163,1741275386172,CNP-1741275386163,No hubieron propuestas,9,null,0,15,0,0
2025-03-06 12:36:26.172,PA05,1741275386157,1741275386172,CNP-1741275386156,No hubieron propuestas,15,null,0,15,0,0
2025-03-06 12:36:26.172,PA02,1741275386157,1741275386172,CNP-1741275386156,No hubieron propuestas,15,null,0,15,0,0
2025-03-06 12:36:28.180,PA05,1741275388163,1741275388180,CNP-1741275388163,No hubieron propuestas,17,null,0,15,0,0
2025-03-06 12:36:28.180,PA02,1741275388163,1741275388180,CNP-1741275388163,No hubieron propuestas,17,null,0,15,0,0
2025-03-06 12:36:28.181,PA01,1741275388166,1741275388180,CNP-1741275388165,No hubieron propuestas,14,null,0,15,0,0
2025-03-06 12:36:30.193,PA01,1741275390178,1741275390193,CNP-1741275390178,No hubieron propuestas,15,null,0,15,0,0
2025-03-06 12:36:30.193,PA05,1741275390174,1741275390193,CNP-1741275390174,No hubieron propuestas,19,null,0,15,0,0
2025-03-06 12:36:30.194,PA02,1741275390174,1741275390194,CNP-1741275390174,recibi inform. ganador acepto,20,Truck5,1,14,1,0
2025-03-06 12:36:32.194,PA01,1741275392181,1741275392194,CNP-1741275392181,No hubieron propuestas,13,null,0,15,0,0
2025-03-06 12:36:32.194,PA05,1741275392181,1741275392194,CNP-1741275392181,No hubieron propuestas,13,null,0,15,0,0
2025-03-06 12:36:34.202,PA05,1741275394189,1741275394202,CNP-1741275394188,No hubieron propuestas,13,null,0,15,0,0
2025-03-06 12:36:34.202,PA01,1741275394189,1741275394202,CNP-1741275394188,No hubieron propuestas,13,null,0,15,0,0
2025-03-06 12:36:36.214,PA01,1741275396199,1741275396214,CNP-1741275396199,No hubieron propuestas,15,null,0,15,0,0
2025-03-06 12:36:36.214,PA05,1741275396199,1741275396214,CNP-1741275396199,No hubieron propuestas,15,null,0,15,0,0
2025-03-06 12:36:38.220,PA01,1741275398206,1741275398220,CNP-1741275398206,No hubieron propuestas,14,null,0,15,0,0
2025-03-06 12:36:38.220,PA05,1741275398206,1741275398220,CNP-1741275398206,No hubieron propuestas,14,null,0,15,0,0
2025-03-06 12:36:40.223,PA01,1741275400211,1741275400223,CNP-1741275400210,No hubieron propuestas,12,null,0,15,0,0
2025-03-06 12:36:40.223,PA05,1741275400211,1741275400223,CNP-1741275400210,No hubieron propuestas,12,null,0,15,0,0
2025-03-06 12:36:42.227,PA05,1741275402212,1741275402227,CNP-1741275402212,No hubieron propuestas,15,null,0,15,0,0
2025-03-06 12:36:42.227,PA01,1741275402218,1741275402227,CNP-1741275402218,No hubieron propuestas,9,null,0,15,0,0
2025-03-06 12:36:44.236,PA01,1741275404223,1741275404236,CNP-1741275404223,No hubieron propuestas,13,null,0,15,0,0
2025-03-06 12:36:44.236,PA05,1741275404223,1741275404236,CNP-1741275404223,No hubieron propuestas,13,null,0,15,0,0
2025-03-06 12:36:46.240,PA05,1741275406227,1741275406240,CNP-1741275406227,No hubieron propuestas,13,null,0,15,0,0
2025-03-06 12:36:46.240,PA01,1741275406236,1741275406240,CNP-1741275406236,No hubieron propuestas,4,null,0,15,0,0
2025-03-06 12:36:48.252,PA05,1741275408237,1741275408252,CNP-1741275408237,No hubieron propuestas,15,null,0,15,0,0
2025-03-06 12:36:48.252,PA01,1741275408237,1741275408252,CNP-1741275408237,No hubieron propuestas,15,null,0,15,0,0
2025-03-06 12:36:50.254,PA01,1741275410242,1741275410254,CNP-1741275410242,No hubieron propuestas,12,null,0,15,0,0
2025-03-06 12:36:50.254,PA05,1741275410242,1741275410254,CNP-1741275410242,No hubieron propuestas,12,null,0,15,0,0
2025-03-06 12:36:52.268,PA05,1741275412253,1741275412268,CNP-1741275412253,No hubieron propuestas,15,null,0,15,0,0
2025-03-06 12:36:52.268,PA01,1741275412253,1741275412268,CNP-1741275412253,No hubieron propuestas,15,null,0,15,0,0
2025-03-06 12:36:54.273,PA05,1741275414262,1741275414273,CNP-1741275414261,No hubieron propuestas,11,null,0,15,0,0
2025-03-06 12:36:54.273,PA01,1741275414262,1741275414273,CNP-1741275414261,No hubieron propuestas,11,null,0,15,0,0
2025-03-06 12:36:56.285,PA05,1741275416272,1741275416285,CNP-1741275416272,No hubieron propuestas,13,null,0,15,0,0
2025-03-06 12:36:56.285,PA01,1741275416272,1741275416285,CNP-1741275416272,No hubieron propuestas,13,null,0,15,0,0
2025-03-06 12:36:58.285,PA05,1741275418280,1741275418285,CNP-1741275418280,No hubieron propuestas,5,null,0,15,0,0
2025-03-06 12:36:58.286,PA01,1741275418274,1741275418286,CNP-1741275418274,No hubieron propuestas,12,null,0,15,0,0
2025-03-06 12:37:00.296,PA05,1741275420282,1741275420296,CNP-1741275420281,No hubieron propuestas,14,null,0,15,0,0
2025-03-06 12:37:00.296,PA01,1741275420282,1741275420296,CNP-1741275420281,recibi inform. ganador acepto,14,Truck4,1,14,1,0
2025-03-06 12:37:02.304,PA05,1741275422292,1741275422304,CNP-1741275422291,No hubieron propuestas,12,null,0,15,0,0
2025-03-06 12:37:04.303,PA05,1741275424295,1741275424303,CNP-1741275424295,No hubieron propuestas,8,null,0,15,0,0
2025-03-06 12:37:06.313,PA05,1741275426302,1741275426313,CNP-1741275426301,No hubieron propuestas,11,null,0,15,0,0
2025-03-06 12:37:08.321,PA05,1741275428312,1741275428321,CNP-1741275428311,No hubieron propuestas,9,null,0,15,0,0
2025-03-06 12:37:10.327,PA05,1741275430317,1741275430327,CNP-1741275430316,No hubieron propuestas,10,null,0,15,0,0
2025-03-06 12:37:12.328,PA05,1741275432322,1741275432328,CNP-1741275432322,No hubieron propuestas,6,null,0,15,0,0
2025-03-06 12:37:14.342,PA05,1741275434333,1741275434342,CNP-1741275434333,recibi inform. ganador acepto,9,Truck11,1,14,1,0
